Workbook

Sheet Summary
A1: # | B1: trade | C1: date initiated | D1: Col | E1: live pnl
A2: 41b | B2: SUBFIN S45 vs SX5E | C2: {=INDIRECT("'" & A2 & "'!A14")} -> 46176 | D2: I | E2: {=_xlfn.LET(_xlpm.r,INDIRECT("'" & A2 & "'!" & D2 & ":" & D2),LOOKUP(2,1/(ISNUMBER(_xlpm.r)),_xlpm.r))} -> 523297.57
A3: 41c | B3: SNRFIN S45 vs SX7E | C3: {=INDIRECT("'" & A3 & "'!A14")} -> 46181 | D3: I | E3: {=_xlfn.LET(_xlpm.r,INDIRECT("'" & A3 & "'!" & D3 & ":" & D3),LOOKUP(2,1/(ISNUMBER(_xlpm.r)),_xlpm.r))} -> 509645.88
A4: 44a | B4: HSBC vs Main | C4: {=INDIRECT("'" & A4 & "'!A14")} -> 46176.625 | D4: H | E4: {=_xlfn.LET(_xlpm.r,INDIRECT("'" & A4 & "'!" & D4 & ":" & D4),LOOKUP(2,1/(ISNUMBER(_xlpm.r)),_xlpm.r))} -> -50756.01
A5: 44b | B5: HSBC Basis | C5: {=INDIRECT("'" & A5 & "'!A14")} -> 46176.625 | D5: H | E5: {=_xlfn.LET(_xlpm.r,INDIRECT("'" & A5 & "'!" & D5 & ":" & D5),LOOKUP(2,1/(ISNUMBER(_xlpm.r)),_xlpm.r))} -> -142630.32
A6: 50 | B6: GOOGL Curve | C6: {=INDIRECT("'" & A6 & "'!A14")} -> 46174.625 | D6: H | E6: {=_xlfn.LET(_xlpm.r,INDIRECT("'" & A6 & "'!" & D6 & ":" & D6),LOOKUP(2,1/(ISNUMBER(_xlpm.r)),_xlpm.r))} -> -37117.274
A7: 51 | B7: Brazil Steepener | C7: {=INDIRECT("'" & A7 & "'!A14")} -> 46174.625 | D7: H | E7: {=_xlfn.LET(_xlpm.r,INDIRECT("'" & A7 & "'!" & D7 & ":" & D7),LOOKUP(2,1/(ISNUMBER(_xlpm.r)),_xlpm.r))} -> -49242.999
A8: 52 | B8: SUBFIN vs EUR GS | C8: {=INDIRECT("'" & A8 & "'!A14")} -> 46176.625 | D8: H | E8: {=_xlfn.LET(_xlpm.r,INDIRECT("'" & A8 & "'!" & D8 & ":" & D8),LOOKUP(2,1/(ISNUMBER(_xlpm.r)),_xlpm.r))} -> 8731.064
A9: 54 | B9: IEAC Sprd vs SX5E Puts | C9: {=INDIRECT("'" & A9 & "'!A14")} -> 46189 | D9: L | E9: {=_xlfn.LET(_xlpm.r,INDIRECT("'" & A9 & "'!" & D9 & ":" & D9),LOOKUP(2,1/(ISNUMBER(_xlpm.r)),_xlpm.r))} -> -98055.291
A10: 55 | B10: EUR HY Basis | C10: {=INDIRECT("'" & A10 & "'!A14")} -> 46190 | D10: L | E10: {=_xlfn.LET(_xlpm.r,INDIRECT("'" & A10 & "'!" & D10 & ":" & D10),LOOKUP(2,1/(ISNUMBER(_xlpm.r)),_xlpm.r))} -> 42592.482

Sheet Dividends
A1: DIVIDEND HISTORY (live BDS — Bloomberg, Ex-Date + Amount)
A3: EMB | D3: VCIT | G3: IHYG | J3: IEAC | M3: HYG | P3: LQD | S3: BKLN
A4: EMB US EQUITY | D4: VCIT US EQUITY | G4: IHYG LN EQUITY | J4: IEAC LN EQUITY | M4: HYG US EQUITY | P4: LQD US EQUITY | S4: BKLN US EQUITY
A5: Ex-Date | B5: Amount | D5: Ex-Date | E5: Amount | G5: Ex-Date | H5: Amount | J5: Ex-Date | K5: Amount | M5: Ex-Date | N5: Amount | P5: Ex-Date | Q5: Amount | S5: Ex-Date | T5: Amount
A6: {=_xlfn.CHOOSECOLS(_xll.BDS($A$4,"DVD_HIST_ALL","DVD_START_DT=20240101","DVD_END_DT=20351231","HEADERS=N"),2,5)} -> 46174 | B6: 0.407041 | D6: {=_xlfn.CHOOSECOLS(_xll.BDS($D$4,"DVD_HIST_ALL","DVD_START_DT=20240101","DVD_END_DT=20351231","HEADERS=N"),2,5)} -> 46174 | E6: 0.3412 | G6: {=_xlfn.CHOOSECOLS(_xll.BDS($G$4,"DVD_HIST_ALL","DVD_START_DT=20240101","DVD_END_DT=20351231","HEADERS=N"),2,5)} -> 46191 | H6: 1.1646 | J6: {=_xlfn.CHOOSECOLS(_xll.BDS($J$4,"DVD_HIST_ALL","DVD_START_DT=20240101","DVD_END_DT=20351231","HEADERS=N"),2,5)} -> 46037 | K6: 2.0449 | M6: {=_xlfn.CHOOSECOLS(_xll.BDS($M$4,"DVD_HIST_ALL","DVD_START_DT=20240101","DVD_END_DT=20351231","HEADERS=N"),2,5)} -> 46174 | N6: 0.408967 | P6: {=_xlfn.CHOOSECOLS(_xll.BDS($P$4,"DVD_HIST_ALL","DVD_START_DT=20240101","DVD_END_DT=20351231","HEADERS=N"),2,5)} -> 46174 | Q6: 0.413251 | S6: {=_xlfn.CHOOSECOLS(_xll.BDS($S$4,"DVD_HIST_ALL","DVD_START_DT=20240101","DVD_END_DT=20351231","HEADERS=N"),2,5)} -> 46160 | T6: 0.10111
A7: 46143 | B7: 0.410076 | D7: 46143 | E7: 0.3262 | G7: 46100 | H7: 2.3303 | J7: 45855 | K7: 1.9446 | M7: 46143 | N7: 0.418714 | P7: 46143 | Q7: 0.424551 | S7: 46132 | T7: 0.10497
A8: 46113 | B8: 0.455397 | D8: 46113 | E8: 0.3438 | G8: 45911 | H8: 2.4173 | J8: 45673 | K8: 2.0396 | M8: 46113 | N8: 0.383731 | P8: 46113 | Q8: 0.446478 | S8: 46104 | T8: 0.11551
A9: 46083 | B9: 0.402963 | D9: 46083 | E9: 0.3026 | G9: 45729 | H9: 2.6722 | J9: 45491 | K9: 2.0996 | M9: 46083 | N9: 0.393736 | P9: 46083 | Q9: 0.382834 | S9: 46076 | T9: 0.10055
A10: 46055 | B10: 0.41458 | D10: 46055 | E10: 0.33 | G10: 45547 | H10: 2.8229 | J10: 45302 | K10: 2.0209 | M10: 46055 | N10: 0.398688 | P10: 46055 | Q10: 0.407845 | S10: 46042 | T10: 0.10777
A11: 46010 | B11: 0.382893 | D11: 46009 | E11: 0.3358 | G11: 45365 | H11: 2.9 | M11: 46010 | N11: 0.380624 | P11: 46010 | Q11: 0.436458 | S11: 46013 | T11: 0.10282
A12: 45992 | B12: 0.372202 | D12: 45992 | E12: 0.3223 | M12: 45992 | N12: 0.374767 | P12: 45992 | Q12: 0.413481 | S12: 45985 | T12: 0.11955
A13: 45964 | B13: 0.417558 | D13: 45964 | E13: 0.334 | M13: 45964 | N13: 0.409763 | P13: 45964 | Q13: 0.402445 | S13: 45950 | T13: 0.12011
A14: 45931 | B14: 0.392529 | D14: 45931 | E14: 0.326 | M14: 45931 | N14: 0.381299 | P14: 45931 | Q14: 0.406036 | S14: 45922 | T14: 0.12484
A15: 45902 | B15: 0.401921 | D15: 45902 | E15: 0.3279 | M15: 45902 | N15: 0.383321 | P15: 45902 | Q15: 0.384434 | S15: 45887 | T15: 0.12347
A16: 45870 | B16: 0.411035 | D16: 45870 | E16: 0.3408 | M16: 45870 | N16: 0.404487 | P16: 45870 | Q16: 0.444155 | S16: 45859 | T16: 0.11933
A17: 45839 | B17: 0.379909 | D17: 45839 | E17: 0.3207 | M17: 45839 | N17: 0.379436 | P17: 45839 | Q17: 0.401927 | S17: 45831 | T17: 0.11617
A18: 45810 | B18: 0.405383 | D18: 45810 | E18: 0.328 | M18: 45810 | N18: 0.375571 | P18: 45810 | Q18: 0.396319 | S18: 45796 | T18: 0.1648
A19: 45778 | B19: 0.402288 | D19: 45778 | E19: 0.3151 | M19: 45778 | N19: 0.401345 | P19: 45778 | Q19: 0.431941 | S19: 45768 | T19: 0.12493
A20: 45748 | B20: 0.399904 | D20: 45748 | E20: 0.3189 | M20: 45748 | N20: 0.382397 | P20: 45748 | Q20: 0.416781 | S20: 45740 | T20: 0.10781
A21: 45719 | B21: 0.385564 | D21: 45719 | E21: 0.2865 | M21: 45719 | N21: 0.374339 | P21: 45719 | Q21: 0.414742 | S21: 45712 | T21: 0.11158
A22: 45691 | B22: 0.440929 | D22: 45691 | E22: 0.3129 | M22: 45691 | N22: 0.360138 | P22: 45691 | Q22: 0.388977 | S22: 45678 | T22: 0.1237
A23: 45656 | B23: 0.254515 | D23: 45650 | E23: 0.3119 | M23: 45644 | N23: 0.409324 | P23: 45644 | Q23: 0.385499 | S23: 45649 | T23: 0.11976
... A34: 45352 | B34: 0.385713 | D34: 45323 | E34: 0.281 | M34: 45323 | N34: 0.383831 | P34: 45323 | Q34: 0.3886 | S34: 45313 | T34: 0.13742
A35: 45323 | B35: 0.367262

Sheet 41b
B1: ERIXITSU Index | L1: =TODAY()-150 -> 46041 | R1: {=LOOKUP(2,1/(R:R<>""),R:R)} -> 46190 | AC1: Last ER Date = | AD1: {=LOOKUP(2,1/(AB:AB<>""),AB:AB)} -> 46190
B2: Short Risk | C2: Long Risk | L2: Short Risk | N2: Long Risk | R2: {=_xlfn.UNIQUE(Q:Q)} -> 0 | AC2: Last CDX = | AD2: =VLOOKUP(AD1,Z:AA,2) -> 88.237
A3: Name= | B3: SUBFIN S45 | C3: SX7E | L3: {=_xll.BDH($B$4, "PX_LAST, ", TODAY()-300, TODAY()-1)} -> 46101 | M3: 133.299 | N3: {=_xll.BDH($C$4, "PX_LAST, ", TODAY()-300, TODAY()-1)} -> 45922 | O3: 225.7 | P3: =IF(COUNTIF(N:N,L3),L3,"") -> 46101 | Q3: =IF(P3>$A$14,P3,"") | X3: {=_xll.BDH(B1, "LAST_PRICE", "05/01/2026","")} -> 46143 | Y3: 164.6034 | Z3: {=_xll.BDH(B4, "LAST_PRICE", "05/01/2026", "")} -> 46143 | AA3: 99.15 | AB3: =IF(COUNTIF(Z:Z,X3),X3,"") -> 46143 | AC3: Last ER = | AD3: =VLOOKUP(AD1,X:Y,2) -> 165.6306
A4: BBG Ticker= | B4: SUBFIN CDSI S45 5Y CORP | C4: CAM6 INDEX | E4: Contract Size = | F4: 50 | L4: 46104 | M4: 129.787 | N4: 45923 | O4: 226.65 | P4: =IF(COUNTIF(N:N,L4),L4,"") -> 46104 | Q4: =IF(P4>$A$14,P4,"") | R4: 46177 | X4: 46147 | Y4: 164.5176 | Z4: 46147 | AA4: 100.452 | AB4: =IF(COUNTIF(Z:Z,X4),X4,"") -> 46147 | AC4: Carry Days = | AD4: =INT(NOW())-INT(AD1) -> 1
A5: Not'l= | B5: =75*10^6 -> 75000000 | C5: 525 | L5: 46105 | M5: 131.094 | N5: 45924 | O5: 227.4 | P5: =IF(COUNTIF(N:N,L5),L5,"") -> 46105 | Q5: =IF(P5>$A$14,P5,"") | R5: 46178 | X5: 46148 | Y5: 164.8755 | Z5: 46148 | AA5: 95.917 | AB5: =IF(COUNTIF(Z:Z,X5),X5,"") -> 46148
A6: Carry= | B6: 0.01 | C6: 0 | L6: 46106 | M6: 126.128 | N6: 45925 | O6: 225.8 | P6: =IF(COUNTIF(N:N,L6),L6,"") -> 46106 | Q6: =IF(P6>$A$14,P6,"") | R6: 46181 | X6: 46149 | Y6: 164.7939 | Z6: 46149 | AA6: 97.303 | AB6: =IF(COUNTIF(Z:Z,X6),X6,"") -> 46149
A7: Financing Rate= | B7: 0 | C7: 0 | L7: 46107 | M7: 133.728 | N7: 45926 | O7: 230.25 | P7: =IF(COUNTIF(N:N,L7),L7,"") -> 46107 | Q7: =IF(P7>$A$14,P7,"") | R7: 46182 | X7: 46150 | Y7: 164.7687 | Z7: 46150 | AA7: 97.287 | AB7: =IF(COUNTIF(Z:Z,X7),X7,"") -> 46150
A8: Initial Duration= | B8: 4.69 | L8: 46108 | M8: 138.6 | N8: 45929 | O8: 228.4 | P8: =IF(COUNTIF(N:N,L8),L8,"") -> 46108 | Q8: =IF(P8>$A$14,P8,"") | R8: 46183 | X8: 46153 | Y8: 164.834 | Z8: 46153 | AA8: 96.719 | AB8: =IF(COUNTIF(Z:Z,X8),X8,"") -> 46153
A9: Live BBG PX= | B9: {=_xll.BDP(B4,"PX_LAST")} -> 88.30506 | C9: {=_xll.BDP(C4,"PX_LAST")} -> 295.2 | L9: 46111 | M9: 137.76 | N9: 45930 | O9: 228.85 | P9: =IF(COUNTIF(N:N,L9),L9,"") -> 46111 | Q9: =IF(P9>$A$14,P9,"") | R9: 46184 | X9: 46154 | Y9: 164.583 | Z9: 46154 | AA9: 100.017 | AB9: =IF(COUNTIF(Z:Z,X9),X9,"") -> 46154
A10: Live ER = | B10: =AD3*(1-(B9-AD2)*B8*10^-4+B6*AD4/360) -> 165.62991 | L10: 46112 | M10: 133.543 | N10: 45931 | O10: 230.4 | P10: =IF(COUNTIF(N:N,L10),L10,"") -> 46112 | Q10: =IF(P10>$A$14,P10,"") | R10: 46185 | X10: 46155 | Y10: 164.7606 | Z10: 46155 | AA10: 97.277 | AB10: =IF(COUNTIF(Z:Z,X10),X10,"") -> 46155
L11: 46113 | M11: 121.008 | N11: 45932 | O11: 228.5 | P11: =IF(COUNTIF(N:N,L11),L11,"") -> 46113 | Q11: =IF(P11>$A$14,P11,"") | R11: 46188 | X11: 46156 | Y11: 164.914 | Z11: 46156 | AA11: 95.843 | AB11: =IF(COUNTIF(Z:Z,X11),X11,"") -> 46156
A12: Date | B12: Short Risk | E12: Long Risk | H12: Div | I12: Net P/L | L12: 46114 | M12: 118.791 | N12: 45933 | O12: 229.3 | P12: =IF(COUNTIF(N:N,L12),L12,"") -> 46114 | Q12: =IF(P12>$A$14,P12,"") | R12: 46189 | X12: 46157 | Y12: 164.5833 | Z12: 46157 | AA12: 100.188 | AB12: =IF(COUNTIF(Z:Z,X12),X12,"") -> 46157
B13: Sprd | C13: Price P/L | D13: Carry P/L | E13: Price | F13: Price P/L | G13: Carry P/L | L13: 46119 | M13: 121.522 | N13: 45936 | O13: 226.55 | P13: =IF(COUNTIF(N:N,L13),L13,"") -> 46119 | Q13: =IF(P13>$A$14,P13,"") | R13: 46190 | X13: 46160 | Y13: 164.6849 | Z13: 46160 | AA13: 98.826 | AB13: =IF(COUNTIF(Z:Z,X13),X13,"") -> 46160
A14: 46176 | B14: =165.3818/(1-(D14-C14)*B8*10^-4) -> 165.25887 | C14: 92.4 | D14: 90.814 | E14: 268.85 | I14: 0 | L14: 46120 | M14: 107.431 | N14: 45937 | O14: 226 | P14: =IF(COUNTIF(N:N,L14),L14,"") -> 46120 | Q14: =IF(P14>$A$14,P14,"") | X14: 46161 | Y14: 164.5903 | Z14: 46161 | AA14: 100.245 | AB14: =IF(COUNTIF(Z:Z,X14),X14,"") -> 46161
A15: =IF(AND(ISBLANK(R4), A14 = $R$1),NOW(),IF(ISBLANK(R4),IF(ISBLANK(#REF!),NOW(),""),R4)) -> 46177 | B15: =IF(COUNTIF($R$2:R1000,A15)=1,VLOOKUP(A15,X:Y,2), IF(COUNTIF($R$2:R1000,A15)=0,$B$10,"")) -> 165.3818 | C15: =IF(ISERROR(B15-2),"",1*(B15/$B$14-1)*$B$5) -> 55787.55 | E15: =IF(COUNTIF(L:L,A15)=1,VLOOKUP(A15,N:O,2), IF(COUNTIF(L:L,A15)=0,$C$9,"")) -> 270.85 | F15: =IF(ISERROR(B15-2),"",(E15-$E$14)*$C$5*$F$4) -> 52500 | G15: =IF(ISERROR(B15-2),"",-$C$7*$C$5*(A15-$A$14)/360) -> 0 | I15: =IF(ISERROR(B15-2),"",-1*(C15+D15-F15)) -> -3287.55 | L15: 46121 | M15: 104.477 | N15: 45938 | O15: 226.95 | P15: =IF(COUNTIF(N:N,L15),L15,"") -> 46121 | Q15: =IF(P15>$A$14,P15,"") | X15: 46162 | Y15: 164.9511 | Z15: 46162 | AA15: 95.457 | AB15: =IF(COUNTIF(Z:Z,X15),X15,"") -> 46162
A16: =IF(AND(ISBLANK(R5), A15 = $R$1),NOW(),IF(ISBLANK(R5),IF(ISBLANK(C15),NOW(),""),R5)) -> 46178 | B16: =IF(COUNTIF($R$2:R1001,A16)=1,VLOOKUP(A16,X:Y,2), IF(COUNTIF($R$2:R1001,A16)=0,$B$10,"")) -> 165.2787 | C16: =IF(ISERROR(B16-2),"",1*(B16/$B$14-1)*$B$5) -> 8997.3246 | E16: =IF(COUNTIF(L:L,A16)=1,VLOOKUP(A16,N:O,2), IF(COUNTIF(L:L,A16)=0,$C$9,"")) -> 269.65 | F16: =IF(ISERROR(B16-2),"",(E16-$E$14)*$C$5*$F$4) -> 21000 | G16: =IF(ISERROR(B16-2),"",-$C$7*$C$5*(A16-$A$14)/360) -> 0 | I16: =IF(ISERROR(B16-2),"",-1*(C16+D16-F16)) -> 12002.675 | L16: 46122 | M16: 106.512 | N16: 45939 | O16: 225.35 | P16: =IF(COUNTIF(N:N,L16),L16,"") -> 46122 | Q16: =IF(P16>$A$14,P16,"") | X16: 46163 | Y16: 164.8717 | Z16: 46163 | AA16: 96.618 | AB16: =IF(COUNTIF(Z:Z,X16),X16,"") -> 46163
A17: =IF(AND(ISBLANK(R6), A16 = $R$1),NOW(),IF(ISBLANK(R6),IF(ISBLANK(C16),NOW(),""),R6)) -> 46181 | B17: =IF(COUNTIF($R$2:R1002,A17)=1,VLOOKUP(A17,X:Y,2), IF(COUNTIF($R$2:R1002,A17)=0,$B$10,"")) -> 165.2598 | C17: =IF(ISERROR(B17-2),"",1*(B17/$B$14-1)*$B$5) -> 419.87302 | E17: =IF(COUNTIF(L:L,A17)=1,VLOOKUP(A17,N:O,2), IF(COUNTIF(L:L,A17)=0,$C$9,"")) -> 268.45 | F17: =IF(ISERROR(B17-2),"",(E17-$E$14)*$C$5*$F$4) -> -10500 | G17: =IF(ISERROR(B17-2),"",-$C$7*$C$5*(A17-$A$14)/360) -> 0 | I17: =IF(ISERROR(B17-2),"",-1*(C17+D17-F17)) -> -10919.873 | L17: 46125 | M17: 106.686 | N17: 45940 | O17: 222.5 | P17: =IF(COUNTIF(N:N,L17),L17,"") -> 46125 | Q17: =IF(P17>$A$14,P17,"") | X17: 46164 | Y17: 165.0279 | Z17: 46164 | AA17: 94.872 | AB17: =IF(COUNTIF(Z:Z,X17),X17,"") -> 46164
A18: =IF(AND(ISBLANK(R7), A17 = $R$1),NOW(),IF(ISBLANK(R7),IF(ISBLANK(C17),NOW(),""),R7)) -> 46182 | B18: =IF(COUNTIF($R$2:R1003,A18)=1,VLOOKUP(A18,X:Y,2), IF(COUNTIF($R$2:R1003,A18)=0,$B$10,"")) -> 165.26 | C18: =IF(ISERROR(B18-2),"",1*(B18/$B$14-1)*$B$5) -> 510.6397 | E18: =IF(COUNTIF(L:L,A18)=1,VLOOKUP(A18,N:O,2), IF(COUNTIF(L:L,A18)=0,$C$9,"")) -> 268.2 | F18: =IF(ISERROR(B18-2),"",(E18-$E$14)*$C$5*$F$4) -> -17062.5 | G18: =IF(ISERROR(B18-2),"",-$C$7*$C$5*(A18-$A$14)/360) -> 0 | I18: =IF(ISERROR(B18-2),"",-1*(C18+D18-F18)) -> -17573.14 | L18: 46126 | M18: 101.413 | N18: 45943 | O18: 223.45 | P18: =IF(COUNTIF(N:N,L18),L18,"") -> 46126 | Q18: =IF(P18>$A$14,P18,"") | X18: 46168 | Y18: 165.161 | Z18: 46168 | AA18: 93.215 | AB18: =IF(COUNTIF(Z:Z,X18),X18,"") -> 46168
A19: =IF(AND(ISBLANK(R8), A18 = $R$1),NOW(),IF(ISBLANK(R8),IF(ISBLANK(C18),NOW(),""),R8)) -> 46183 | B19: =IF(COUNTIF($R$2:R1004,A19)=1,VLOOKUP(A19,X:Y,2), IF(COUNTIF($R$2:R1004,A19)=0,$B$10,"")) -> 165.1884 | C19: =IF(ISERROR(B19-2),"",1*(B19/$B$14-1)*$B$5) -> -31983.833 | E19: =IF(COUNTIF(L:L,A19)=1,VLOOKUP(A19,N:O,2), IF(COUNTIF(L:L,A19)=0,$C$9,"")) -> 266.35 | F19: =IF(ISERROR(B19-2),"",(E19-$E$14)*$C$5*$F$4) -> -65625 | G19: =IF(ISERROR(B19-2),"",-$C$7*$C$5*(A19-$A$14)/360) -> 0 | I19: =IF(ISERROR(B19-2),"",-1*(C19+D19-F19)) -> -33641.167 | L19: 46127 | M19: 101.941 | N19: 45944 | O19: 224 | P19: =IF(COUNTIF(N:N,L19),L19,"") -> 46127 | Q19: =IF(P19>$A$14,P19,"") | X19: 46169 | Y19: 165.1833 | Z19: 46169 | AA19: 93.236 | AB19: =IF(COUNTIF(Z:Z,X19),X19,"") -> 46169
A20: =IF(AND(ISBLANK(R9), A19 = $R$1),NOW(),IF(ISBLANK(R9),IF(ISBLANK(C19),NOW(),""),R9)) -> 46184 | B20: =IF(COUNTIF($R$2:R1005,A20)=1,VLOOKUP(A20,X:Y,2), IF(COUNTIF($R$2:R1005,A20)=0,$B$10,"")) -> 165.2487 | C20: =IF(ISERROR(B20-2),"",1*(B20/$B$14-1)*$B$5) -> -4617.6779 | E20: =IF(COUNTIF(L:L,A20)=1,VLOOKUP(A20,N:O,2), IF(COUNTIF(L:L,A20)=0,$C$9,"")) -> 267.05 | F20: =IF(ISERROR(B20-2),"",(E20-$E$14)*$C$5*$F$4) -> -47250 | G20: =IF(ISERROR(B20-2),"",-$C$7*$C$5*(A20-$A$14)/360) -> 0 | I20: =IF(ISERROR(B20-2),"",-1*(C20+D20-F20)) -> -42632.322 | L20: 46128 | M20: 103.227 | N20: 45945 | O20: 223.6 | P20: =IF(COUNTIF(N:N,L20),L20,"") -> 46128 | Q20: =IF(P20>$A$14,P20,"") | X20: 46170 | Y20: 165.2879 | Z20: 46170 | AA20: 91.685 | AB20: =IF(COUNTIF(Z:Z,X20),X20,"") -> 46170
A21: =IF(AND(ISBLANK(R10), A20 = $R$1),NOW(),IF(ISBLANK(R10),IF(ISBLANK(C20),NOW(),""),R10)) -> 46185 | B21: =IF(COUNTIF($R$2:R1006,A21)=1,VLOOKUP(A21,X:Y,2), IF(COUNTIF($R$2:R1006,A21)=0,$B$10,"")) -> 165.5484 | C21: =IF(ISERROR(B21-2),"",1*(B21/$B$14-1)*$B$5) -> 131396.2 | E21: =IF(COUNTIF(L:L,A21)=1,VLOOKUP(A21,N:O,2), IF(COUNTIF(L:L,A21)=0,$C$9,"")) -> 277.55 | F21: =IF(ISERROR(B21-2),"",(E21-$E$14)*$C$5*$F$4) -> 228375 | G21: =IF(ISERROR(B21-2),"",-$C$7*$C$5*(A21-$A$14)/360) -> 0 | I21: =IF(ISERROR(B21-2),"",-1*(C21+D21-F21)) -> 96978.803 | L21: 46129 | M21: 98.823 | N21: 45946 | O21: 224.8 | P21: =IF(COUNTIF(N:N,L21),L21,"") -> 46129 | Q21: =IF(P21>$A$14,P21,"") | X21: 46171 | Y21: 165.3875 | Z21: 46171 | AA21: 90.555 | AB21: =IF(COUNTIF(Z:Z,X21),X21,"") -> 46171
A22: =IF(AND(ISBLANK(R11), A21 = $R$1),NOW(),IF(ISBLANK(R11),IF(ISBLANK(C21),NOW(),""),R11)) -> 46188 | B22: =IF(COUNTIF($R$2:R1007,A22)=1,VLOOKUP(A22,X:Y,2), IF(COUNTIF($R$2:R1007,A22)=0,$B$10,"")) -> 165.6978 | C22: =IF(ISERROR(B22-2),"",1*(B22/$B$14-1)*$B$5) -> 199198.91 | E22: =IF(COUNTIF(L:L,A22)=1,VLOOKUP(A22,N:O,2), IF(COUNTIF(L:L,A22)=0,$C$9,"")) -> 284.15 | F22: =IF(ISERROR(B22-2),"",(E22-$E$14)*$C$5*$F$4) -> 401625 | G22: =IF(ISERROR(B22-2),"",-$C$7*$C$5*(A22-$A$14)/360) -> 0 | I22: =IF(ISERROR(B22-2),"",-1*(C22+D22-F22)) -> 202426.09 | L22: 46132 | M22: 100.01 | N22: 45947 | O22: 219.65 | P22: =IF(COUNTIF(N:N,L22),L22,"") -> 46132 | Q22: =IF(P22>$A$14,P22,"") | X22: 46174 | Y22: 165.238 | Z22: 46174 | AA22: 92.426 | AB22: =IF(COUNTIF(Z:Z,X22),X22,"") -> 46174
A23: =IF(AND(ISBLANK(R12), A22 = $R$1),NOW(),IF(ISBLANK(R12),IF(ISBLANK(C22),NOW(),""),R12)) -> 46189 | B23: =IF(COUNTIF($R$2:R1008,A23)=1,VLOOKUP(A23,X:Y,2), IF(COUNTIF($R$2:R1008,A23)=0,$B$10,"")) -> 165.6726 | C23: =IF(ISERROR(B23-2),"",1*(B23/$B$14-1)*$B$5) -> 187762.31 | E23: =IF(COUNTIF(L:L,A23)=1,VLOOKUP(A23,N:O,2), IF(COUNTIF(L:L,A23)=0,$C$9,"")) -> 289.15 | F23: =IF(ISERROR(B23-2),"",(E23-$E$14)*$C$5*$F$4) -> 532875 | G23: =IF(ISERROR(B23-2),"",-$C$7*$C$5*(A23-$A$14)/360) -> 0 | I23: =IF(ISERROR(B23-2),"",-1*(C23+D23-F23)) -> 345112.69 | L23: 46133 | M23: 102.241 | N23: 45950 | O23: 222.05 | P23: =IF(COUNTIF(N:N,L23),L23,"") -> 46133 | Q23: =IF(P23>$A$14,P23,"") | X23: 46175 | Y23: 165.381 | Z23: 46175 | AA23: 90.719 | AB23: =IF(COUNTIF(Z:Z,X23),X23,"") -> 46175
A24: =IF(AND(ISBLANK(R13), A23 = $R$1),NOW(),IF(ISBLANK(R13),IF(ISBLANK(C23),NOW(),""),R13)) -> 46190 | B24: =IF(COUNTIF($R$2:R1009,A24)=1,VLOOKUP(A24,X:Y,2), IF(COUNTIF($R$2:R1009,A24)=0,$B$10,"")) -> 165.6306 | C24: =IF(ISERROR(B24-2),"",1*(B24/$B$14-1)*$B$5) -> 168701.3 | E24: =IF(COUNTIF(L:L,A24)=1,VLOOKUP(A24,N:O,2), IF(COUNTIF(L:L,A24)=0,$C$9,"")) -> 294.4 | F24: =IF(ISERROR(B24-2),"",(E24-$E$14)*$C$5*$F$4) -> 670687.5 | G24: =IF(ISERROR(B24-2),"",-$C$7*$C$5*(A24-$A$14)/360) -> 0 | I24: =IF(ISERROR(B24-2),"",-1*(C24+D24-F24)) -> 501986.2 | L24: 46134 | M24: 102.872 | N24: 45951 | O24: 220.85 | P24: =IF(COUNTIF(N:N,L24),L24,"") -> 46134 | Q24: =IF(P24>$A$14,P24,"") | X24: 46176 | Y24: 165.2545 | Z24: 46176 | AA24: 92.716 | AB24: =IF(COUNTIF(Z:Z,X24),X24,"") -> 46176
A25: =IF(AND(ISBLANK(R14), A24 = $R$1),NOW(),IF(ISBLANK(R14),IF(ISBLANK(C24),NOW(),""),R14)) -> 46191.471 | B25: =IF(COUNTIF($R$2:R1010,A25)=1,VLOOKUP(A25,X:Y,2), IF(COUNTIF($R$2:R1010,A25)=0,$B$10,"")) -> 165.62991 | C25: =IF(ISERROR(B25-2),"",1*(B25/$B$14-1)*$B$5) -> 168389.93 | E25: =IF(COUNTIF(L:L,A25)=1,VLOOKUP(A25,N:O,2), IF(COUNTIF(L:L,A25)=0,$C$9,"")) -> 295.2 | F25: =IF(ISERROR(B25-2),"",(E25-$E$14)*$C$5*$F$4) -> 691687.5 | G25: =IF(ISERROR(B25-2),"",-$C$7*$C$5*(A25-$A$14)/360) -> 0 | I25: =IF(ISERROR(B25-2),"",-1*(C25+D25-F25)) -> 523297.57 | L25: 46135 | M25: 103.328 | N25: 45952 | O25: 220.15 | P25: =IF(COUNTIF(N:N,L25),L25,"") -> 46135 | Q25: =IF(P25>$A$14,P25,"") | X25: 46177 | Y25: 165.3818 | Z25: 46177 | AA25: 90.814 | AB25: =IF(COUNTIF(Z:Z,X25),X25,"") -> 46177
A26: =IF(AND(ISBLANK(R15), A25 = $R$1),NOW(),IF(ISBLANK(R15),IF(ISBLANK(C25),NOW(),""),R15)) | B26: =IF(COUNTIF($R$2:R1011,A26)=1,VLOOKUP(A26,X:Y,2), IF(COUNTIF($R$2:R1011,A26)=0,$B$10,"")) | C26: =IF(ISERROR(B26-2),"",1*(B26/$B$14-1)*$B$5) | E26: =IF(COUNTIF(L:L,A26)=1,VLOOKUP(A26,N:O,2), IF(COUNTIF(L:L,A26)=0,$C$9,"")) | F26: =IF(ISERROR(B26-2),"",(E26-$E$14)*$C$5*$F$4) | G26: =IF(ISERROR(B26-2),"",-$C$7*$C$5*(A26-$A$14)/360) | I26: =IF(ISERROR(B26-2),"",-1*(C26+D26-F26)) | L26: 46136 | M26: 102.834 | N26: 45953 | O26: 220.45 | P26: =IF(COUNTIF(N:N,L26),L26,"") -> 46136 | Q26: =IF(P26>$A$14,P26,"") | X26: 46178 | Y26: 165.2787 | Z26: 46178 | AA26: 92.252 | AB26: =IF(COUNTIF(Z:Z,X26),X26,"") -> 46178
A27: =IF(AND(ISBLANK(R16), A26 = $R$1),NOW(),IF(ISBLANK(R16),IF(ISBLANK(C26),NOW(),""),R16)) | B27: =IF(COUNTIF($R$2:R1012,A27)=1,VLOOKUP(A27,X:Y,2), IF(COUNTIF($R$2:R1012,A27)=0,$B$10,"")) | C27: =IF(ISERROR(B27-2),"",1*(B27/$B$14-1)*$B$5) | E27: =IF(COUNTIF(L:L,A27)=1,VLOOKUP(A27,N:O,2), IF(COUNTIF(L:L,A27)=0,$C$9,"")) | F27: =IF(ISERROR(B27-2),"",(E27-$E$14)*$C$5*$F$4) | G27: =IF(ISERROR(B27-2),"",-$C$7*$C$5*(A27-$A$14)/360) | I27: =IF(ISERROR(B27-2),"",-1*(C27+D27-F27)) | L27: 46139 | M27: 103.662 | N27: 45954 | O27: 220 | P27: =IF(COUNTIF(N:N,L27),L27,"") -> 46139 | Q27: =IF(P27>$A$14,P27,"") | X27: 46181 | Y27: 165.2598 | Z27: 46181 | AA27: 92.679 | AB27: =IF(COUNTIF(Z:Z,X27),X27,"") -> 46181
... A29: =IF(AND(ISBLANK(R18), A28 = $R$1),NOW(),IF(ISBLANK(R18),IF(ISBLANK(C28),NOW(),""),R18)) | B29: =IF(COUNTIF($R$2:R1014,A29)=1,VLOOKUP(A29,X:Y,2), IF(COUNTIF($R$2:R1014,A29)=0,$B$10,"")) | C29: =IF(ISERROR(B29-2),"",1*(B29/$B$14-1)*$B$5) | E29: =IF(COUNTIF(L:L,A29)=1,VLOOKUP(A29,N:O,2), IF(COUNTIF(L:L,A29)=0,$C$9,"")) | F29: =IF(ISERROR(B29-2),"",(E29-$E$14)*$C$5*$F$4) | G29: =IF(ISERROR(B29-2),"",-$C$7*$C$5*(A29-$A$14)/360) | I29: =IF(ISERROR(B29-2),"",-1*(C29+D29-F29)) | L29: 46141 | M29: 106.142 | N29: 45958 | O29: 223.5 | P29: =IF(COUNTIF(N:N,L29),L29,"") -> 46141 | Q29: =IF(P29>$A$14,P29,"") | X29: 46183 | Y29: 165.1884 | Z29: 46183 | AA29: 93.603 | AB29: =IF(COUNTIF(Z:Z,X29),X29,"") -> 46183
A30: =IF(AND(ISBLANK(R19), A29 = $R$1),NOW(),IF(ISBLANK(R19),IF(ISBLANK(C29),NOW(),""),R19)) | B30: =IF(COUNTIF($R$2:R1015,A30)=1,VLOOKUP(A30,X:Y,2), IF(COUNTIF($R$2:R1015,A30)=0,$B$10,"")) | C30: =IF(ISERROR(B30-2),"",1*(B30/$B$14-1)*$B$5) | E30: =IF(COUNTIF(L:L,A30)=1,VLOOKUP(A30,N:O,2), IF(COUNTIF(L:L,A30)=0,$C$9,"")) | F30: =IF(ISERROR(B30-2),"",(E30-$E$14)*$C$5*$F$4) | G30: =IF(ISERROR(B30-2),"",-$C$7*$C$5*(A30-$A$14)/360) | H30: =$F$7*$F$4 -> 0 | I30: =IF(ISERROR(B30-2),"",-1*(C30+D30-F30)) | L30: 46142 | M30: 102.985 | N30: 45959 | O30: 228.1 | P30: =IF(COUNTIF(N:N,L30),L30,"") -> 46142 | Q30: =IF(P30>$A$14,P30,"") | X30: 46184 | Y30: 165.2487 | Z30: 46184 | AA30: 93.01 | AB30: =IF(COUNTIF(Z:Z,X30),X30,"") -> 46184
A31: =IF(AND(ISBLANK(R20), A30 = $R$1),NOW(),IF(ISBLANK(R20),IF(ISBLANK(C30),NOW(),""),R20)) | B31: =IF(COUNTIF($R$2:R1016,A31)=1,VLOOKUP(A31,X:Y,2), IF(COUNTIF($R$2:R1016,A31)=0,$B$10,"")) | C31: =IF(ISERROR(B31-2),"",1*(B31/$B$14-1)*$B$5) | E31: =IF(COUNTIF(L:L,A31)=1,VLOOKUP(A31,N:O,2), IF(COUNTIF(L:L,A31)=0,$C$9,"")) | F31: =IF(ISERROR(B31-2),"",(E31-$E$14)*$C$5*$F$4) | G31: =IF(ISERROR(B31-2),"",-$C$7*$C$5*(A31-$A$14)/360) | I31: =IF(ISERROR(B31-2),"",-1*(C31+D31-F31)) | L31: 46143 | M31: 99.15 | N31: 45960 | O31: 227.3 | P31: =IF(COUNTIF(N:N,L31),L31,"") | Q31: =IF(P31>$A$14,P31,"") | X31: 46185 | Y31: 165.5484 | Z31: 46185 | AA31: 89.265 | AB31: =IF(COUNTIF(Z:Z,X31),X31,"") -> 46185
A32: =IF(AND(ISBLANK(R21), A31 = $R$1),NOW(),IF(ISBLANK(R21),IF(ISBLANK(C31),NOW(),""),R21)) | B32: =IF(COUNTIF($R$2:R1017,A32)=1,VLOOKUP(A32,X:Y,2), IF(COUNTIF($R$2:R1017,A32)=0,$B$10,"")) | C32: =IF(ISERROR(B32-2),"",1*(B32/$B$14-1)*$B$5) | E32: =IF(COUNTIF(L:L,A32)=1,VLOOKUP(A32,N:O,2), IF(COUNTIF(L:L,A32)=0,$C$9,"")) | F32: =IF(ISERROR(B32-2),"",(E32-$E$14)*$C$5*$F$4) | G32: =IF(ISERROR(B32-2),"",-$C$7*$C$5*(A32-$A$14)/360) | I32: =IF(ISERROR(B32-2),"",-1*(C32+D32-F32)) | L32: 46147 | M32: 100.452 | N32: 45961 | O32: 228.35 | P32: =IF(COUNTIF(N:N,L32),L32,"") -> 46147 | Q32: =IF(P32>$A$14,P32,"") | X32: 46188 | Y32: 165.6978 | Z32: 46188 | AA32: 87.133 | AB32: =IF(COUNTIF(Z:Z,X32),X32,"") -> 46188
A33: =IF(AND(ISBLANK(R22), A32 = $R$1),NOW(),IF(ISBLANK(R22),IF(ISBLANK(C32),NOW(),""),R22)) | B33: =IF(COUNTIF($R$2:R1018,A33)=1,VLOOKUP(A33,X:Y,2), IF(COUNTIF($R$2:R1018,A33)=0,$B$10,"")) | C33: =IF(ISERROR(B33-2),"",1*(B33/$B$14-1)*$B$5) | E33: =IF(COUNTIF(L:L,A33)=1,VLOOKUP(A33,N:O,2), IF(COUNTIF(L:L,A33)=0,$C$9,"")) | F33: =IF(ISERROR(B33-2),"",(E33-$E$14)*$C$5*$F$4) | G33: =IF(ISERROR(B33-2),"",-$C$7*$C$5*(A33-$A$14)/360) | I33: =IF(ISERROR(B33-2),"",-1*(C33+D33-F33)) | L33: 46148 | M33: 95.917 | N33: 45964 | O33: 228.9 | P33: =IF(COUNTIF(N:N,L33),L33,"") -> 46148 | Q33: =IF(P33>$A$14,P33,"") | X33: 46189 | Y33: 165.6726 | Z33: 46189 | AA33: 87.676 | AB33: =IF(COUNTIF(Z:Z,X33),X33,"") -> 46189
A34: =IF(AND(ISBLANK(R23), A33 = $R$1),NOW(),IF(ISBLANK(R23),IF(ISBLANK(C33),NOW(),""),R23)) | B34: =IF(COUNTIF($R$2:R1019,A34)=1,VLOOKUP(A34,X:Y,2), IF(COUNTIF($R$2:R1019,A34)=0,$B$10,"")) | C34: =IF(ISERROR(B34-2),"",1*(B34/$B$14-1)*$B$5) | E34: =IF(COUNTIF(L:L,A34)=1,VLOOKUP(A34,N:O,2), IF(COUNTIF(L:L,A34)=0,$C$9,"")) | F34: =IF(ISERROR(B34-2),"",(E34-$E$14)*$C$5*$F$4) | G34: =IF(ISERROR(B34-2),"",-$C$7*$C$5*(A34-$A$14)/360) | I34: =IF(ISERROR(B34-2),"",-1*(C34+D34-F34)) | L34: 46149 | M34: 97.303 | N34: 45965 | O34: 229.25 | P34: =IF(COUNTIF(N:N,L34),L34,"") -> 46149 | Q34: =IF(P34>$A$14,P34,"") | X34: 46190 | Y34: 165.6306 | Z34: 46190 | AA34: 88.237 | AB34: =IF(COUNTIF(Z:Z,X34),X34,"") -> 46190
A35: =IF(AND(ISBLANK(R24), A34 = $R$1),NOW(),IF(ISBLANK(R24),IF(ISBLANK(C34),NOW(),""),R24)) | B35: =IF(COUNTIF($R$2:R1020,A35)=1,VLOOKUP(A35,X:Y,2), IF(COUNTIF($R$2:R1020,A35)=0,$B$10,"")) | C35: =IF(ISERROR(B35-2),"",1*(B35/$B$14-1)*$B$5) | E35: =IF(COUNTIF(L:L,A35)=1,VLOOKUP(A35,N:O,2), IF(COUNTIF(L:L,A35)=0,$C$9,"")) | F35: =IF(ISERROR(B35-2),"",(E35-$E$14)*$C$5*$F$4) | G35: =IF(ISERROR(B35-2),"",-$C$7*$C$5*(A35-$A$14)/360) | I35: =IF(ISERROR(B35-2),"",-1*(C35+D35-F35)) | L35: 46150 | M35: 97.287 | N35: 45966 | O35: 230.35 | P35: =IF(COUNTIF(N:N,L35),L35,"") -> 46150 | Q35: =IF(P35>$A$14,P35,"") | Z35: 46191 | AA35: 88.282 | AB35: =IF(COUNTIF(Z:Z,X35),X35,"")
A36: =IF(AND(ISBLANK(R25), A35 = $R$1),NOW(),IF(ISBLANK(R25),IF(ISBLANK(C35),NOW(),""),R25)) | B36: =IF(COUNTIF($R$2:R1021,A36)=1,VLOOKUP(A36,X:Y,2), IF(COUNTIF($R$2:R1021,A36)=0,$B$10,"")) | C36: =IF(ISERROR(B36-2),"",1*(B36/$B$14-1)*$B$5) | E36: =IF(COUNTIF(L:L,A36)=1,VLOOKUP(A36,N:O,2), IF(COUNTIF(L:L,A36)=0,$C$9,"")) | F36: =IF(ISERROR(B36-2),"",(E36-$E$14)*$C$5*$F$4) | G36: =IF(ISERROR(B36-2),"",-$C$7*$C$5*(A36-$A$14)/360) | I36: =IF(ISERROR(B36-2),"",-1*(C36+D36-F36)) | L36: 46153 | M36: 96.719 | N36: 45967 | O36: 230.7 | P36: =IF(COUNTIF(N:N,L36),L36,"") -> 46153 | Q36: =IF(P36>$A$14,P36,"") | AB36: =IF(COUNTIF(Z:Z,X36),X36,"")
A37: =IF(AND(ISBLANK(R26), A36 = $R$1),NOW(),IF(ISBLANK(R26),IF(ISBLANK(C36),NOW(),""),R26)) | B37: =IF(COUNTIF($R$2:R1022,A37)=1,VLOOKUP(A37,X:Y,2), IF(COUNTIF($R$2:R1022,A37)=0,$B$10,"")) | C37: =IF(ISERROR(B37-2),"",1*(B37/$B$14-1)*$B$5) | E37: =IF(COUNTIF(L:L,A37)=1,VLOOKUP(A37,N:O,2), IF(COUNTIF(L:L,A37)=0,$C$9,"")) | F37: =IF(ISERROR(B37-2),"",(E37-$E$14)*$C$5*$F$4) | G37: =IF(ISERROR(B37-2),"",-$C$7*$C$5*(A37-$A$14)/360) | I37: =IF(ISERROR(B37-2),"",-1*(C37+D37-F37)) | L37: 46154 | M37: 100.017 | N37: 45968 | O37: 228.8 | P37: =IF(COUNTIF(N:N,L37),L37,"") -> 46154 | Q37: =IF(P37>$A$14,P37,"") | AB37: =IF(COUNTIF(Z:Z,X37),X37,"")
A38: =IF(AND(ISBLANK(R27), A37 = $R$1),NOW(),IF(ISBLANK(R27),IF(ISBLANK(C37),NOW(),""),R27)) | B38: =IF(COUNTIF($R$2:R1023,A38)=1,VLOOKUP(A38,X:Y,2), IF(COUNTIF($R$2:R1023,A38)=0,$B$10,"")) | C38: =IF(ISERROR(B38-2),"",1*(B38/$B$14-1)*$B$5) | E38: =IF(COUNTIF(L:L,A38)=1,VLOOKUP(A38,N:O,2), IF(COUNTIF(L:L,A38)=0,$C$9,"")) | F38: =IF(ISERROR(B38-2),"",(E38-$E$14)*$C$5*$F$4) | G38: =IF(ISERROR(B38-2),"",-$C$7*$C$5*(A38-$A$14)/360) | I38: =IF(ISERROR(B38-2),"",-1*(C38+D38-F38)) | L38: 46155 | M38: 97.277 | N38: 45971 | O38: 236.7 | P38: =IF(COUNTIF(N:N,L38),L38,"") -> 46155 | Q38: =IF(P38>$A$14,P38,"") | AB38: =IF(COUNTIF(Z:Z,X38),X38,"")
A39: =IF(AND(ISBLANK(R28), A38 = $R$1),NOW(),IF(ISBLANK(R28),IF(ISBLANK(C38),NOW(),""),R28)) | B39: =IF(COUNTIF($R$2:R1024,A39)=1,VLOOKUP(A39,X:Y,2), IF(COUNTIF($R$2:R1024,A39)=0,$B$10,"")) | C39: =IF(ISERROR(B39-2),"",1*(B39/$B$14-1)*$B$5) | E39: =IF(COUNTIF(L:L,A39)=1,VLOOKUP(A39,N:O,2), IF(COUNTIF(L:L,A39)=0,$C$9,"")) | F39: =IF(ISERROR(B39-2),"",(E39-$E$14)*$C$5*$F$4) | G39: =IF(ISERROR(B39-2),"",-$C$7*$C$5*(A39-$A$14)/360) | I39: =IF(ISERROR(B39-2),"",-1*(C39+D39-F39)) | L39: 46156 | M39: 95.843 | N39: 45972 | O39: 239.45 | P39: =IF(COUNTIF(N:N,L39),L39,"") -> 46156 | Q39: =IF(P39>$A$14,P39,"") | AB39: =IF(COUNTIF(Z:Z,X39),X39,"")
A40: =IF(AND(ISBLANK(R29), A39 = $R$1),NOW(),IF(ISBLANK(R29),IF(ISBLANK(C39),NOW(),""),R29)) | B40: =IF(COUNTIF($R$2:R1025,A40)=1,VLOOKUP(A40,X:Y,2), IF(COUNTIF($R$2:R1025,A40)=0,$B$10,"")) | C40: =IF(ISERROR(B40-2),"",1*(B40/$B$14-1)*$B$5) | E40: =IF(COUNTIF(L:L,A40)=1,VLOOKUP(A40,N:O,2), IF(COUNTIF(L:L,A40)=0,$C$9,"")) | F40: =IF(ISERROR(B40-2),"",(E40-$E$14)*$C$5*$F$4) | G40: =IF(ISERROR(B40-2),"",-$C$7*$C$5*(A40-$A$14)/360) | I40: =IF(ISERROR(B40-2),"",-1*(C40+D40-F40)) | L40: 46157 | M40: 100.188 | N40: 45973 | O40: 244.1 | P40: =IF(COUNTIF(N:N,L40),L40,"") -> 46157 | Q40: =IF(P40>$A$14,P40,"") | AB40: =IF(COUNTIF(Z:Z,X40),X40,"")
A41: =IF(AND(ISBLANK(R30), A40 = $R$1),NOW(),IF(ISBLANK(R30),IF(ISBLANK(C40),NOW(),""),R30)) | B41: =IF(COUNTIF($R$2:R1026,A41)=1,VLOOKUP(A41,X:Y,2), IF(COUNTIF($R$2:R1026,A41)=0,$B$10,"")) | C41: =IF(ISERROR(B41-2),"",1*(B41/$B$14-1)*$B$5) | E41: =IF(COUNTIF(L:L,A41)=1,VLOOKUP(A41,N:O,2), IF(COUNTIF(L:L,A41)=0,$C$9,"")) | F41: =IF(ISERROR(B41-2),"",(E41-$E$14)*$C$5*$F$4) | G41: =IF(ISERROR(B41-2),"",-$C$7*$C$5*(A41-$A$14)/360) | I41: =IF(ISERROR(B41-2),"",-1*(C41+D41-F41)) | L41: 46160 | M41: 98.826 | N41: 45974 | O41: 244.15 | P41: =IF(COUNTIF(N:N,L41),L41,"") -> 46160 | Q41: =IF(P41>$A$14,P41,"") | AB41: =IF(COUNTIF(Z:Z,X41),X41,"")
A42: =IF(AND(ISBLANK(R31), A41 = $R$1),NOW(),IF(ISBLANK(R31),IF(ISBLANK(C41),NOW(),""),R31)) | B42: =IF(COUNTIF($R$2:R1027,A42)=1,VLOOKUP(A42,X:Y,2), IF(COUNTIF($R$2:R1027,A42)=0,$B$10,"")) | C42: =IF(ISERROR(B42-2),"",1*(B42/$B$14-1)*$B$5) | E42: =IF(COUNTIF(L:L,A42)=1,VLOOKUP(A42,N:O,2), IF(COUNTIF(L:L,A42)=0,$C$9,"")) | F42: =IF(ISERROR(B42-2),"",(E42-$E$14)*$C$5*$F$4) | G42: =IF(ISERROR(B42-2),"",-$C$7*$C$5*(A42-$A$14)/360) | I42: =IF(ISERROR(B42-2),"",-1*(C42+D42-F42)) | L42: 46161 | M42: 100.245 | N42: 45975 | O42: 237.85 | P42: =IF(COUNTIF(N:N,L42),L42,"") -> 46161 | Q42: =IF(P42>$A$14,P42,"") | AB42: =IF(COUNTIF(Z:Z,X42),X42,"")
A43: =IF(AND(ISBLANK(R32), A42 = $R$1),NOW(),IF(ISBLANK(R32),IF(ISBLANK(C42),NOW(),""),R32)) | B43: =IF(COUNTIF($R$2:R1028,A43)=1,VLOOKUP(A43,X:Y,2), IF(COUNTIF($R$2:R1028,A43)=0,$B$10,"")) | C43: =IF(ISERROR(B43-2),"",1*(B43/$B$14-1)*$B$5) | E43: =IF(COUNTIF(L:L,A43)=1,VLOOKUP(A43,N:O,2), IF(COUNTIF(L:L,A43)=0,$C$9,"")) | F43: =IF(ISERROR(B43-2),"",(E43-$E$14)*$C$5*$F$4) | G43: =IF(ISERROR(B43-2),"",-$C$7*$C$5*(A43-$A$14)/360) | I43: =IF(ISERROR(B43-2),"",-1*(C43+D43-F43)) | L43: 46162 | M43: 95.457 | N43: 45978 | O43: 234.5 | P43: =IF(COUNTIF(N:N,L43),L43,"") -> 46162 | Q43: =IF(P43>$A$14,P43,"") | AB43: =IF(COUNTIF(Z:Z,X43),X43,"")
A44: =IF(AND(ISBLANK(R33), A43 = $R$1),NOW(),IF(ISBLANK(R33),IF(ISBLANK(C43),NOW(),""),R33)) | B44: =IF(COUNTIF($R$2:R1029,A44)=1,VLOOKUP(A44,X:Y,2), IF(COUNTIF($R$2:R1029,A44)=0,$B$10,"")) | C44: =IF(ISERROR(B44-2),"",1*(B44/$B$14-1)*$B$5) | E44: =IF(COUNTIF(L:L,A44)=1,VLOOKUP(A44,N:O,2), IF(COUNTIF(L:L,A44)=0,$C$9,"")) | F44: =IF(ISERROR(B44-2),"",(E44-$E$14)*$C$5*$F$4) | G44: =IF(ISERROR(B44-2),"",-$C$7*$C$5*(A44-$A$14)/360) | I44: =IF(ISERROR(B44-2),"",-1*(C44+D44-F44)) | L44: 46163 | M44: 96.618 | N44: 45979 | O44: 227.65 | P44: =IF(COUNTIF(N:N,L44),L44,"") -> 46163 | Q44: =IF(P44>$A$14,P44,"") | AB44: =IF(COUNTIF(Z:Z,X44),X44,"")
A45: =IF(AND(ISBLANK(R34), A44 = $R$1),NOW(),IF(ISBLANK(R34),IF(ISBLANK(C44),NOW(),""),R34)) | B45: =IF(COUNTIF($R$2:R1030,A45)=1,VLOOKUP(A45,X:Y,2), IF(COUNTIF($R$2:R1030,A45)=0,$B$10,"")) | C45: =IF(ISERROR(B45-2),"",1*(B45/$B$14-1)*$B$5) | E45: =IF(COUNTIF(L:L,A45)=1,VLOOKUP(A45,N:O,2), IF(COUNTIF(L:L,A45)=0,$C$9,"")) | F45: =IF(ISERROR(B45-2),"",(E45-$E$14)*$C$5*$F$4) | G45: =IF(ISERROR(B45-2),"",-$C$7*$C$5*(A45-$A$14)/360) | I45: =IF(ISERROR(B45-2),"",-1*(C45+D45-F45)) | L45: 46164 | M45: 94.872 | N45: 45980 | O45: 229.35 | P45: =IF(COUNTIF(N:N,L45),L45,"") -> 46164 | Q45: =IF(P45>$A$14,P45,"") | AB45: =IF(COUNTIF(Z:Z,X45),X45,"")
A46: =IF(AND(ISBLANK(R35), A45 = $R$1),NOW(),IF(ISBLANK(R35),IF(ISBLANK(C45),NOW(),""),R35)) | B46: =IF(COUNTIF($R$2:R1031,A46)=1,VLOOKUP(A46,X:Y,2), IF(COUNTIF($R$2:R1031,A46)=0,$B$10,"")) | C46: =IF(ISERROR(B46-2),"",1*(B46/$B$14-1)*$B$5) | E46: =IF(COUNTIF(L:L,A46)=1,VLOOKUP(A46,N:O,2), IF(COUNTIF(L:L,A46)=0,$C$9,"")) | F46: =IF(ISERROR(B46-2),"",(E46-$E$14)*$C$5*$F$4) | G46: =IF(ISERROR(B46-2),"",-$C$7*$C$5*(A46-$A$14)/360) | I46: =IF(ISERROR(B46-2),"",-1*(C46+D46-F46)) | L46: 46168 | M46: 93.215 | N46: 45981 | O46: 231.85 | P46: =IF(COUNTIF(N:N,L46),L46,"") -> 46168 | Q46: =IF(P46>$A$14,P46,"") | AB46: =IF(COUNTIF(Z:Z,X46),X46,"")
A47: =IF(AND(ISBLANK(R36), A46 = $R$1),NOW(),IF(ISBLANK(R36),IF(ISBLANK(C46),NOW(),""),R36)) | B47: =IF(COUNTIF($R$2:R1032,A47)=1,VLOOKUP(A47,X:Y,2), IF(COUNTIF($R$2:R1032,A47)=0,$B$10,"")) | C47: =IF(ISERROR(B47-2),"",1*(B47/$B$14-1)*$B$5) | E47: =IF(COUNTIF(L:L,A47)=1,VLOOKUP(A47,N:O,2), IF(COUNTIF(L:L,A47)=0,$C$9,"")) | F47: =IF(ISERROR(B47-2),"",(E47-$E$14)*$C$5*$F$4) | G47: =IF(ISERROR(B47-2),"",-$C$7*$C$5*(A47-$A$14)/360) | I47: =IF(ISERROR(B47-2),"",-1*(C47+D47-F47)) | L47: 46169 | M47: 93.236 | N47: 45982 | O47: 230 | P47: =IF(COUNTIF(N:N,L47),L47,"") -> 46169 | Q47: =IF(P47>$A$14,P47,"") | AB47: =IF(COUNTIF(Z:Z,X47),X47,"")
... A62: =IF(AND(ISBLANK(R51), A61 = $R$1),NOW(),IF(ISBLANK(R51),IF(ISBLANK(C61),NOW(),""),R51)) | B62: =IF(COUNTIF($R$2:R1047,A62)=1,VLOOKUP(A62,X:Y,2), IF(COUNTIF($R$2:R1047,A62)=0,$B$10,"")) | C62: =IF(ISERROR(B62-2),"",1*(B62/$B$14-1)*$B$5) | E62: =IF(COUNTIF(L:L,A62)=1,VLOOKUP(A62,N:O,2), IF(COUNTIF(L:L,A62)=0,$C$9,"")) | F62: =IF(ISERROR(B62-2),"",(E62-$E$14)*$C$5*$F$4) | G62: =IF(ISERROR(B62-2),"",-$C$7*$C$5*(A62-$A$14)/360) | I62: =IF(ISERROR(B62-2),"",-1*(C62+D62-F62)) | L62: 46190 | M62: 88.237 | N62: 46003 | O62: 248.15 | P62: =IF(COUNTIF(N:N,L62),L62,"") -> 46190 | Q62: =IF(P62>$A$14,P62,"") -> 46190 | AB62: =IF(COUNTIF(Z:Z,X62),X62,"")
A63: =IF(AND(ISBLANK(R52), A62 = $R$1),NOW(),IF(ISBLANK(R52),IF(ISBLANK(C62),NOW(),""),R52)) | B63: =IF(COUNTIF($R$2:R1048,A63)=1,VLOOKUP(A63,X:Y,2), IF(COUNTIF($R$2:R1048,A63)=0,$B$10,"")) | C63: =IF(ISERROR(B63-2),"",1*(B63/$B$14-1)*$B$5) | E63: =IF(COUNTIF(L:L,A63)=1,VLOOKUP(A63,N:O,2), IF(COUNTIF(L:L,A63)=0,$C$9,"")) | F63: =IF(ISERROR(B63-2),"",(E63-$E$14)*$C$5*$F$4) | G63: =IF(ISERROR(B63-2),"",-$C$7*$C$5*(A63-$A$14)/360) | I63: =IF(ISERROR(B63-2),"",-1*(C63+D63-F63)) | N63: 46006 | O63: 252.25 | P63: =IF(COUNTIF(N:N,L63),L63,"") | Q63: =IF(P63>$A$14,P63,"") | AB63: =IF(COUNTIF(Z:Z,X63),X63,"")
A64: =IF(AND(ISBLANK(R53), A63 = $R$1),NOW(),IF(ISBLANK(R53),IF(ISBLANK(C63),NOW(),""),R53)) | B64: =IF(COUNTIF($R$2:R1049,A64)=1,VLOOKUP(A64,X:Y,2), IF(COUNTIF($R$2:R1049,A64)=0,$B$10,"")) | C64: =IF(ISERROR(B64-2),"",1*(B64/$B$14-1)*$B$5) | E64: =IF(COUNTIF(L:L,A64)=1,VLOOKUP(A64,N:O,2), IF(COUNTIF(L:L,A64)=0,$C$9,"")) | F64: =IF(ISERROR(B64-2),"",(E64-$E$14)*$C$5*$F$4) | G64: =IF(ISERROR(B64-2),"",-$C$7*$C$5*(A64-$A$14)/360) | I64: =IF(ISERROR(B64-2),"",-1*(C64+D64-F64)) | N64: 46007 | O64: 252.2 | P64: =IF(COUNTIF(N:N,L64),L64,"") | Q64: =IF(P64>$A$14,P64,"") | AB64: =IF(COUNTIF(Z:Z,X64),X64,"")
A65: =IF(AND(ISBLANK(R54), A64 = $R$1),NOW(),IF(ISBLANK(R54),IF(ISBLANK(C64),NOW(),""),R54)) | B65: =IF(COUNTIF($R$2:R1050,A65)=1,VLOOKUP(A65,X:Y,2), IF(COUNTIF($R$2:R1050,A65)=0,$B$10,"")) | C65: =IF(ISERROR(B65-2),"",1*(B65/$B$14-1)*$B$5) | E65: =IF(COUNTIF(L:L,A65)=1,VLOOKUP(A65,N:O,2), IF(COUNTIF(L:L,A65)=0,$C$9,"")) | F65: =IF(ISERROR(B65-2),"",(E65-$E$14)*$C$5*$F$4) | G65: =IF(ISERROR(B65-2),"",-$C$7*$C$5*(A65-$A$14)/360) | I65: =IF(ISERROR(B65-2),"",-1*(C65+D65-F65)) | N65: 46008 | O65: 253.7 | P65: =IF(COUNTIF(N:N,L65),L65,"") | Q65: =IF(P65>$A$14,P65,"") | AB65: =IF(COUNTIF(Z:Z,X65),X65,"")
A66: =IF(AND(ISBLANK(R55), A65 = $R$1),NOW(),IF(ISBLANK(R55),IF(ISBLANK(C65),NOW(),""),R55)) | B66: =IF(COUNTIF($R$2:R1051,A66)=1,VLOOKUP(A66,X:Y,2), IF(COUNTIF($R$2:R1051,A66)=0,$B$10,"")) | C66: =IF(ISERROR(B66-2),"",1*(B66/$B$14-1)*$B$5) | E66: =IF(COUNTIF(L:L,A66)=1,VLOOKUP(A66,N:O,2), IF(COUNTIF(L:L,A66)=0,$C$9,"")) | F66: =IF(ISERROR(B66-2),"",(E66-$E$14)*$C$5*$F$4) | G66: =IF(ISERROR(B66-2),"",-$C$7*$C$5*(A66-$A$14)/360) | I66: =IF(ISERROR(B66-2),"",-1*(C66+D66-F66)) | N66: 46009 | O66: 256.2 | P66: =IF(COUNTIF(N:N,L66),L66,"") | Q66: =IF(P66>$A$14,P66,"") | AB66: =IF(COUNTIF(Z:Z,X66),X66,"")
A67: =IF(AND(ISBLANK(R56), A66 = $R$1),NOW(),IF(ISBLANK(R56),IF(ISBLANK(C66),NOW(),""),R56)) | B67: =IF(COUNTIF($R$2:R1052,A67)=1,VLOOKUP(A67,X:Y,2), IF(COUNTIF($R$2:R1052,A67)=0,$B$10,"")) | C67: =IF(ISERROR(B67-2),"",1*(B67/$B$14-1)*$B$5) | E67: =IF(COUNTIF(L:L,A67)=1,VLOOKUP(A67,N:O,2), IF(COUNTIF(L:L,A67)=0,$C$9,"")) | F67: =IF(ISERROR(B67-2),"",(E67-$E$14)*$C$5*$F$4) | G67: =IF(ISERROR(B67-2),"",-$C$7*$C$5*(A67-$A$14)/360) | I67: =IF(ISERROR(B67-2),"",-1*(C67+D67-F67)) | N67: 46010 | O67: 258.3 | P67: =IF(COUNTIF(N:N,L67),L67,"") | Q67: =IF(P67>$A$14,P67,"") | AB67: =IF(COUNTIF(Z:Z,X67),X67,"")
A68: =IF(AND(ISBLANK(R57), A67 = $R$1),NOW(),IF(ISBLANK(R57),IF(ISBLANK(C67),NOW(),""),R57)) | B68: =IF(COUNTIF($R$2:R1053,A68)=1,VLOOKUP(A68,X:Y,2), IF(COUNTIF($R$2:R1053,A68)=0,$B$10,"")) | C68: =IF(ISERROR(B68-2),"",1*(B68/$B$14-1)*$B$5) | E68: =IF(COUNTIF(L:L,A68)=1,VLOOKUP(A68,N:O,2), IF(COUNTIF(L:L,A68)=0,$C$9,"")) | F68: =IF(ISERROR(B68-2),"",(E68-$E$14)*$C$5*$F$4) | G68: =IF(ISERROR(B68-2),"",-$C$7*$C$5*(A68-$A$14)/360) | I68: =IF(ISERROR(B68-2),"",-1*(C68+D68-F68)) | N68: 46013 | O68: 257.15 | P68: =IF(COUNTIF(N:N,L68),L68,"") | Q68: =IF(P68>$A$14,P68,"") | AB68: =IF(COUNTIF(Z:Z,X68),X68,"")
A69: =IF(AND(ISBLANK(R58), A68 = $R$1),NOW(),IF(ISBLANK(R58),IF(ISBLANK(C68),NOW(),""),R58)) | B69: =IF(COUNTIF($R$2:R1054,A69)=1,VLOOKUP(A69,X:Y,2), IF(COUNTIF($R$2:R1054,A69)=0,$B$10,"")) | C69: =IF(ISERROR(B69-2),"",1*(B69/$B$14-1)*$B$5) | E69: =IF(COUNTIF(L:L,A69)=1,VLOOKUP(A69,N:O,2), IF(COUNTIF(L:L,A69)=0,$C$9,"")) | F69: =IF(ISERROR(B69-2),"",(E69-$E$14)*$C$5*$F$4) | G69: =IF(ISERROR(B69-2),"",-$C$7*$C$5*(A69-$A$14)/360) | I69: =IF(ISERROR(B69-2),"",-1*(C69+D69-F69)) | N69: 46014 | O69: 258.05 | P69: =IF(COUNTIF(N:N,L69),L69,"") | Q69: =IF(P69>$A$14,P69,"") | AB69: =IF(COUNTIF(Z:Z,X69),X69,"")
A70: =IF(AND(ISBLANK(R59), A69 = $R$1),NOW(),IF(ISBLANK(R59),IF(ISBLANK(C69),NOW(),""),R59)) | B70: =IF(COUNTIF($R$2:R1055,A70)=1,VLOOKUP(A70,X:Y,2), IF(COUNTIF($R$2:R1055,A70)=0,$B$10,"")) | C70: =IF(ISERROR(B70-2),"",1*(B70/$B$14-1)*$B$5) | E70: =IF(COUNTIF(L:L,A70)=1,VLOOKUP(A70,N:O,2), IF(COUNTIF(L:L,A70)=0,$C$9,"")) | F70: =IF(ISERROR(B70-2),"",(E70-$E$14)*$C$5*$F$4) | G70: =IF(ISERROR(B70-2),"",-$C$7*$C$5*(A70-$A$14)/360) | I70: =IF(ISERROR(B70-2),"",-1*(C70+D70-F70)) | N70: 46020 | O70: 256.45 | P70: =IF(COUNTIF(N:N,L70),L70,"") | Q70: =IF(P70>$A$14,P70,"") | AB70: =IF(COUNTIF(Z:Z,X70),X70,"")
A71: =IF(AND(ISBLANK(R60), A70 = $R$1),NOW(),IF(ISBLANK(R60),IF(ISBLANK(C70),NOW(),""),R60)) | B71: =IF(COUNTIF($R$2:R1056,A71)=1,VLOOKUP(A71,X:Y,2), IF(COUNTIF($R$2:R1056,A71)=0,$B$10,"")) | C71: =IF(ISERROR(B71-2),"",1*(B71/$B$14-1)*$B$5) | E71: =IF(COUNTIF(L:L,A71)=1,VLOOKUP(A71,N:O,2), IF(COUNTIF(L:L,A71)=0,$C$9,"")) | F71: =IF(ISERROR(B71-2),"",(E71-$E$14)*$C$5*$F$4) | G71: =IF(ISERROR(B71-2),"",-$C$7*$C$5*(A71-$A$14)/360) | I71: =IF(ISERROR(B71-2),"",-1*(C71+D71-F71)) | N71: 46021 | O71: 260.95 | P71: =IF(COUNTIF(N:N,L71),L71,"") | Q71: =IF(P71>$A$14,P71,"") | AB71: =IF(COUNTIF(Z:Z,X71),X71,"")
A72: =IF(AND(ISBLANK(R61), A71 = $R$1),NOW(),IF(ISBLANK(R61),IF(ISBLANK(C71),NOW(),""),R61)) | B72: =IF(COUNTIF($R$2:R1057,A72)=1,VLOOKUP(A72,X:Y,2), IF(COUNTIF($R$2:R1057,A72)=0,$B$10,"")) | C72: =IF(ISERROR(B72-2),"",1*(B72/$B$14-1)*$B$5) | E72: =IF(COUNTIF(L:L,A72)=1,VLOOKUP(A72,N:O,2), IF(COUNTIF(L:L,A72)=0,$C$9,"")) | F72: =IF(ISERROR(B72-2),"",(E72-$E$14)*$C$5*$F$4) | G72: =IF(ISERROR(B72-2),"",-$C$7*$C$5*(A72-$A$14)/360) | I72: =IF(ISERROR(B72-2),"",-1*(C72+D72-F72)) | N72: 46024 | O72: 263.2 | P72: =IF(COUNTIF(N:N,L72),L72,"") | Q72: =IF(P72>$A$14,P72,"") | AB72: =IF(COUNTIF(Z:Z,X72),X72,"")
A73: =IF(AND(ISBLANK(R62), A72 = $R$1),NOW(),IF(ISBLANK(R62),IF(ISBLANK(C72),NOW(),""),R62)) | B73: =IF(COUNTIF($R$2:R1058,A73)=1,VLOOKUP(A73,X:Y,2), IF(COUNTIF($R$2:R1058,A73)=0,$B$10,"")) | C73: =IF(ISERROR(B73-2),"",1*(B73/$B$14-1)*$B$5) | E73: =IF(COUNTIF(L:L,A73)=1,VLOOKUP(A73,N:O,2), IF(COUNTIF(L:L,A73)=0,$C$9,"")) | F73: =IF(ISERROR(B73-2),"",(E73-$E$14)*$C$5*$F$4) | G73: =IF(ISERROR(B73-2),"",-$C$7*$C$5*(A73-$A$14)/360) | I73: =IF(ISERROR(B73-2),"",-1*(C73+D73-F73)) | N73: 46027 | O73: 264.7 | P73: =IF(COUNTIF(N:N,L73),L73,"") | Q73: =IF(P73>$A$14,P73,"") | AB73: =IF(COUNTIF(Z:Z,X73),X73,"")
A74: =IF(AND(ISBLANK(R63), A73 = $R$1),NOW(),IF(ISBLANK(R63),IF(ISBLANK(C73),NOW(),""),R63)) | B74: =IF(COUNTIF($R$2:R1059,A74)=1,VLOOKUP(A74,X:Y,2), IF(COUNTIF($R$2:R1059,A74)=0,$B$10,"")) | C74: =IF(ISERROR(B74-2),"",1*(B74/$B$14-1)*$B$5) | E74: =IF(COUNTIF(L:L,A74)=1,VLOOKUP(A74,N:O,2), IF(COUNTIF(L:L,A74)=0,$C$9,"")) | F74: =IF(ISERROR(B74-2),"",(E74-$E$14)*$C$5*$F$4) | G74: =IF(ISERROR(B74-2),"",-$C$7*$C$5*(A74-$A$14)/360) | I74: =IF(ISERROR(B74-2),"",-1*(C74+D74-F74)) | N74: 46028 | O74: 262.65 | P74: =IF(COUNTIF(N:N,L74),L74,"") | Q74: =IF(P74>$A$14,P74,"") | AB74: =IF(COUNTIF(Z:Z,X74),X74,"")
... A117: =IF(AND(ISBLANK(R106), A116 = $R$1),NOW(),IF(ISBLANK(R106),IF(ISBLANK(C116),NOW(),""),R106)) | B117: =IF(COUNTIF($R$2:R1102,A117)=1,VLOOKUP(A117,X:Y,2), IF(COUNTIF($R$2:R1102,A117)=0,$B$10,"")) | C117: =IF(ISERROR(B117-2),"",1*(B117/$B$14-1)*$B$5) | E117: =IF(COUNTIF(L:L,A117)=1,VLOOKUP(A117,N:O,2), IF(COUNTIF(L:L,A117)=0,$C$9,"")) | F117: =IF(ISERROR(B117-2),"",(E117-$E$14)*$C$5*$F$4) | G117: =IF(ISERROR(B117-2),"",-$C$7*$C$5*(A117-$A$14)/360) | I117: =IF(ISERROR(B117-2),"",-1*(C117+D117-F117)) | N117: 46087 | O117: 239.75 | P117: =IF(COUNTIF(N:N,L117),L117,"") | Q117: =IF(P117>$A$14,P117,"") | AB117: =IF(COUNTIF(Z:Z,X117),X117,"")
N118: 46090 | O118: 238.45 | P118: =IF(COUNTIF(N:N,L118),L118,"") | Q118: =IF(P118>$A$14,P118,"") | AB118: =IF(COUNTIF(Z:Z,X118),X118,"")
N119: 46091 | O119: 248.35 | P119: =IF(COUNTIF(N:N,L119),L119,"") | Q119: =IF(P119>$A$14,P119,"") | AB119: =IF(COUNTIF(Z:Z,X119),X119,"")
N120: 46092 | O120: 245.9 | P120: =IF(COUNTIF(N:N,L120),L120,"") | Q120: =IF(P120>$A$14,P120,"") | AB120: =IF(COUNTIF(Z:Z,X120),X120,"")
N121: 46093 | O121: 238.85 | P121: =IF(COUNTIF(N:N,L121),L121,"") | Q121: =IF(P121>$A$14,P121,"") | AB121: =IF(COUNTIF(Z:Z,X121),X121,"")
N122: 46094 | O122: 236 | P122: =IF(COUNTIF(N:N,L122),L122,"") | Q122: =IF(P122>$A$14,P122,"") | AB122: =IF(COUNTIF(Z:Z,X122),X122,"")
N123: 46097 | O123: 236.9 | P123: =IF(COUNTIF(N:N,L123),L123,"") | Q123: =IF(P123>$A$14,P123,"") | AB123: =IF(COUNTIF(Z:Z,X123),X123,"")
N124: 46098 | O124: 238 | P124: =IF(COUNTIF(N:N,L124),L124,"") | Q124: =IF(P124>$A$14,P124,"") | AB124: =IF(COUNTIF(Z:Z,X124),X124,"")
N125: 46099 | O125: 241.1 | P125: =IF(COUNTIF(N:N,L125),L125,"") | Q125: =IF(P125>$A$14,P125,"") | AB125: =IF(COUNTIF(Z:Z,X125),X125,"")
N126: 46100 | O126: 234.1 | P126: =IF(COUNTIF(N:N,L126),L126,"") | Q126: =IF(P126>$A$14,P126,"") | AB126: =IF(COUNTIF(Z:Z,X126),X126,"")
N127: 46101 | O127: 229.5 | P127: =IF(COUNTIF(N:N,L127),L127,"") | Q127: =IF(P127>$A$14,P127,"") | AB127: =IF(COUNTIF(Z:Z,X127),X127,"")
N128: 46104 | O128: 235.1 | P128: =IF(COUNTIF(N:N,L128),L128,"") | Q128: =IF(P128>$A$14,P128,"") | AB128: =IF(COUNTIF(Z:Z,X128),X128,"")
N129: 46105 | O129: 233.85 | P129: =IF(COUNTIF(N:N,L129),L129,"") | Q129: =IF(P129>$A$14,P129,"") | AB129: =IF(COUNTIF(Z:Z,X129),X129,"")
... N187: 46190 | O187: 294.4 | P187: =IF(COUNTIF(N:N,L187),L187,"") | Q187: =IF(P187>$A$14,P187,"") | AB187: =IF(COUNTIF(Z:Z,X187),X187,"")
P188: =IF(COUNTIF(N:N,L188),L188,"") | Q188: =IF(P188>$A$14,P188,"") | AB188: =IF(COUNTIF(Z:Z,X188),X188,"")
P189: =IF(COUNTIF(N:N,L189),L189,"") | Q189: =IF(P189>$A$14,P189,"") | AB189: =IF(COUNTIF(Z:Z,X189),X189,"")
P190: =IF(COUNTIF(N:N,L190),L190,"") | Q190: =IF(P190>$A$14,P190,"") | AB190: =IF(COUNTIF(Z:Z,X190),X190,"")
P191: =IF(COUNTIF(N:N,L191),L191,"") | Q191: =IF(P191>$A$14,P191,"") | AB191: =IF(COUNTIF(Z:Z,X191),X191,"")
P192: =IF(COUNTIF(N:N,L192),L192,"") | Q192: =IF(P192>$A$14,P192,"") | AB192: =IF(COUNTIF(Z:Z,X192),X192,"")
P193: =IF(COUNTIF(N:N,L193),L193,"") | Q193: =IF(P193>$A$14,P193,"") | AB193: =IF(COUNTIF(Z:Z,X193),X193,"")
P194: =IF(COUNTIF(N:N,L194),L194,"") | Q194: =IF(P194>$A$14,P194,"") | AB194: =IF(COUNTIF(Z:Z,X194),X194,"")
P195: =IF(COUNTIF(N:N,L195),L195,"") | Q195: =IF(P195>$A$14,P195,"") | AB195: =IF(COUNTIF(Z:Z,X195),X195,"")
P196: =IF(COUNTIF(N:N,L196),L196,"") | Q196: =IF(P196>$A$14,P196,"") | AB196: =IF(COUNTIF(Z:Z,X196),X196,"")
P197: =IF(COUNTIF(N:N,L197),L197,"") | Q197: =IF(P197>$A$14,P197,"") | AB197: =IF(COUNTIF(Z:Z,X197),X197,"")
P198: =IF(COUNTIF(N:N,L198),L198,"") | Q198: =IF(P198>$A$14,P198,"") | AB198: =IF(COUNTIF(Z:Z,X198),X198,"")
P199: =IF(COUNTIF(N:N,L199),L199,"") | Q199: =IF(P199>$A$14,P199,"") | AB199: =IF(COUNTIF(Z:Z,X199),X199,"")
... P421: =IF(COUNTIF(N:N,L421),L421,"") | Q421: =IF(P421>$A$14,P421,"") | AB421: =IF(COUNTIF(Z:Z,X421),X421,"")
P422: =IF(COUNTIF(N:N,L422),L422,"") | Q422: =IF(P422>$A$14,P422,"")
P423: =IF(COUNTIF(N:N,L423),L423,"") | Q423: =IF(P423>$A$14,P423,"")
P424: =IF(COUNTIF(N:N,L424),L424,"") | Q424: =IF(P424>$A$14,P424,"")
P425: =IF(COUNTIF(N:N,L425),L425,"") | Q425: =IF(P425>$A$14,P425,"")
P426: =IF(COUNTIF(N:N,L426),L426,"") | Q426: =IF(P426>$A$14,P426,"")
P427: =IF(COUNTIF(N:N,L427),L427,"") | Q427: =IF(P427>$A$14,P427,"")
P428: =IF(COUNTIF(N:N,L428),L428,"") | Q428: =IF(P428>$A$14,P428,"")
P429: =IF(COUNTIF(N:N,L429),L429,"") | Q429: =IF(P429>$A$14,P429,"")
P430: =IF(COUNTIF(N:N,L430),L430,"") | Q430: =IF(P430>$A$14,P430,"")
P431: =IF(COUNTIF(N:N,L431),L431,"") | Q431: =IF(P431>$A$14,P431,"")
P432: =IF(COUNTIF(N:N,L432),L432,"") | Q432: =IF(P432>$A$14,P432,"")
P433: =IF(COUNTIF(N:N,L433),L433,"") | Q433: =IF(P433>$A$14,P433,"")
... P945: =IF(COUNTIF(N:N,L945),L945,"") | Q945: =IF(P945>$A$14,P945,"")

Sheet 41c
B1: ERIXITSE Index | L1: =TODAY()-150 -> 46041 | R1: {=LOOKUP(2,1/(R:R<>""),R:R)} -> 46190 | AC1: Last ER Date = | AD1: {=LOOKUP(2,1/(AB:AB<>""),AB:AB)} -> 46190
B2: Short Risk | C2: Long Risk | L2: Short Risk | N2: Long Risk | R2: {=_xlfn.UNIQUE(Q:Q)} -> 0 | AC2: Last CDX = | AD2: =VLOOKUP(AD1,Z:AA,2) -> 54.383
A3: Name= | B3: SNRFIN S45 | C3: SX7E | L3: {=_xll.BDH($B$4, "PX_LAST, ", TODAY()-300, TODAY()-1)} -> 46101 | M3: 77.71 | N3: {=_xll.BDH($C$4, "PX_LAST, ", TODAY()-300, TODAY()-1)} -> 45922 | O3: 225.7 | P3: =IF(COUNTIF(N:N,L3),L3,"") -> 46101 | Q3: =IF(P3>$A$14,P3,"") | X3: {=_xll.BDH(B1, "LAST_PRICE", "05/01/2026","")} -> 46143 | Y3: 126.6553 | Z3: {=_xll.BDH(B4, "LAST_PRICE", "05/01/2026", "")} -> 46143 | AA3: 60.498 | AB3: =IF(COUNTIF(Z:Z,X3),X3,"") -> 46143 | AC3: Last ER = | AD3: =VLOOKUP(AD1,X:Y,2) -> 127.1312
A4: BBG Ticker= | B4: SNRFIN CDSI S45 5Y CORP | C4: CAM6 INDEX | E4: Contract Size = | F4: 50 | L4: 46104 | M4: 75.63 | N4: 45923 | O4: 226.65 | P4: =IF(COUNTIF(N:N,L4),L4,"") -> 46104 | Q4: =IF(P4>$A$14,P4,"") | R4: 46182 | X4: 46147 | Y4: 126.6293 | Z4: 46147 | AA4: 61.04 | AB4: =IF(COUNTIF(Z:Z,X4),X4,"") -> 46147 | AC4: Carry Days = | AD4: =INT(NOW())-INT(AD1) -> 1
A5: Not'l= | B5: =125*10^6 -> 125000000 | C5: 475 | L5: 46105 | M5: 76.055 | N5: 45924 | O5: 227.4 | P5: =IF(COUNTIF(N:N,L5),L5,"") -> 46105 | Q5: =IF(P5>$A$14,P5,"") | R5: 46183 | X5: 46148 | Y5: 126.7805 | Z5: 46148 | AA5: 58.662 | AB5: =IF(COUNTIF(Z:Z,X5),X5,"") -> 46148
A6: Carry= | B6: 0.01 | C6: 0 | L6: 46106 | M6: 73.439 | N6: 45925 | O6: 225.8 | P6: =IF(COUNTIF(N:N,L6),L6,"") -> 46106 | Q6: =IF(P6>$A$14,P6,"") | R6: 46184 | X6: 46149 | Y6: 126.7497 | Z6: 46149 | AA6: 59.383 | AB6: =IF(COUNTIF(Z:Z,X6),X6,"") -> 46149
A7: Financing Rate= | B7: 0 | C7: 0 | E7: Markit ER at Entry = | F7: 126.9854 | L7: 46107 | M7: 77.638 | N7: 45926 | O7: 230.25 | P7: =IF(COUNTIF(N:N,L7),L7,"") -> 46107 | Q7: =IF(P7>$A$14,P7,"") | R7: 46185 | X7: 46150 | Y7: 126.746 | Z7: 46150 | AA7: 59.294 | AB7: =IF(COUNTIF(Z:Z,X7),X7,"") -> 46150
A8: Initial Duration= | B8: 4.736 | L8: 46108 | M8: 80.096 | N8: 45929 | O8: 228.4 | P8: =IF(COUNTIF(N:N,L8),L8,"") -> 46108 | Q8: =IF(P8>$A$14,P8,"") | R8: 46188 | X8: 46153 | Y8: 126.7757 | Z8: 46153 | AA8: 58.977 | AB8: =IF(COUNTIF(Z:Z,X8),X8,"") -> 46153
A9: Live BBG PX= | B9: {=_xll.BDP(B4,"PX_LAST")} -> 54.28358 | C9: {=_xll.BDP(C4,"PX_LAST")} -> 295.2 | L9: 46111 | M9: 79.806 | N9: 45930 | O9: 228.85 | P9: =IF(COUNTIF(N:N,L9),L9,"") -> 46111 | Q9: =IF(P9>$A$14,P9,"") | R9: 46189 | X9: 46154 | Y9: 126.6486 | Z9: 46154 | AA9: 61.081 | AB9: =IF(COUNTIF(Z:Z,X9),X9,"") -> 46154
A10: Live ER = | B10: =AD3*(1-(B9-AD2)*B8*10^-4+B6*AD4/360) -> 127.14072 | L10: 46112 | M10: 77.741 | N10: 45931 | O10: 230.4 | P10: =IF(COUNTIF(N:N,L10),L10,"") -> 46112 | Q10: =IF(P10>$A$14,P10,"") | R10: 46190 | X10: 46155 | Y10: 126.7083 | Z10: 46155 | AA10: 59.909 | AB10: =IF(COUNTIF(Z:Z,X10),X10,"") -> 46155
L11: 46113 | M11: 71.61 | N11: 45932 | O11: 228.5 | P11: =IF(COUNTIF(N:N,L11),L11,"") -> 46113 | Q11: =IF(P11>$A$14,P11,"") | X11: 46156 | Y11: 126.7735 | Z11: 46156 | AA11: 58.857 | AB11: =IF(COUNTIF(Z:Z,X11),X11,"") -> 46156
A12: Date | B12: Short Risk | E12: Long Risk | H12: Div | I12: Net P/L | L12: 46114 | M12: 70.682 | N12: 45933 | O12: 229.3 | P12: =IF(COUNTIF(N:N,L12),L12,"") -> 46114 | Q12: =IF(P12>$A$14,P12,"") | X12: 46157 | Y12: 126.6627 | Z12: 46157 | AA12: 61.091 | AB12: =IF(COUNTIF(Z:Z,X12),X12,"") -> 46157
B13: Sprd | C13: Price P/L | D13: Carry P/L | E13: Price | F13: Price P/L | G13: Carry P/L | L13: 46119 | M13: 72.153 | N13: 45936 | O13: 226.55 | P13: =IF(COUNTIF(N:N,L13),L13,"") -> 46119 | Q13: =IF(P13>$A$14,P13,"") | X13: 46160 | Y13: 126.6943 | Z13: 46160 | AA13: 60.332 | AB13: =IF(COUNTIF(Z:Z,X13),X13,"") -> 46160
A14: 46181 | B14: =F7/(1-(D14-C14)*B8*10^-4) -> 127.00338 | C14: 56.4 | D14: 56.699 | E14: 268.05 | I14: 0 | L14: 46120 | M14: 64.495 | N14: 45937 | O14: 226 | P14: =IF(COUNTIF(N:N,L14),L14,"") -> 46120 | Q14: =IF(P14>$A$14,P14,"") | X14: 46161 | Y14: 126.6609 | Z14: 46161 | AA14: 61.037 | AB14: =IF(COUNTIF(Z:Z,X14),X14,"") -> 46161
A15: =IF(AND(ISBLANK(R4), A14 = $R$1),NOW(),IF(ISBLANK(R4),IF(ISBLANK(#REF!),NOW(),""),R4)) -> 46182 | B15: =IF(COUNTIF($R$2:R1000,A15)=1,VLOOKUP(A15,X:Y,2), IF(COUNTIF($R$2:R1000,A15)=0,$B$10,"")) -> 126.9854 | C15: =IF(ISERROR(B15-2),"",1*(B15/$B$14-1)*$B$5) -> -17700.8 | E15: =IF(COUNTIF(L:L,A15)=1,VLOOKUP(A15,N:O,2), IF(COUNTIF(L:L,A15)=0,$C$9,"")) -> 268.2 | F15: =IF(ISERROR(B15-2),"",(E15-$E$14)*$C$5*$F$4) -> 3562.5 | G15: =IF(ISERROR(B15-2),"",-$C$7*$C$5*(A15-$A$14)/360) -> 0 | I15: =IF(ISERROR(B15-2),"",F15-C15) -> 21263.3 | L15: 46121 | M15: 63.02 | N15: 45938 | O15: 226.95 | P15: =IF(COUNTIF(N:N,L15),L15,"") -> 46121 | Q15: =IF(P15>$A$14,P15,"") | X15: 46162 | Y15: 126.7999 | Z15: 46162 | AA15: 58.652 | AB15: =IF(COUNTIF(Z:Z,X15),X15,"") -> 46162
A16: =IF(AND(ISBLANK(R5), A15 = $R$1),NOW(),IF(ISBLANK(R5),IF(ISBLANK(C15),NOW(),""),R5)) -> 46183 | B16: =IF(COUNTIF($R$2:R1001,A16)=1,VLOOKUP(A16,X:Y,2), IF(COUNTIF($R$2:R1001,A16)=0,$B$10,"")) -> 126.9585 | C16: =IF(ISERROR(B16-2),"",1*(B16/$B$14-1)*$B$5) -> -44176.472 | E16: =IF(COUNTIF(L:L,A16)=1,VLOOKUP(A16,N:O,2), IF(COUNTIF(L:L,A16)=0,$C$9,"")) -> 266.35 | F16: =IF(ISERROR(B16-2),"",(E16-$E$14)*$C$5*$F$4) -> -40375 | G16: =IF(ISERROR(B16-2),"",-$C$7*$C$5*(A16-$A$14)/360) -> 0 | I16: =IF(ISERROR(B16-2),"",F16-C16) -> 3801.4724 | L16: 46122 | M16: 63.872 | N16: 45939 | O16: 225.35 | P16: =IF(COUNTIF(N:N,L16),L16,"") -> 46122 | Q16: =IF(P16>$A$14,P16,"") | X16: 46163 | Y16: 126.7782 | Z16: 46163 | AA16: 59.023 | AB16: =IF(COUNTIF(Z:Z,X16),X16,"") -> 46163
A17: =IF(AND(ISBLANK(R6), A16 = $R$1),NOW(),IF(ISBLANK(R6),IF(ISBLANK(C16),NOW(),""),R6)) -> 46184 | B17: =IF(COUNTIF($R$2:R1002,A17)=1,VLOOKUP(A17,X:Y,2), IF(COUNTIF($R$2:R1002,A17)=0,$B$10,"")) -> 126.9697 | C17: =IF(ISERROR(B17-2),"",1*(B17/$B$14-1)*$B$5) -> -33153.144 | E17: =IF(COUNTIF(L:L,A17)=1,VLOOKUP(A17,N:O,2), IF(COUNTIF(L:L,A17)=0,$C$9,"")) -> 267.05 | F17: =IF(ISERROR(B17-2),"",(E17-$E$14)*$C$5*$F$4) -> -23750 | G17: =IF(ISERROR(B17-2),"",-$C$7*$C$5*(A17-$A$14)/360) -> 0 | I17: =IF(ISERROR(B17-2),"",F17-C17) -> 9403.1441 | L17: 46125 | M17: 63.852 | N17: 45940 | O17: 222.5 | P17: =IF(COUNTIF(N:N,L17),L17,"") -> 46125 | Q17: =IF(P17>$A$14,P17,"") | X17: 46164 | Y17: 126.8774 | Z17: 46164 | AA17: 57.529 | AB17: =IF(COUNTIF(Z:Z,X17),X17,"") -> 46164
A18: =IF(AND(ISBLANK(R7), A17 = $R$1),NOW(),IF(ISBLANK(R7),IF(ISBLANK(C17),NOW(),""),R7)) -> 46185 | B18: =IF(COUNTIF($R$2:R1003,A18)=1,VLOOKUP(A18,X:Y,2), IF(COUNTIF($R$2:R1003,A18)=0,$B$10,"")) -> 127.0964 | C18: =IF(ISERROR(B18-2),"",1*(B18/$B$14-1)*$B$5) -> 91548.257 | E18: =IF(COUNTIF(L:L,A18)=1,VLOOKUP(A18,N:O,2), IF(COUNTIF(L:L,A18)=0,$C$9,"")) -> 277.55 | F18: =IF(ISERROR(B18-2),"",(E18-$E$14)*$C$5*$F$4) -> 225625 | G18: =IF(ISERROR(B18-2),"",-$C$7*$C$5*(A18-$A$14)/360) -> 0 | I18: =IF(ISERROR(B18-2),"",F18-C18) -> 134076.74 | L18: 46126 | M18: 61.024 | N18: 45943 | O18: 223.45 | P18: =IF(COUNTIF(N:N,L18),L18,"") -> 46126 | Q18: =IF(P18>$A$14,P18,"") | X18: 46168 | Y18: 126.945 | Z18: 46168 | AA18: 56.646 | AB18: =IF(COUNTIF(Z:Z,X18),X18,"") -> 46168
A19: =IF(AND(ISBLANK(R8), A18 = $R$1),NOW(),IF(ISBLANK(R8),IF(ISBLANK(C18),NOW(),""),R8)) -> 46188 | B19: =IF(COUNTIF($R$2:R1004,A19)=1,VLOOKUP(A19,X:Y,2), IF(COUNTIF($R$2:R1004,A19)=0,$B$10,"")) -> 127.1601 | C19: =IF(ISERROR(B19-2),"",1*(B19/$B$14-1)*$B$5) -> 154243.44 | E19: =IF(COUNTIF(L:L,A19)=1,VLOOKUP(A19,N:O,2), IF(COUNTIF(L:L,A19)=0,$C$9,"")) -> 284.15 | F19: =IF(ISERROR(B19-2),"",(E19-$E$14)*$C$5*$F$4) -> 382375 | G19: =IF(ISERROR(B19-2),"",-$C$7*$C$5*(A19-$A$14)/360) -> 0 | I19: =IF(ISERROR(B19-2),"",F19-C19) -> 228131.56 | L19: 46127 | M19: 61.375 | N19: 45944 | O19: 224 | P19: =IF(COUNTIF(N:N,L19),L19,"") -> 46127 | Q19: =IF(P19>$A$14,P19,"") | X19: 46169 | Y19: 126.9612 | Z19: 46169 | AA19: 56.587 | AB19: =IF(COUNTIF(Z:Z,X19),X19,"") -> 46169
A20: =IF(AND(ISBLANK(R9), A19 = $R$1),NOW(),IF(ISBLANK(R9),IF(ISBLANK(C19),NOW(),""),R9)) -> 46189 | B20: =IF(COUNTIF($R$2:R1005,A20)=1,VLOOKUP(A20,X:Y,2), IF(COUNTIF($R$2:R1005,A20)=0,$B$10,"")) -> 127.1471 | C20: =IF(ISERROR(B20-2),"",1*(B20/$B$14-1)*$B$5) -> 141448.5 | E20: =IF(COUNTIF(L:L,A20)=1,VLOOKUP(A20,N:O,2), IF(COUNTIF(L:L,A20)=0,$C$9,"")) -> 289.15 | F20: =IF(ISERROR(B20-2),"",(E20-$E$14)*$C$5*$F$4) -> 501125 | G20: =IF(ISERROR(B20-2),"",-$C$7*$C$5*(A20-$A$14)/360) -> 0 | I20: =IF(ISERROR(B20-2),"",F20-C20) -> 359676.5 | L20: 46128 | M20: 62.141 | N20: 45945 | O20: 223.6 | P20: =IF(COUNTIF(N:N,L20),L20,"") -> 46128 | Q20: =IF(P20>$A$14,P20,"") | X20: 46170 | Y20: 127.0003 | Z20: 46170 | AA20: 55.875 | AB20: =IF(COUNTIF(Z:Z,X20),X20,"") -> 46170
A21: =IF(AND(ISBLANK(R10), A20 = $R$1),NOW(),IF(ISBLANK(R10),IF(ISBLANK(C20),NOW(),""),R10)) -> 46190 | B21: =IF(COUNTIF($R$2:R1006,A21)=1,VLOOKUP(A21,X:Y,2), IF(COUNTIF($R$2:R1006,A21)=0,$B$10,"")) -> 127.1312 | C21: =IF(ISERROR(B21-2),"",1*(B21/$B$14-1)*$B$5) -> 125799.31 | E21: =IF(COUNTIF(L:L,A21)=1,VLOOKUP(A21,N:O,2), IF(COUNTIF(L:L,A21)=0,$C$9,"")) -> 294.4 | F21: =IF(ISERROR(B21-2),"",(E21-$E$14)*$C$5*$F$4) -> 625812.5 | G21: =IF(ISERROR(B21-2),"",-$C$7*$C$5*(A21-$A$14)/360) -> 0 | I21: =IF(ISERROR(B21-2),"",F21-C21) -> 500013.19 | L21: 46129 | M21: 59.907 | N21: 45946 | O21: 224.8 | P21: =IF(COUNTIF(N:N,L21),L21,"") -> 46129 | Q21: =IF(P21>$A$14,P21,"") | X21: 46171 | Y21: 127.0389 | Z21: 46171 | AA21: 55.31 | AB21: =IF(COUNTIF(Z:Z,X21),X21,"") -> 46171
A22: =IF(AND(ISBLANK(R11), A21 = $R$1),NOW(),IF(ISBLANK(R11),IF(ISBLANK(C21),NOW(),""),R11)) -> 46191.471 | B22: =IF(COUNTIF($R$2:R1007,A22)=1,VLOOKUP(A22,X:Y,2), IF(COUNTIF($R$2:R1007,A22)=0,$B$10,"")) -> 127.14072 | C22: =IF(ISERROR(B22-2),"",1*(B22/$B$14-1)*$B$5) -> 135166.62 | E22: =IF(COUNTIF(L:L,A22)=1,VLOOKUP(A22,N:O,2), IF(COUNTIF(L:L,A22)=0,$C$9,"")) -> 295.2 | F22: =IF(ISERROR(B22-2),"",(E22-$E$14)*$C$5*$F$4) -> 644812.5 | G22: =IF(ISERROR(B22-2),"",-$C$7*$C$5*(A22-$A$14)/360) -> 0 | I22: =IF(ISERROR(B22-2),"",F22-C22) -> 509645.88 | L22: 46132 | M22: 60.746 | N22: 45947 | O22: 219.65 | P22: =IF(COUNTIF(N:N,L22),L22,"") -> 46132 | Q22: =IF(P22>$A$14,P22,"") | X22: 46174 | Y22: 126.9841 | Z22: 46174 | AA22: 56.264 | AB22: =IF(COUNTIF(Z:Z,X22),X22,"") -> 46174
A23: =IF(AND(ISBLANK(R12), A22 = $R$1),NOW(),IF(ISBLANK(R12),IF(ISBLANK(C22),NOW(),""),R12)) | B23: =IF(COUNTIF($R$2:R1008,A23)=1,VLOOKUP(A23,X:Y,2), IF(COUNTIF($R$2:R1008,A23)=0,$B$10,"")) | C23: =IF(ISERROR(B23-2),"",1*(B23/$B$14-1)*$B$5) | E23: =IF(COUNTIF(L:L,A23)=1,VLOOKUP(A23,N:O,2), IF(COUNTIF(L:L,A23)=0,$C$9,"")) | F23: =IF(ISERROR(B23-2),"",(E23-$E$14)*$C$5*$F$4) | G23: =IF(ISERROR(B23-2),"",-$C$7*$C$5*(A23-$A$14)/360) | I23: =IF(ISERROR(B23-2),"",F23-C23) | L23: 46133 | M23: 62.038 | N23: 45950 | O23: 222.05 | P23: =IF(COUNTIF(N:N,L23),L23,"") -> 46133 | Q23: =IF(P23>$A$14,P23,"") | X23: 46175 | Y23: 127.0347 | Z23: 46175 | AA23: 55.412 | AB23: =IF(COUNTIF(Z:Z,X23),X23,"") -> 46175
A24: =IF(AND(ISBLANK(R13), A23 = $R$1),NOW(),IF(ISBLANK(R13),IF(ISBLANK(C23),NOW(),""),R13)) | B24: =IF(COUNTIF($R$2:R1009,A24)=1,VLOOKUP(A24,X:Y,2), IF(COUNTIF($R$2:R1009,A24)=0,$B$10,"")) | C24: =IF(ISERROR(B24-2),"",1*(B24/$B$14-1)*$B$5) | E24: =IF(COUNTIF(L:L,A24)=1,VLOOKUP(A24,N:O,2), IF(COUNTIF(L:L,A24)=0,$C$9,"")) | F24: =IF(ISERROR(B24-2),"",(E24-$E$14)*$C$5*$F$4) | G24: =IF(ISERROR(B24-2),"",-$C$7*$C$5*(A24-$A$14)/360) | I24: =IF(ISERROR(B24-2),"",F24-C24) | L24: 46134 | M24: 62.338 | N24: 45951 | O24: 220.85 | P24: =IF(COUNTIF(N:N,L24),L24,"") -> 46134 | Q24: =IF(P24>$A$14,P24,"") | X24: 46176 | Y24: 126.981 | Z24: 46176 | AA24: 56.543 | AB24: =IF(COUNTIF(Z:Z,X24),X24,"") -> 46176
A25: =IF(AND(ISBLANK(R14), A24 = $R$1),NOW(),IF(ISBLANK(R14),IF(ISBLANK(C24),NOW(),""),R14)) | B25: =IF(COUNTIF($R$2:R1010,A25)=1,VLOOKUP(A25,X:Y,2), IF(COUNTIF($R$2:R1010,A25)=0,$B$10,"")) | C25: =IF(ISERROR(B25-2),"",1*(B25/$B$14-1)*$B$5) | E25: =IF(COUNTIF(L:L,A25)=1,VLOOKUP(A25,N:O,2), IF(COUNTIF(L:L,A25)=0,$C$9,"")) | F25: =IF(ISERROR(B25-2),"",(E25-$E$14)*$C$5*$F$4) | G25: =IF(ISERROR(B25-2),"",-$C$7*$C$5*(A25-$A$14)/360) | I25: =IF(ISERROR(B25-2),"",F25-C25) | L25: 46135 | M25: 62.619 | N25: 45952 | O25: 220.15 | P25: =IF(COUNTIF(N:N,L25),L25,"") -> 46135 | Q25: =IF(P25>$A$14,P25,"") | X25: 46177 | Y25: 127.027 | Z25: 46177 | AA25: 55.634 | AB25: =IF(COUNTIF(Z:Z,X25),X25,"") -> 46177
A26: =IF(AND(ISBLANK(R15), A25 = $R$1),NOW(),IF(ISBLANK(R15),IF(ISBLANK(C25),NOW(),""),R15)) | B26: =IF(COUNTIF($R$2:R1011,A26)=1,VLOOKUP(A26,X:Y,2), IF(COUNTIF($R$2:R1011,A26)=0,$B$10,"")) | C26: =IF(ISERROR(B26-2),"",1*(B26/$B$14-1)*$B$5) | E26: =IF(COUNTIF(L:L,A26)=1,VLOOKUP(A26,N:O,2), IF(COUNTIF(L:L,A26)=0,$C$9,"")) | F26: =IF(ISERROR(B26-2),"",(E26-$E$14)*$C$5*$F$4) | G26: =IF(ISERROR(B26-2),"",-$C$7*$C$5*(A26-$A$14)/360) | I26: =IF(ISERROR(B26-2),"",F26-C26) | L26: 46136 | M26: 62.325 | N26: 45953 | O26: 220.45 | P26: =IF(COUNTIF(N:N,L26),L26,"") -> 46136 | Q26: =IF(P26>$A$14,P26,"") | X26: 46178 | Y26: 126.9882 | Z26: 46178 | AA26: 56.305 | AB26: =IF(COUNTIF(Z:Z,X26),X26,"") -> 46178
A27: =IF(AND(ISBLANK(R16), A26 = $R$1),NOW(),IF(ISBLANK(R16),IF(ISBLANK(C26),NOW(),""),R16)) | B27: =IF(COUNTIF($R$2:R1012,A27)=1,VLOOKUP(A27,X:Y,2), IF(COUNTIF($R$2:R1012,A27)=0,$B$10,"")) | C27: =IF(ISERROR(B27-2),"",1*(B27/$B$14-1)*$B$5) | E27: =IF(COUNTIF(L:L,A27)=1,VLOOKUP(A27,N:O,2), IF(COUNTIF(L:L,A27)=0,$C$9,"")) | F27: =IF(ISERROR(B27-2),"",(E27-$E$14)*$C$5*$F$4) | G27: =IF(ISERROR(B27-2),"",-$C$7*$C$5*(A27-$A$14)/360) | I27: =IF(ISERROR(B27-2),"",F27-C27) | L27: 46139 | M27: 62.608 | N27: 45954 | O27: 220 | P27: =IF(COUNTIF(N:N,L27),L27,"") -> 46139 | Q27: =IF(P27>$A$14,P27,"") | X27: 46181 | Y27: 126.9862 | Z27: 46181 | AA27: 56.44 | AB27: =IF(COUNTIF(Z:Z,X27),X27,"") -> 46181
... A29: =IF(AND(ISBLANK(R18), A28 = $R$1),NOW(),IF(ISBLANK(R18),IF(ISBLANK(C28),NOW(),""),R18)) | B29: =IF(COUNTIF($R$2:R1014,A29)=1,VLOOKUP(A29,X:Y,2), IF(COUNTIF($R$2:R1014,A29)=0,$B$10,"")) | C29: =IF(ISERROR(B29-2),"",1*(B29/$B$14-1)*$B$5) | E29: =IF(COUNTIF(L:L,A29)=1,VLOOKUP(A29,N:O,2), IF(COUNTIF(L:L,A29)=0,$C$9,"")) | F29: =IF(ISERROR(B29-2),"",(E29-$E$14)*$C$5*$F$4) | G29: =IF(ISERROR(B29-2),"",-$C$7*$C$5*(A29-$A$14)/360) | I29: =IF(ISERROR(B29-2),"",F29-C29) | L29: 46141 | M29: 63.991 | N29: 45958 | O29: 223.5 | P29: =IF(COUNTIF(N:N,L29),L29,"") -> 46141 | Q29: =IF(P29>$A$14,P29,"") | X29: 46183 | Y29: 126.9585 | Z29: 46183 | AA29: 57.075 | AB29: =IF(COUNTIF(Z:Z,X29),X29,"") -> 46183
A30: =IF(AND(ISBLANK(R19), A29 = $R$1),NOW(),IF(ISBLANK(R19),IF(ISBLANK(C29),NOW(),""),R19)) | B30: =IF(COUNTIF($R$2:R1015,A30)=1,VLOOKUP(A30,X:Y,2), IF(COUNTIF($R$2:R1015,A30)=0,$B$10,"")) | C30: =IF(ISERROR(B30-2),"",1*(B30/$B$14-1)*$B$5) | E30: =IF(COUNTIF(L:L,A30)=1,VLOOKUP(A30,N:O,2), IF(COUNTIF(L:L,A30)=0,$C$9,"")) | F30: =IF(ISERROR(B30-2),"",(E30-$E$14)*$C$5*$F$4) | G30: =IF(ISERROR(B30-2),"",-$C$7*$C$5*(A30-$A$14)/360) | H30: =$F$7*$F$4 -> 6349.27 | I30: =IF(ISERROR(B30-2),"",F30-C30) | L30: 46142 | M30: 62.525 | N30: 45959 | O30: 228.1 | P30: =IF(COUNTIF(N:N,L30),L30,"") -> 46142 | Q30: =IF(P30>$A$14,P30,"") | X30: 46184 | Y30: 126.9697 | Z30: 46184 | AA30: 56.803 | AB30: =IF(COUNTIF(Z:Z,X30),X30,"") -> 46184
A31: =IF(AND(ISBLANK(R20), A30 = $R$1),NOW(),IF(ISBLANK(R20),IF(ISBLANK(C30),NOW(),""),R20)) | B31: =IF(COUNTIF($R$2:R1016,A31)=1,VLOOKUP(A31,X:Y,2), IF(COUNTIF($R$2:R1016,A31)=0,$B$10,"")) | C31: =IF(ISERROR(B31-2),"",1*(B31/$B$14-1)*$B$5) | E31: =IF(COUNTIF(L:L,A31)=1,VLOOKUP(A31,N:O,2), IF(COUNTIF(L:L,A31)=0,$C$9,"")) | F31: =IF(ISERROR(B31-2),"",(E31-$E$14)*$C$5*$F$4) | G31: =IF(ISERROR(B31-2),"",-$C$7*$C$5*(A31-$A$14)/360) | I31: =IF(ISERROR(B31-2),"",F31-C31) | L31: 46143 | M31: 60.498 | N31: 45960 | O31: 227.3 | P31: =IF(COUNTIF(N:N,L31),L31,"") | Q31: =IF(P31>$A$14,P31,"") | X31: 46185 | Y31: 127.0964 | Z31: 46185 | AA31: 54.791 | AB31: =IF(COUNTIF(Z:Z,X31),X31,"") -> 46185
A32: =IF(AND(ISBLANK(R21), A31 = $R$1),NOW(),IF(ISBLANK(R21),IF(ISBLANK(C31),NOW(),""),R21)) | B32: =IF(COUNTIF($R$2:R1017,A32)=1,VLOOKUP(A32,X:Y,2), IF(COUNTIF($R$2:R1017,A32)=0,$B$10,"")) | C32: =IF(ISERROR(B32-2),"",1*(B32/$B$14-1)*$B$5) | E32: =IF(COUNTIF(L:L,A32)=1,VLOOKUP(A32,N:O,2), IF(COUNTIF(L:L,A32)=0,$C$9,"")) | F32: =IF(ISERROR(B32-2),"",(E32-$E$14)*$C$5*$F$4) | G32: =IF(ISERROR(B32-2),"",-$C$7*$C$5*(A32-$A$14)/360) | I32: =IF(ISERROR(B32-2),"",F32-C32) | L32: 46147 | M32: 61.04 | N32: 45961 | O32: 228.35 | P32: =IF(COUNTIF(N:N,L32),L32,"") -> 46147 | Q32: =IF(P32>$A$14,P32,"") | X32: 46188 | Y32: 127.1601 | Z32: 46188 | AA32: 53.712 | AB32: =IF(COUNTIF(Z:Z,X32),X32,"") -> 46188
A33: =IF(AND(ISBLANK(R22), A32 = $R$1),NOW(),IF(ISBLANK(R22),IF(ISBLANK(C32),NOW(),""),R22)) | B33: =IF(COUNTIF($R$2:R1018,A33)=1,VLOOKUP(A33,X:Y,2), IF(COUNTIF($R$2:R1018,A33)=0,$B$10,"")) | C33: =IF(ISERROR(B33-2),"",1*(B33/$B$14-1)*$B$5) | E33: =IF(COUNTIF(L:L,A33)=1,VLOOKUP(A33,N:O,2), IF(COUNTIF(L:L,A33)=0,$C$9,"")) | F33: =IF(ISERROR(B33-2),"",(E33-$E$14)*$C$5*$F$4) | G33: =IF(ISERROR(B33-2),"",-$C$7*$C$5*(A33-$A$14)/360) | I33: =IF(ISERROR(B33-2),"",F33-C33) | L33: 46148 | M33: 58.662 | N33: 45964 | O33: 228.9 | P33: =IF(COUNTIF(N:N,L33),L33,"") -> 46148 | Q33: =IF(P33>$A$14,P33,"") | X33: 46189 | Y33: 127.1471 | Z33: 46189 | AA33: 54.116 | AB33: =IF(COUNTIF(Z:Z,X33),X33,"") -> 46189
A34: =IF(AND(ISBLANK(R23), A33 = $R$1),NOW(),IF(ISBLANK(R23),IF(ISBLANK(C33),NOW(),""),R23)) | B34: =IF(COUNTIF($R$2:R1019,A34)=1,VLOOKUP(A34,X:Y,2), IF(COUNTIF($R$2:R1019,A34)=0,$B$10,"")) | C34: =IF(ISERROR(B34-2),"",1*(B34/$B$14-1)*$B$5) | E34: =IF(COUNTIF(L:L,A34)=1,VLOOKUP(A34,N:O,2), IF(COUNTIF(L:L,A34)=0,$C$9,"")) | F34: =IF(ISERROR(B34-2),"",(E34-$E$14)*$C$5*$F$4) | G34: =IF(ISERROR(B34-2),"",-$C$7*$C$5*(A34-$A$14)/360) | I34: =IF(ISERROR(B34-2),"",F34-C34) | L34: 46149 | M34: 59.383 | N34: 45965 | O34: 229.25 | P34: =IF(COUNTIF(N:N,L34),L34,"") -> 46149 | Q34: =IF(P34>$A$14,P34,"") | X34: 46190 | Y34: 127.1312 | Z34: 46190 | AA34: 54.383 | AB34: =IF(COUNTIF(Z:Z,X34),X34,"") -> 46190
A35: =IF(AND(ISBLANK(R24), A34 = $R$1),NOW(),IF(ISBLANK(R24),IF(ISBLANK(C34),NOW(),""),R24)) | B35: =IF(COUNTIF($R$2:R1020,A35)=1,VLOOKUP(A35,X:Y,2), IF(COUNTIF($R$2:R1020,A35)=0,$B$10,"")) | C35: =IF(ISERROR(B35-2),"",1*(B35/$B$14-1)*$B$5) | E35: =IF(COUNTIF(L:L,A35)=1,VLOOKUP(A35,N:O,2), IF(COUNTIF(L:L,A35)=0,$C$9,"")) | F35: =IF(ISERROR(B35-2),"",(E35-$E$14)*$C$5*$F$4) | G35: =IF(ISERROR(B35-2),"",-$C$7*$C$5*(A35-$A$14)/360) | I35: =IF(ISERROR(B35-2),"",F35-C35) | L35: 46150 | M35: 59.294 | N35: 45966 | O35: 230.35 | P35: =IF(COUNTIF(N:N,L35),L35,"") -> 46150 | Q35: =IF(P35>$A$14,P35,"") | Z35: 46191 | AA35: 54.266 | AB35: =IF(COUNTIF(Z:Z,X35),X35,"")
A36: =IF(AND(ISBLANK(R25), A35 = $R$1),NOW(),IF(ISBLANK(R25),IF(ISBLANK(C35),NOW(),""),R25)) | B36: =IF(COUNTIF($R$2:R1021,A36)=1,VLOOKUP(A36,X:Y,2), IF(COUNTIF($R$2:R1021,A36)=0,$B$10,"")) | C36: =IF(ISERROR(B36-2),"",1*(B36/$B$14-1)*$B$5) | E36: =IF(COUNTIF(L:L,A36)=1,VLOOKUP(A36,N:O,2), IF(COUNTIF(L:L,A36)=0,$C$9,"")) | F36: =IF(ISERROR(B36-2),"",(E36-$E$14)*$C$5*$F$4) | G36: =IF(ISERROR(B36-2),"",-$C$7*$C$5*(A36-$A$14)/360) | I36: =IF(ISERROR(B36-2),"",F36-C36) | L36: 46153 | M36: 58.977 | N36: 45967 | O36: 230.7 | P36: =IF(COUNTIF(N:N,L36),L36,"") -> 46153 | Q36: =IF(P36>$A$14,P36,"") | AB36: =IF(COUNTIF(Z:Z,X36),X36,"")
A37: =IF(AND(ISBLANK(R26), A36 = $R$1),NOW(),IF(ISBLANK(R26),IF(ISBLANK(C36),NOW(),""),R26)) | B37: =IF(COUNTIF($R$2:R1022,A37)=1,VLOOKUP(A37,X:Y,2), IF(COUNTIF($R$2:R1022,A37)=0,$B$10,"")) | C37: =IF(ISERROR(B37-2),"",1*(B37/$B$14-1)*$B$5) | E37: =IF(COUNTIF(L:L,A37)=1,VLOOKUP(A37,N:O,2), IF(COUNTIF(L:L,A37)=0,$C$9,"")) | F37: =IF(ISERROR(B37-2),"",(E37-$E$14)*$C$5*$F$4) | G37: =IF(ISERROR(B37-2),"",-$C$7*$C$5*(A37-$A$14)/360) | I37: =IF(ISERROR(B37-2),"",F37-C37) | L37: 46154 | M37: 61.081 | N37: 45968 | O37: 228.8 | P37: =IF(COUNTIF(N:N,L37),L37,"") -> 46154 | Q37: =IF(P37>$A$14,P37,"") | AB37: =IF(COUNTIF(Z:Z,X37),X37,"")
A38: =IF(AND(ISBLANK(R27), A37 = $R$1),NOW(),IF(ISBLANK(R27),IF(ISBLANK(C37),NOW(),""),R27)) | B38: =IF(COUNTIF($R$2:R1023,A38)=1,VLOOKUP(A38,X:Y,2), IF(COUNTIF($R$2:R1023,A38)=0,$B$10,"")) | C38: =IF(ISERROR(B38-2),"",1*(B38/$B$14-1)*$B$5) | E38: =IF(COUNTIF(L:L,A38)=1,VLOOKUP(A38,N:O,2), IF(COUNTIF(L:L,A38)=0,$C$9,"")) | F38: =IF(ISERROR(B38-2),"",(E38-$E$14)*$C$5*$F$4) | G38: =IF(ISERROR(B38-2),"",-$C$7*$C$5*(A38-$A$14)/360) | I38: =IF(ISERROR(B38-2),"",F38-C38) | L38: 46155 | M38: 59.909 | N38: 45971 | O38: 236.7 | P38: =IF(COUNTIF(N:N,L38),L38,"") -> 46155 | Q38: =IF(P38>$A$14,P38,"") | AB38: =IF(COUNTIF(Z:Z,X38),X38,"")
A39: =IF(AND(ISBLANK(R28), A38 = $R$1),NOW(),IF(ISBLANK(R28),IF(ISBLANK(C38),NOW(),""),R28)) | B39: =IF(COUNTIF($R$2:R1024,A39)=1,VLOOKUP(A39,X:Y,2), IF(COUNTIF($R$2:R1024,A39)=0,$B$10,"")) | C39: =IF(ISERROR(B39-2),"",1*(B39/$B$14-1)*$B$5) | E39: =IF(COUNTIF(L:L,A39)=1,VLOOKUP(A39,N:O,2), IF(COUNTIF(L:L,A39)=0,$C$9,"")) | F39: =IF(ISERROR(B39-2),"",(E39-$E$14)*$C$5*$F$4) | G39: =IF(ISERROR(B39-2),"",-$C$7*$C$5*(A39-$A$14)/360) | I39: =IF(ISERROR(B39-2),"",F39-C39) | L39: 46156 | M39: 58.857 | N39: 45972 | O39: 239.45 | P39: =IF(COUNTIF(N:N,L39),L39,"") -> 46156 | Q39: =IF(P39>$A$14,P39,"") | AB39: =IF(COUNTIF(Z:Z,X39),X39,"")
A40: =IF(AND(ISBLANK(R29), A39 = $R$1),NOW(),IF(ISBLANK(R29),IF(ISBLANK(C39),NOW(),""),R29)) | B40: =IF(COUNTIF($R$2:R1025,A40)=1,VLOOKUP(A40,X:Y,2), IF(COUNTIF($R$2:R1025,A40)=0,$B$10,"")) | C40: =IF(ISERROR(B40-2),"",1*(B40/$B$14-1)*$B$5) | E40: =IF(COUNTIF(L:L,A40)=1,VLOOKUP(A40,N:O,2), IF(COUNTIF(L:L,A40)=0,$C$9,"")) | F40: =IF(ISERROR(B40-2),"",(E40-$E$14)*$C$5*$F$4) | G40: =IF(ISERROR(B40-2),"",-$C$7*$C$5*(A40-$A$14)/360) | I40: =IF(ISERROR(B40-2),"",F40-C40) | L40: 46157 | M40: 61.091 | N40: 45973 | O40: 244.1 | P40: =IF(COUNTIF(N:N,L40),L40,"") -> 46157 | Q40: =IF(P40>$A$14,P40,"") | AB40: =IF(COUNTIF(Z:Z,X40),X40,"")
A41: =IF(AND(ISBLANK(R30), A40 = $R$1),NOW(),IF(ISBLANK(R30),IF(ISBLANK(C40),NOW(),""),R30)) | B41: =IF(COUNTIF($R$2:R1026,A41)=1,VLOOKUP(A41,X:Y,2), IF(COUNTIF($R$2:R1026,A41)=0,$B$10,"")) | C41: =IF(ISERROR(B41-2),"",1*(B41/$B$14-1)*$B$5) | E41: =IF(COUNTIF(L:L,A41)=1,VLOOKUP(A41,N:O,2), IF(COUNTIF(L:L,A41)=0,$C$9,"")) | F41: =IF(ISERROR(B41-2),"",(E41-$E$14)*$C$5*$F$4) | G41: =IF(ISERROR(B41-2),"",-$C$7*$C$5*(A41-$A$14)/360) | I41: =IF(ISERROR(B41-2),"",F41-C41) | L41: 46160 | M41: 60.332 | N41: 45974 | O41: 244.15 | P41: =IF(COUNTIF(N:N,L41),L41,"") -> 46160 | Q41: =IF(P41>$A$14,P41,"") | AB41: =IF(COUNTIF(Z:Z,X41),X41,"")
A42: =IF(AND(ISBLANK(R31), A41 = $R$1),NOW(),IF(ISBLANK(R31),IF(ISBLANK(C41),NOW(),""),R31)) | B42: =IF(COUNTIF($R$2:R1027,A42)=1,VLOOKUP(A42,X:Y,2), IF(COUNTIF($R$2:R1027,A42)=0,$B$10,"")) | C42: =IF(ISERROR(B42-2),"",1*(B42/$B$14-1)*$B$5) | E42: =IF(COUNTIF(L:L,A42)=1,VLOOKUP(A42,N:O,2), IF(COUNTIF(L:L,A42)=0,$C$9,"")) | F42: =IF(ISERROR(B42-2),"",(E42-$E$14)*$C$5*$F$4) | G42: =IF(ISERROR(B42-2),"",-$C$7*$C$5*(A42-$A$14)/360) | I42: =IF(ISERROR(B42-2),"",F42-C42) | L42: 46161 | M42: 61.037 | N42: 45975 | O42: 237.85 | P42: =IF(COUNTIF(N:N,L42),L42,"") -> 46161 | Q42: =IF(P42>$A$14,P42,"") | AB42: =IF(COUNTIF(Z:Z,X42),X42,"")
A43: =IF(AND(ISBLANK(R32), A42 = $R$1),NOW(),IF(ISBLANK(R32),IF(ISBLANK(C42),NOW(),""),R32)) | B43: =IF(COUNTIF($R$2:R1028,A43)=1,VLOOKUP(A43,X:Y,2), IF(COUNTIF($R$2:R1028,A43)=0,$B$10,"")) | C43: =IF(ISERROR(B43-2),"",1*(B43/$B$14-1)*$B$5) | E43: =IF(COUNTIF(L:L,A43)=1,VLOOKUP(A43,N:O,2), IF(COUNTIF(L:L,A43)=0,$C$9,"")) | F43: =IF(ISERROR(B43-2),"",(E43-$E$14)*$C$5*$F$4) | G43: =IF(ISERROR(B43-2),"",-$C$7*$C$5*(A43-$A$14)/360) | I43: =IF(ISERROR(B43-2),"",F43-C43) | L43: 46162 | M43: 58.652 | N43: 45978 | O43: 234.5 | P43: =IF(COUNTIF(N:N,L43),L43,"") -> 46162 | Q43: =IF(P43>$A$14,P43,"") | AB43: =IF(COUNTIF(Z:Z,X43),X43,"")
A44: =IF(AND(ISBLANK(R33), A43 = $R$1),NOW(),IF(ISBLANK(R33),IF(ISBLANK(C43),NOW(),""),R33)) | B44: =IF(COUNTIF($R$2:R1029,A44)=1,VLOOKUP(A44,X:Y,2), IF(COUNTIF($R$2:R1029,A44)=0,$B$10,"")) | C44: =IF(ISERROR(B44-2),"",1*(B44/$B$14-1)*$B$5) | E44: =IF(COUNTIF(L:L,A44)=1,VLOOKUP(A44,N:O,2), IF(COUNTIF(L:L,A44)=0,$C$9,"")) | F44: =IF(ISERROR(B44-2),"",(E44-$E$14)*$C$5*$F$4) | G44: =IF(ISERROR(B44-2),"",-$C$7*$C$5*(A44-$A$14)/360) | I44: =IF(ISERROR(B44-2),"",F44-C44) | L44: 46163 | M44: 59.023 | N44: 45979 | O44: 227.65 | P44: =IF(COUNTIF(N:N,L44),L44,"") -> 46163 | Q44: =IF(P44>$A$14,P44,"") | AB44: =IF(COUNTIF(Z:Z,X44),X44,"")
A45: =IF(AND(ISBLANK(R34), A44 = $R$1),NOW(),IF(ISBLANK(R34),IF(ISBLANK(C44),NOW(),""),R34)) | B45: =IF(COUNTIF($R$2:R1030,A45)=1,VLOOKUP(A45,X:Y,2), IF(COUNTIF($R$2:R1030,A45)=0,$B$10,"")) | C45: =IF(ISERROR(B45-2),"",1*(B45/$B$14-1)*$B$5) | E45: =IF(COUNTIF(L:L,A45)=1,VLOOKUP(A45,N:O,2), IF(COUNTIF(L:L,A45)=0,$C$9,"")) | F45: =IF(ISERROR(B45-2),"",(E45-$E$14)*$C$5*$F$4) | G45: =IF(ISERROR(B45-2),"",-$C$7*$C$5*(A45-$A$14)/360) | I45: =IF(ISERROR(B45-2),"",F45-C45) | L45: 46164 | M45: 57.529 | N45: 45980 | O45: 229.35 | P45: =IF(COUNTIF(N:N,L45),L45,"") -> 46164 | Q45: =IF(P45>$A$14,P45,"") | AB45: =IF(COUNTIF(Z:Z,X45),X45,"")
A46: =IF(AND(ISBLANK(R35), A45 = $R$1),NOW(),IF(ISBLANK(R35),IF(ISBLANK(C45),NOW(),""),R35)) | B46: =IF(COUNTIF($R$2:R1031,A46)=1,VLOOKUP(A46,X:Y,2), IF(COUNTIF($R$2:R1031,A46)=0,$B$10,"")) | C46: =IF(ISERROR(B46-2),"",1*(B46/$B$14-1)*$B$5) | E46: =IF(COUNTIF(L:L,A46)=1,VLOOKUP(A46,N:O,2), IF(COUNTIF(L:L,A46)=0,$C$9,"")) | F46: =IF(ISERROR(B46-2),"",(E46-$E$14)*$C$5*$F$4) | G46: =IF(ISERROR(B46-2),"",-$C$7*$C$5*(A46-$A$14)/360) | I46: =IF(ISERROR(B46-2),"",F46-C46) | L46: 46168 | M46: 56.646 | N46: 45981 | O46: 231.85 | P46: =IF(COUNTIF(N:N,L46),L46,"") -> 46168 | Q46: =IF(P46>$A$14,P46,"") | AB46: =IF(COUNTIF(Z:Z,X46),X46,"")
A47: =IF(AND(ISBLANK(R36), A46 = $R$1),NOW(),IF(ISBLANK(R36),IF(ISBLANK(C46),NOW(),""),R36)) | B47: =IF(COUNTIF($R$2:R1032,A47)=1,VLOOKUP(A47,X:Y,2), IF(COUNTIF($R$2:R1032,A47)=0,$B$10,"")) | C47: =IF(ISERROR(B47-2),"",1*(B47/$B$14-1)*$B$5) | E47: =IF(COUNTIF(L:L,A47)=1,VLOOKUP(A47,N:O,2), IF(COUNTIF(L:L,A47)=0,$C$9,"")) | F47: =IF(ISERROR(B47-2),"",(E47-$E$14)*$C$5*$F$4) | G47: =IF(ISERROR(B47-2),"",-$C$7*$C$5*(A47-$A$14)/360) | I47: =IF(ISERROR(B47-2),"",F47-C47) | L47: 46169 | M47: 56.587 | N47: 45982 | O47: 230 | P47: =IF(COUNTIF(N:N,L47),L47,"") -> 46169 | Q47: =IF(P47>$A$14,P47,"") | AB47: =IF(COUNTIF(Z:Z,X47),X47,"")
... A62: =IF(AND(ISBLANK(R51), A61 = $R$1),NOW(),IF(ISBLANK(R51),IF(ISBLANK(C61),NOW(),""),R51)) | B62: =IF(COUNTIF($R$2:R1047,A62)=1,VLOOKUP(A62,X:Y,2), IF(COUNTIF($R$2:R1047,A62)=0,$B$10,"")) | C62: =IF(ISERROR(B62-2),"",1*(B62/$B$14-1)*$B$5) | E62: =IF(COUNTIF(L:L,A62)=1,VLOOKUP(A62,N:O,2), IF(COUNTIF(L:L,A62)=0,$C$9,"")) | F62: =IF(ISERROR(B62-2),"",(E62-$E$14)*$C$5*$F$4) | G62: =IF(ISERROR(B62-2),"",-$C$7*$C$5*(A62-$A$14)/360) | I62: =IF(ISERROR(B62-2),"",F62-C62) | L62: 46190 | M62: 54.383 | N62: 46003 | O62: 248.15 | P62: =IF(COUNTIF(N:N,L62),L62,"") -> 46190 | Q62: =IF(P62>$A$14,P62,"") -> 46190 | AB62: =IF(COUNTIF(Z:Z,X62),X62,"")
A63: =IF(AND(ISBLANK(R52), A62 = $R$1),NOW(),IF(ISBLANK(R52),IF(ISBLANK(C62),NOW(),""),R52)) | B63: =IF(COUNTIF($R$2:R1048,A63)=1,VLOOKUP(A63,X:Y,2), IF(COUNTIF($R$2:R1048,A63)=0,$B$10,"")) | C63: =IF(ISERROR(B63-2),"",1*(B63/$B$14-1)*$B$5) | E63: =IF(COUNTIF(L:L,A63)=1,VLOOKUP(A63,N:O,2), IF(COUNTIF(L:L,A63)=0,$C$9,"")) | F63: =IF(ISERROR(B63-2),"",(E63-$E$14)*$C$5*$F$4) | G63: =IF(ISERROR(B63-2),"",-$C$7*$C$5*(A63-$A$14)/360) | I63: =IF(ISERROR(B63-2),"",F63-C63) | N63: 46006 | O63: 252.25 | P63: =IF(COUNTIF(N:N,L63),L63,"") | Q63: =IF(P63>$A$14,P63,"") | AB63: =IF(COUNTIF(Z:Z,X63),X63,"")
A64: =IF(AND(ISBLANK(R53), A63 = $R$1),NOW(),IF(ISBLANK(R53),IF(ISBLANK(C63),NOW(),""),R53)) | B64: =IF(COUNTIF($R$2:R1049,A64)=1,VLOOKUP(A64,X:Y,2), IF(COUNTIF($R$2:R1049,A64)=0,$B$10,"")) | C64: =IF(ISERROR(B64-2),"",1*(B64/$B$14-1)*$B$5) | E64: =IF(COUNTIF(L:L,A64)=1,VLOOKUP(A64,N:O,2), IF(COUNTIF(L:L,A64)=0,$C$9,"")) | F64: =IF(ISERROR(B64-2),"",(E64-$E$14)*$C$5*$F$4) | G64: =IF(ISERROR(B64-2),"",-$C$7*$C$5*(A64-$A$14)/360) | I64: =IF(ISERROR(B64-2),"",F64-C64) | N64: 46007 | O64: 252.2 | P64: =IF(COUNTIF(N:N,L64),L64,"") | Q64: =IF(P64>$A$14,P64,"") | AB64: =IF(COUNTIF(Z:Z,X64),X64,"")
A65: =IF(AND(ISBLANK(R54), A64 = $R$1),NOW(),IF(ISBLANK(R54),IF(ISBLANK(C64),NOW(),""),R54)) | B65: =IF(COUNTIF($R$2:R1050,A65)=1,VLOOKUP(A65,X:Y,2), IF(COUNTIF($R$2:R1050,A65)=0,$B$10,"")) | C65: =IF(ISERROR(B65-2),"",1*(B65/$B$14-1)*$B$5) | E65: =IF(COUNTIF(L:L,A65)=1,VLOOKUP(A65,N:O,2), IF(COUNTIF(L:L,A65)=0,$C$9,"")) | F65: =IF(ISERROR(B65-2),"",(E65-$E$14)*$C$5*$F$4) | G65: =IF(ISERROR(B65-2),"",-$C$7*$C$5*(A65-$A$14)/360) | I65: =IF(ISERROR(B65-2),"",F65-C65) | N65: 46008 | O65: 253.7 | P65: =IF(COUNTIF(N:N,L65),L65,"") | Q65: =IF(P65>$A$14,P65,"") | AB65: =IF(COUNTIF(Z:Z,X65),X65,"")
A66: =IF(AND(ISBLANK(R55), A65 = $R$1),NOW(),IF(ISBLANK(R55),IF(ISBLANK(C65),NOW(),""),R55)) | B66: =IF(COUNTIF($R$2:R1051,A66)=1,VLOOKUP(A66,X:Y,2), IF(COUNTIF($R$2:R1051,A66)=0,$B$10,"")) | C66: =IF(ISERROR(B66-2),"",1*(B66/$B$14-1)*$B$5) | E66: =IF(COUNTIF(L:L,A66)=1,VLOOKUP(A66,N:O,2), IF(COUNTIF(L:L,A66)=0,$C$9,"")) | F66: =IF(ISERROR(B66-2),"",(E66-$E$14)*$C$5*$F$4) | G66: =IF(ISERROR(B66-2),"",-$C$7*$C$5*(A66-$A$14)/360) | I66: =IF(ISERROR(B66-2),"",F66-C66) | N66: 46009 | O66: 256.2 | P66: =IF(COUNTIF(N:N,L66),L66,"") | Q66: =IF(P66>$A$14,P66,"") | AB66: =IF(COUNTIF(Z:Z,X66),X66,"")
A67: =IF(AND(ISBLANK(R56), A66 = $R$1),NOW(),IF(ISBLANK(R56),IF(ISBLANK(C66),NOW(),""),R56)) | B67: =IF(COUNTIF($R$2:R1052,A67)=1,VLOOKUP(A67,X:Y,2), IF(COUNTIF($R$2:R1052,A67)=0,$B$10,"")) | C67: =IF(ISERROR(B67-2),"",1*(B67/$B$14-1)*$B$5) | E67: =IF(COUNTIF(L:L,A67)=1,VLOOKUP(A67,N:O,2), IF(COUNTIF(L:L,A67)=0,$C$9,"")) | F67: =IF(ISERROR(B67-2),"",(E67-$E$14)*$C$5*$F$4) | G67: =IF(ISERROR(B67-2),"",-$C$7*$C$5*(A67-$A$14)/360) | I67: =IF(ISERROR(B67-2),"",F67-C67) | N67: 46010 | O67: 258.3 | P67: =IF(COUNTIF(N:N,L67),L67,"") | Q67: =IF(P67>$A$14,P67,"") | AB67: =IF(COUNTIF(Z:Z,X67),X67,"")
A68: =IF(AND(ISBLANK(R57), A67 = $R$1),NOW(),IF(ISBLANK(R57),IF(ISBLANK(C67),NOW(),""),R57)) | B68: =IF(COUNTIF($R$2:R1053,A68)=1,VLOOKUP(A68,X:Y,2), IF(COUNTIF($R$2:R1053,A68)=0,$B$10,"")) | C68: =IF(ISERROR(B68-2),"",1*(B68/$B$14-1)*$B$5) | E68: =IF(COUNTIF(L:L,A68)=1,VLOOKUP(A68,N:O,2), IF(COUNTIF(L:L,A68)=0,$C$9,"")) | F68: =IF(ISERROR(B68-2),"",(E68-$E$14)*$C$5*$F$4) | G68: =IF(ISERROR(B68-2),"",-$C$7*$C$5*(A68-$A$14)/360) | I68: =IF(ISERROR(B68-2),"",F68-C68) | N68: 46013 | O68: 257.15 | P68: =IF(COUNTIF(N:N,L68),L68,"") | Q68: =IF(P68>$A$14,P68,"") | AB68: =IF(COUNTIF(Z:Z,X68),X68,"")
A69: =IF(AND(ISBLANK(R58), A68 = $R$1),NOW(),IF(ISBLANK(R58),IF(ISBLANK(C68),NOW(),""),R58)) | B69: =IF(COUNTIF($R$2:R1054,A69)=1,VLOOKUP(A69,X:Y,2), IF(COUNTIF($R$2:R1054,A69)=0,$B$10,"")) | C69: =IF(ISERROR(B69-2),"",1*(B69/$B$14-1)*$B$5) | E69: =IF(COUNTIF(L:L,A69)=1,VLOOKUP(A69,N:O,2), IF(COUNTIF(L:L,A69)=0,$C$9,"")) | F69: =IF(ISERROR(B69-2),"",(E69-$E$14)*$C$5*$F$4) | G69: =IF(ISERROR(B69-2),"",-$C$7*$C$5*(A69-$A$14)/360) | I69: =IF(ISERROR(B69-2),"",F69-C69) | N69: 46014 | O69: 258.05 | P69: =IF(COUNTIF(N:N,L69),L69,"") | Q69: =IF(P69>$A$14,P69,"") | AB69: =IF(COUNTIF(Z:Z,X69),X69,"")
A70: =IF(AND(ISBLANK(R59), A69 = $R$1),NOW(),IF(ISBLANK(R59),IF(ISBLANK(C69),NOW(),""),R59)) | B70: =IF(COUNTIF($R$2:R1055,A70)=1,VLOOKUP(A70,X:Y,2), IF(COUNTIF($R$2:R1055,A70)=0,$B$10,"")) | C70: =IF(ISERROR(B70-2),"",1*(B70/$B$14-1)*$B$5) | E70: =IF(COUNTIF(L:L,A70)=1,VLOOKUP(A70,N:O,2), IF(COUNTIF(L:L,A70)=0,$C$9,"")) | F70: =IF(ISERROR(B70-2),"",(E70-$E$14)*$C$5*$F$4) | G70: =IF(ISERROR(B70-2),"",-$C$7*$C$5*(A70-$A$14)/360) | I70: =IF(ISERROR(B70-2),"",F70-C70) | N70: 46020 | O70: 256.45 | P70: =IF(COUNTIF(N:N,L70),L70,"") | Q70: =IF(P70>$A$14,P70,"") | AB70: =IF(COUNTIF(Z:Z,X70),X70,"")
A71: =IF(AND(ISBLANK(R60), A70 = $R$1),NOW(),IF(ISBLANK(R60),IF(ISBLANK(C70),NOW(),""),R60)) | B71: =IF(COUNTIF($R$2:R1056,A71)=1,VLOOKUP(A71,X:Y,2), IF(COUNTIF($R$2:R1056,A71)=0,$B$10,"")) | C71: =IF(ISERROR(B71-2),"",1*(B71/$B$14-1)*$B$5) | E71: =IF(COUNTIF(L:L,A71)=1,VLOOKUP(A71,N:O,2), IF(COUNTIF(L:L,A71)=0,$C$9,"")) | F71: =IF(ISERROR(B71-2),"",(E71-$E$14)*$C$5*$F$4) | G71: =IF(ISERROR(B71-2),"",-$C$7*$C$5*(A71-$A$14)/360) | I71: =IF(ISERROR(B71-2),"",F71-C71) | N71: 46021 | O71: 260.95 | P71: =IF(COUNTIF(N:N,L71),L71,"") | Q71: =IF(P71>$A$14,P71,"") | AB71: =IF(COUNTIF(Z:Z,X71),X71,"")
A72: =IF(AND(ISBLANK(R61), A71 = $R$1),NOW(),IF(ISBLANK(R61),IF(ISBLANK(C71),NOW(),""),R61)) | B72: =IF(COUNTIF($R$2:R1057,A72)=1,VLOOKUP(A72,X:Y,2), IF(COUNTIF($R$2:R1057,A72)=0,$B$10,"")) | C72: =IF(ISERROR(B72-2),"",1*(B72/$B$14-1)*$B$5) | E72: =IF(COUNTIF(L:L,A72)=1,VLOOKUP(A72,N:O,2), IF(COUNTIF(L:L,A72)=0,$C$9,"")) | F72: =IF(ISERROR(B72-2),"",(E72-$E$14)*$C$5*$F$4) | G72: =IF(ISERROR(B72-2),"",-$C$7*$C$5*(A72-$A$14)/360) | I72: =IF(ISERROR(B72-2),"",F72-C72) | N72: 46024 | O72: 263.2 | P72: =IF(COUNTIF(N:N,L72),L72,"") | Q72: =IF(P72>$A$14,P72,"") | AB72: =IF(COUNTIF(Z:Z,X72),X72,"")
A73: =IF(AND(ISBLANK(R62), A72 = $R$1),NOW(),IF(ISBLANK(R62),IF(ISBLANK(C72),NOW(),""),R62)) | B73: =IF(COUNTIF($R$2:R1058,A73)=1,VLOOKUP(A73,X:Y,2), IF(COUNTIF($R$2:R1058,A73)=0,$B$10,"")) | C73: =IF(ISERROR(B73-2),"",1*(B73/$B$14-1)*$B$5) | E73: =IF(COUNTIF(L:L,A73)=1,VLOOKUP(A73,N:O,2), IF(COUNTIF(L:L,A73)=0,$C$9,"")) | F73: =IF(ISERROR(B73-2),"",(E73-$E$14)*$C$5*$F$4) | G73: =IF(ISERROR(B73-2),"",-$C$7*$C$5*(A73-$A$14)/360) | I73: =IF(ISERROR(B73-2),"",F73-C73) | N73: 46027 | O73: 264.7 | P73: =IF(COUNTIF(N:N,L73),L73,"") | Q73: =IF(P73>$A$14,P73,"") | AB73: =IF(COUNTIF(Z:Z,X73),X73,"")
A74: =IF(AND(ISBLANK(R63), A73 = $R$1),NOW(),IF(ISBLANK(R63),IF(ISBLANK(C73),NOW(),""),R63)) | B74: =IF(COUNTIF($R$2:R1059,A74)=1,VLOOKUP(A74,X:Y,2), IF(COUNTIF($R$2:R1059,A74)=0,$B$10,"")) | C74: =IF(ISERROR(B74-2),"",1*(B74/$B$14-1)*$B$5) | E74: =IF(COUNTIF(L:L,A74)=1,VLOOKUP(A74,N:O,2), IF(COUNTIF(L:L,A74)=0,$C$9,"")) | F74: =IF(ISERROR(B74-2),"",(E74-$E$14)*$C$5*$F$4) | G74: =IF(ISERROR(B74-2),"",-$C$7*$C$5*(A74-$A$14)/360) | I74: =IF(ISERROR(B74-2),"",F74-C74) | N74: 46028 | O74: 262.65 | P74: =IF(COUNTIF(N:N,L74),L74,"") | Q74: =IF(P74>$A$14,P74,"") | AB74: =IF(COUNTIF(Z:Z,X74),X74,"")
... A117: =IF(AND(ISBLANK(R106), A116 = $R$1),NOW(),IF(ISBLANK(R106),IF(ISBLANK(C116),NOW(),""),R106)) | B117: =IF(COUNTIF($R$2:R1102,A117)=1,VLOOKUP(A117,X:Y,2), IF(COUNTIF($R$2:R1102,A117)=0,$B$10,"")) | C117: =IF(ISERROR(B117-2),"",1*(B117/$B$14-1)*$B$5) | E117: =IF(COUNTIF(L:L,A117)=1,VLOOKUP(A117,N:O,2), IF(COUNTIF(L:L,A117)=0,$C$9,"")) | F117: =IF(ISERROR(B117-2),"",(E117-$E$14)*$C$5*$F$4) | G117: =IF(ISERROR(B117-2),"",-$C$7*$C$5*(A117-$A$14)/360) | I117: =IF(ISERROR(B117-2),"",F117-C117) | N117: 46087 | O117: 239.75 | P117: =IF(COUNTIF(N:N,L117),L117,"") | Q117: =IF(P117>$A$14,P117,"") | AB117: =IF(COUNTIF(Z:Z,X117),X117,"")
N118: 46090 | O118: 238.45 | P118: =IF(COUNTIF(N:N,L118),L118,"") | Q118: =IF(P118>$A$14,P118,"") | AB118: =IF(COUNTIF(Z:Z,X118),X118,"")
N119: 46091 | O119: 248.35 | P119: =IF(COUNTIF(N:N,L119),L119,"") | Q119: =IF(P119>$A$14,P119,"") | AB119: =IF(COUNTIF(Z:Z,X119),X119,"")
N120: 46092 | O120: 245.9 | P120: =IF(COUNTIF(N:N,L120),L120,"") | Q120: =IF(P120>$A$14,P120,"") | AB120: =IF(COUNTIF(Z:Z,X120),X120,"")
N121: 46093 | O121: 238.85 | P121: =IF(COUNTIF(N:N,L121),L121,"") | Q121: =IF(P121>$A$14,P121,"") | AB121: =IF(COUNTIF(Z:Z,X121),X121,"")
N122: 46094 | O122: 236 | P122: =IF(COUNTIF(N:N,L122),L122,"") | Q122: =IF(P122>$A$14,P122,"") | AB122: =IF(COUNTIF(Z:Z,X122),X122,"")
N123: 46097 | O123: 236.9 | P123: =IF(COUNTIF(N:N,L123),L123,"") | Q123: =IF(P123>$A$14,P123,"") | AB123: =IF(COUNTIF(Z:Z,X123),X123,"")
N124: 46098 | O124: 238 | P124: =IF(COUNTIF(N:N,L124),L124,"") | Q124: =IF(P124>$A$14,P124,"") | AB124: =IF(COUNTIF(Z:Z,X124),X124,"")
N125: 46099 | O125: 241.1 | P125: =IF(COUNTIF(N:N,L125),L125,"") | Q125: =IF(P125>$A$14,P125,"") | AB125: =IF(COUNTIF(Z:Z,X125),X125,"")
N126: 46100 | O126: 234.1 | P126: =IF(COUNTIF(N:N,L126),L126,"") | Q126: =IF(P126>$A$14,P126,"") | AB126: =IF(COUNTIF(Z:Z,X126),X126,"")
N127: 46101 | O127: 229.5 | P127: =IF(COUNTIF(N:N,L127),L127,"") | Q127: =IF(P127>$A$14,P127,"") | AB127: =IF(COUNTIF(Z:Z,X127),X127,"")
N128: 46104 | O128: 235.1 | P128: =IF(COUNTIF(N:N,L128),L128,"") | Q128: =IF(P128>$A$14,P128,"") | AB128: =IF(COUNTIF(Z:Z,X128),X128,"")
N129: 46105 | O129: 233.85 | P129: =IF(COUNTIF(N:N,L129),L129,"") | Q129: =IF(P129>$A$14,P129,"") | AB129: =IF(COUNTIF(Z:Z,X129),X129,"")
... N187: 46190 | O187: 294.4 | P187: =IF(COUNTIF(N:N,L187),L187,"") | Q187: =IF(P187>$A$14,P187,"") | AB187: =IF(COUNTIF(Z:Z,X187),X187,"")
P188: =IF(COUNTIF(N:N,L188),L188,"") | Q188: =IF(P188>$A$14,P188,"") | AB188: =IF(COUNTIF(Z:Z,X188),X188,"")
P189: =IF(COUNTIF(N:N,L189),L189,"") | Q189: =IF(P189>$A$14,P189,"") | AB189: =IF(COUNTIF(Z:Z,X189),X189,"")
P190: =IF(COUNTIF(N:N,L190),L190,"") | Q190: =IF(P190>$A$14,P190,"") | AB190: =IF(COUNTIF(Z:Z,X190),X190,"")
P191: =IF(COUNTIF(N:N,L191),L191,"") | Q191: =IF(P191>$A$14,P191,"") | AB191: =IF(COUNTIF(Z:Z,X191),X191,"")
P192: =IF(COUNTIF(N:N,L192),L192,"") | Q192: =IF(P192>$A$14,P192,"") | AB192: =IF(COUNTIF(Z:Z,X192),X192,"")
P193: =IF(COUNTIF(N:N,L193),L193,"") | Q193: =IF(P193>$A$14,P193,"") | AB193: =IF(COUNTIF(Z:Z,X193),X193,"")
P194: =IF(COUNTIF(N:N,L194),L194,"") | Q194: =IF(P194>$A$14,P194,"") | AB194: =IF(COUNTIF(Z:Z,X194),X194,"")
P195: =IF(COUNTIF(N:N,L195),L195,"") | Q195: =IF(P195>$A$14,P195,"") | AB195: =IF(COUNTIF(Z:Z,X195),X195,"")
P196: =IF(COUNTIF(N:N,L196),L196,"") | Q196: =IF(P196>$A$14,P196,"") | AB196: =IF(COUNTIF(Z:Z,X196),X196,"")
P197: =IF(COUNTIF(N:N,L197),L197,"") | Q197: =IF(P197>$A$14,P197,"") | AB197: =IF(COUNTIF(Z:Z,X197),X197,"")
P198: =IF(COUNTIF(N:N,L198),L198,"") | Q198: =IF(P198>$A$14,P198,"") | AB198: =IF(COUNTIF(Z:Z,X198),X198,"")
P199: =IF(COUNTIF(N:N,L199),L199,"") | Q199: =IF(P199>$A$14,P199,"") | AB199: =IF(COUNTIF(Z:Z,X199),X199,"")
... P421: =IF(COUNTIF(N:N,L421),L421,"") | Q421: =IF(P421>$A$14,P421,"") | AB421: =IF(COUNTIF(Z:Z,X421),X421,"")
P422: =IF(COUNTIF(N:N,L422),L422,"") | Q422: =IF(P422>$A$14,P422,"")
P423: =IF(COUNTIF(N:N,L423),L423,"") | Q423: =IF(P423>$A$14,P423,"")
P424: =IF(COUNTIF(N:N,L424),L424,"") | Q424: =IF(P424>$A$14,P424,"")
P425: =IF(COUNTIF(N:N,L425),L425,"") | Q425: =IF(P425>$A$14,P425,"")
P426: =IF(COUNTIF(N:N,L426),L426,"") | Q426: =IF(P426>$A$14,P426,"")
P427: =IF(COUNTIF(N:N,L427),L427,"") | Q427: =IF(P427>$A$14,P427,"")
P428: =IF(COUNTIF(N:N,L428),L428,"") | Q428: =IF(P428>$A$14,P428,"")
P429: =IF(COUNTIF(N:N,L429),L429,"") | Q429: =IF(P429>$A$14,P429,"")
P430: =IF(COUNTIF(N:N,L430),L430,"") | Q430: =IF(P430>$A$14,P430,"")
P431: =IF(COUNTIF(N:N,L431),L431,"") | Q431: =IF(P431>$A$14,P431,"")
P432: =IF(COUNTIF(N:N,L432),L432,"") | Q432: =IF(P432>$A$14,P432,"")
P433: =IF(COUNTIF(N:N,L433),L433,"") | Q433: =IF(P433>$A$14,P433,"")
... P945: =IF(COUNTIF(N:N,L945),L945,"") | Q945: =IF(P945>$A$14,P945,"")

Sheet 44a
C1: ERIXITEU Index | O1: {=LOOKUP(2,1/(O:O<>""),O:O)} -> 46191.625 | P1: Expiry | Q1: 48001 | X1: Last ER Date = | Y1: {=LOOKUP(2,1/(W:W<>""),W:W)} -> 46190
B2: Short Risk | C2: Long Risk | J2: Short Risk | K2: Long Risk | O2: {=_xlfn._xlws.SORT(_xlfn.UNIQUE(_xlfn._xlws.FILTER(N:N, ISNUMBER(N:N))))} -> 46177.625 | P2: Start Date | Q2: =K3 -> 46143.625 | X2: Last CDX = | Y2: =VLOOKUP(Y1,U:V,2) -> 51.82
A3: Name= | B3: HSBC Sen 5Y CDS | C3: Main | J3: {=_xll.avmDates(Q2,Q3,"EUR")} -> 46191.625 | K3: {=_xll.BDH(C4, "LAST_PRICE", "05/01/2026 15:00:00", "01/01/2035 17:00:00", "BarSize=120", "BarType=T", "RecurDaily=True", "TZ=London")} -> 46143.625 | L3: 57.603 | M3: =IF(COUNTIF(K:K,J3),J3,"") -> 46191.625 | N3: =IF(M3>$A$14,M3,"") -> 46191.625 | O3: 46178.625 | P3: End Date | Q3: =INT(TODAY()) + TIME(15,0,0) -> 46191.625 | S3: {=_xll.BDH(C1, "LAST_PRICE", "05/01/2026","")} -> 46143 | T3: 121.8568 | U3: {=_xll.BDH(C4, "LAST_PRICE", "05/01/2026", "")} -> 46143 | V3: 57.603 | W3: =IF(COUNTIF(U:U,S3),S3,"") -> 46143 | X3: Last ER = | Y3: =VLOOKUP(Y1,S:T,2) -> 122.2856
A4: BBG Ticker= | B4: HSBCHLDCO CDS EUR SR 5Y D14 Corp | C4: ITRX EUR CDSI GEN 5Y CORP | J4: 46190.625 | K4: 46147.625 | L4: 58.123 | M4: =IF(COUNTIF(K:K,J4),J4,"") -> 46190.625 | N4: =IF(M4>$A$14,M4,"") -> 46190.625 | O4: 46181.625 | P4: Ticker | Q4: HSBC | S4: 46147 | T4: 121.8245 | U4: 46147 | V4: 58.123 | W4: =IF(COUNTIF(U:U,S4),S4,"") -> 46147 | X4: Carry Days = | Y4: =INT(NOW())-INT(Y1) -> 1
A5: Not'l= | B5: =50*10^6 -> 50000000 | C5: =38*10^6 -> 38000000 | J5: 46189.625 | K5: 46148.625 | L5: 55.771 | M5: =IF(COUNTIF(K:K,J5),J5,"") -> 46189.625 | N5: =IF(M5>$A$14,M5,"") -> 46189.625 | O5: 46182.625 | P5: Ccy | Q5: EUR | S5: 46148 | T5: 121.9664 | U5: 46148 | V5: 55.771 | W5: =IF(COUNTIF(U:U,S5),S5,"") -> 46148
A6: Carry= | B6: 0.01 | C6: 0.01 | J6: 46188.625 | K6: 46149.625 | L6: 56.514 | M6: =IF(COUNTIF(K:K,J6),J6,"") -> 46188.625 | N6: =IF(M6>$A$14,M6,"") -> 46188.625 | O6: 46183.625 | P6: Tier | Q6: SNRFOR | S6: 46149 | T6: 121.9353 | U6: 46149 | V6: 56.514 | W6: =IF(COUNTIF(U:U,S6),S6,"") -> 46149
A7: Financing Rate= | B7: 0 | C7: 0 | J7: 46185.625 | K7: 46150.625 | L7: 56.433 | M7: =IF(COUNTIF(K:K,J7),J7,"") -> 46185.625 | N7: =IF(M7>$A$14,M7,"") -> 46185.625 | O7: 46184.625 | P7: Doc | Q7: MM14 | S7: 46150 | T7: 121.9332 | U7: 46150 | V7: 56.433 | W7: =IF(COUNTIF(U:U,S7),S7,"") -> 46150
A8: Initial Duration= | B8: 4.89 | C8: 4.769 | J8: 46184.625 | K8: 46153.625 | L8: 56.263 | M8: =IF(COUNTIF(K:K,J8),J8,"") -> 46184.625 | N8: =IF(M8>$A$14,M8,"") -> 46184.625 | O8: 46185.625 | S8: 46153 | T8: 121.9509 | U8: 46153 | V8: 56.263 | W8: =IF(COUNTIF(U:U,S8),S8,"") -> 46153
A9: Live BBG PX= | B9: {=_xll.BDP(B4,"PX_LAST")} -> 37.99845 | C9: {=_xll.BDP(C4,"PX_LAST")} -> 51.59373 | J9: 46183.625 | K9: 46154.625 | L9: 58.118 | M9: =IF(COUNTIF(K:K,J9),J9,"") -> 46183.625 | N9: =IF(M9>$A$14,M9,"") -> 46183.625 | O9: 46188.625 | S9: 46154 | T9: 121.8444 | U9: 46154 | V9: 58.118 | W9: =IF(COUNTIF(U:U,S9),S9,"") -> 46154
A10: Live ER= | C10: =Y3*(1-(C9-Y2)*C8*10^-4+C6/360*Y4) -> 122.30219 | J10: 46182.625 | K10: 46155.625 | L10: 57.145 | M10: =IF(COUNTIF(K:K,J10),J10,"") -> 46182.625 | N10: =IF(M10>$A$14,M10,"") -> 46182.625 | O10: 46189.625 | S10: 46155 | T10: 121.8929 | U10: 46155 | V10: 57.145 | W10: =IF(COUNTIF(U:U,S10),S10,"") -> 46155
J11: 46181.625 | K11: 46156.625 | L11: 56.268 | M11: =IF(COUNTIF(K:K,J11),J11,"") -> 46181.625 | N11: =IF(M11>$A$14,M11,"") -> 46181.625 | O11: 46190.625 | S11: 46156 | T11: 121.9464 | U11: 46156 | V11: 56.268 | W11: =IF(COUNTIF(U:U,S11),S11,"") -> 46156
A12: Date | B12: Short Risk | E12: Long Risk | H12: Net P/L | J12: 46178.625 | K12: 46157.625 | L12: 58.142 | M12: =IF(COUNTIF(K:K,J12),J12,"") -> 46178.625 | N12: =IF(M12>$A$14,M12,"") -> 46178.625 | O12: 46191.625 | S12: 46157 | T12: 121.8493 | U12: 46157 | V12: 58.142 | W12: =IF(COUNTIF(U:U,S12),S12,"") -> 46157
B13: Sprd | C13: Sprd P/L | D13: Carry P/L | E13: Price | F13: Price P/L | G13: Carry P/L | J13: 46177.625 | K13: 46160.625 | L13: 57.507 | M13: =IF(COUNTIF(K:K,J13),J13,"") -> 46177.625 | N13: =IF(M13>$A$14,M13,"") -> 46177.625 | S13: 46160 | T13: 121.8806 | U13: 46160 | V13: 57.507 | W13: =IF(COUNTIF(U:U,S13),S13,"") -> 46160
A14: 46176.625 | B14: 41 | E14: =VLOOKUP(A14-TIME(15,0,0),S:T,2)/(1-(G14-F14)*10^-4*C8) -> 122.16246 | F14: 53.5 | G14: 53.81 | H14: 0 | J14: 46176.625 | K14: 46161.625 | L14: 58.331 | M14: =IF(COUNTIF(K:K,J14),J14,"") -> 46176.625 | N14: =IF(M14>$A$14,M14,"") | S14: 46161 | T14: 121.8409 | U14: 46161 | V14: 58.331 | W14: =IF(COUNTIF(U:U,S14),S14,"") -> 46161
A15: =IF(AND(ISBLANK(O2), A14 = $O$1),NOW(),IF(AND(ISBLANK(O2),O2<NOW()),"",O2)) -> 46177.625 | B15: {=IF(COUNTIF(J:J,A15)=1,_xll.avmCdsSpreadForDate($Q$4,$Q$5,$Q$7,$Q$6,A15,$Q$1), IF(COUNTIF(J:J,A15)=0,$B$9,""))} -> 40.710693 | C15: =IF(ISERROR(B15-2),"",-1*(B15-$B$14)*10^-4*$B$8*$B$5) -> 7073.5525 | D15: =IF(ISERROR(B15-2),"",(INT(A15)-INT($A$14))/360*$B$6*$B$5) -> 1388.8889 | E15: =IF(COUNTIF(O:O,A15)=1,VLOOKUP(A15-TIME(15,0,0),S:T,2), IF(AND(COUNTIF(O:O,A15-TIME(15,0,0))=0,NOT(ISERROR(B15-2))),$C$10,"")) -> 122.181 | F15: =IF(ISERROR(B15-2),"", (E15/$E$14-1)*$C$5) -> 5766.9575 | H15: =IF(ISERROR(B15-2),"",(-1*(C15+D15))+F15+G15) -> -2695.4839 | J15: 46175.625 | K15: 46162.625 | L15: 56.151 | M15: =IF(COUNTIF(K:K,J15),J15,"") -> 46175.625 | N15: =IF(M15>$A$14,M15,"") | S15: 46162 | T15: 121.9667 | U15: 46162 | V15: 56.151 | W15: =IF(COUNTIF(U:U,S15),S15,"") -> 46162
A16: =IF(AND(ISBLANK(O3), A15 = $O$1),NOW(),IF(AND(ISBLANK(O3),O3<NOW()),"",O3)) -> 46178.625 | B16: {=IF(COUNTIF(J:J,A16)=1,_xll.avmCdsSpreadForDate($Q$4,$Q$5,$Q$7,$Q$6,A16,$Q$1), IF(COUNTIF(J:J,A16)=0,$B$9,""))} -> 40.725619 | C16: =IF(ISERROR(B16-2),"",-1*(B16-$B$14)*10^-4*$B$8*$B$5) -> 6708.6111 | D16: =IF(ISERROR(B16-2),"",(INT(A16)-INT($A$14))/360*$B$6*$B$5) -> 2777.7778 | E16: =IF(COUNTIF(O:O,A16)=1,VLOOKUP(A16-TIME(15,0,0),S:T,2), IF(AND(COUNTIF(O:O,A16-TIME(15,0,0))=0,NOT(ISERROR(B16-2))),$C$10,"")) -> 122.1475 | F16: =IF(ISERROR(B16-2),"", (E16/$E$14-1)*$C$5) -> -4653.5923 | H16: =IF(ISERROR(B16-2),"",(-1*(C16+D16))+F16+G16) -> -14139.981 | J16: 46174.625 | K16: 46163.625 | L16: 56.641 | M16: =IF(COUNTIF(K:K,J16),J16,"") -> 46174.625 | N16: =IF(M16>$A$14,M16,"") | S16: 46163 | T16: 121.9359 | U16: 46163 | V16: 56.641 | W16: =IF(COUNTIF(U:U,S16),S16,"") -> 46163
A17: =IF(AND(ISBLANK(O4), A16 = $O$1),NOW(),IF(AND(ISBLANK(O4),O4<NOW()),"",O4)) -> 46181.625 | B17: {=IF(COUNTIF(J:J,A17)=1,_xll.avmCdsSpreadForDate($Q$4,$Q$5,$Q$7,$Q$6,A17,$Q$1), IF(COUNTIF(J:J,A17)=0,$B$9,""))} -> 41.377222 | C17: =IF(ISERROR(B17-2),"",-1*(B17-$B$14)*10^-4*$B$8*$B$5) -> -9223.0759 | D17: =IF(ISERROR(B17-2),"",(INT(A17)-INT($A$14))/360*$B$6*$B$5) -> 6944.4444 | E17: =IF(COUNTIF(O:O,A17)=1,VLOOKUP(A17-TIME(15,0,0),S:T,2), IF(AND(COUNTIF(O:O,A17-TIME(15,0,0))=0,NOT(ISERROR(B17-2))),$C$10,"")) -> 122.1476 | F17: =IF(ISERROR(B17-2),"", (E17/$E$14-1)*$C$5) -> -4622.4862 | H17: =IF(ISERROR(B17-2),"",(-1*(C17+D17))+F17+G17) -> -2343.8548 | J17: 46171.625 | K17: 46164.625 | L17: 55.135 | M17: =IF(COUNTIF(K:K,J17),J17,"") -> 46171.625 | N17: =IF(M17>$A$14,M17,"") | S17: 46164 | T17: 122.0292 | U17: 46164 | V17: 55.135 | W17: =IF(COUNTIF(U:U,S17),S17,"") -> 46164
A18: =IF(AND(ISBLANK(O5), A17 = $O$1),NOW(),IF(AND(ISBLANK(O5),O5<NOW()),"",O5)) -> 46182.625 | B18: {=IF(COUNTIF(J:J,A18)=1,_xll.avmCdsSpreadForDate($Q$4,$Q$5,$Q$7,$Q$6,A18,$Q$1), IF(COUNTIF(J:J,A18)=0,$B$9,""))} -> 41.223247 | C18: =IF(ISERROR(B18-2),"",-1*(B18-$B$14)*10^-4*$B$8*$B$5) -> -5458.3788 | D18: =IF(ISERROR(B18-2),"",(INT(A18)-INT($A$14))/360*$B$6*$B$5) -> 8333.3333 | E18: =IF(COUNTIF(O:O,A18)=1,VLOOKUP(A18-TIME(15,0,0),S:T,2), IF(AND(COUNTIF(O:O,A18-TIME(15,0,0))=0,NOT(ISERROR(B18-2))),$C$10,"")) -> 122.1432 | F18: =IF(ISERROR(B18-2),"", (E18/$E$14-1)*$C$5) -> -5991.1554 | H18: =IF(ISERROR(B18-2),"",(-1*(C18+D18))+F18+G18) -> -8866.11 | J18: 46170.625 | K18: 46168.625 | L18: 54.31 | M18: =IF(COUNTIF(K:K,J18),J18,"") -> 46170.625 | N18: =IF(M18>$A$14,M18,"") | S18: 46168 | T18: 122.0951 | U18: 46168 | V18: 54.31 | W18: =IF(COUNTIF(U:U,S18),S18,"") -> 46168
A19: =IF(AND(ISBLANK(O6), A18 = $O$1),NOW(),IF(AND(ISBLANK(O6),O6<NOW()),"",O6)) -> 46183.625 | B19: {=IF(COUNTIF(J:J,A19)=1,_xll.avmCdsSpreadForDate($Q$4,$Q$5,$Q$7,$Q$6,A19,$Q$1), IF(COUNTIF(J:J,A19)=0,$B$9,""))} -> 41.716759 | C19: =IF(ISERROR(B19-2),"",-1*(B19-$B$14)*10^-4*$B$8*$B$5) -> -17524.755 | D19: =IF(ISERROR(B19-2),"",(INT(A19)-INT($A$14))/360*$B$6*$B$5) -> 9722.2222 | E19: =IF(COUNTIF(O:O,A19)=1,VLOOKUP(A19-TIME(15,0,0),S:T,2), IF(AND(COUNTIF(O:O,A19-TIME(15,0,0))=0,NOT(ISERROR(B19-2))),$C$10,"")) -> 122.1109 | F19: =IF(ISERROR(B19-2),"", (E19/$E$14-1)*$C$5) -> -16038.432 | H19: =IF(ISERROR(B19-2),"",(-1*(C19+D19))+F19+G19) -> -8235.8988 | J19: 46169.625 | K19: 46169.625 | L19: 54.148 | M19: =IF(COUNTIF(K:K,J19),J19,"") -> 46169.625 | N19: =IF(M19>$A$14,M19,"") | S19: 46169 | T19: 122.1125 | U19: 46169 | V19: 54.148 | W19: =IF(COUNTIF(U:U,S19),S19,"") -> 46169
A20: =IF(AND(ISBLANK(O7), A19 = $O$1),NOW(),IF(AND(ISBLANK(O7),O7<NOW()),"",O7)) -> 46184.625 | B20: {=IF(COUNTIF(J:J,A20)=1,_xll.avmCdsSpreadForDate($Q$4,$Q$5,$Q$7,$Q$6,A20,$Q$1), IF(COUNTIF(J:J,A20)=0,$B$9,""))} -> 41.539342 | C20: =IF(ISERROR(B20-2),"",-1*(B20-$B$14)*10^-4*$B$8*$B$5) -> -13186.923 | D20: =IF(ISERROR(B20-2),"",(INT(A20)-INT($A$14))/360*$B$6*$B$5) -> 11111.111 | E20: =IF(COUNTIF(O:O,A20)=1,VLOOKUP(A20-TIME(15,0,0),S:T,2), IF(AND(COUNTIF(O:O,A20-TIME(15,0,0))=0,NOT(ISERROR(B20-2))),$C$10,"")) -> 122.1345 | F20: =IF(ISERROR(B20-2),"", (E20/$E$14-1)*$C$5) -> -8697.3878 | H20: =IF(ISERROR(B20-2),"",(-1*(C20+D20))+F20+G20) -> -6621.5756 | J20: 46168.625 | K20: 46170.625 | L20: 53.382 | M20: =IF(COUNTIF(K:K,J20),J20,"") -> 46168.625 | N20: =IF(M20>$A$14,M20,"") | S20: 46170 | T20: 122.1557 | U20: 46170 | V20: 53.382 | W20: =IF(COUNTIF(U:U,S20),S20,"") -> 46170
A21: =IF(AND(ISBLANK(O8), A20 = $O$1),NOW(),IF(AND(ISBLANK(O8),O8<NOW()),"",O8)) -> 46185.625 | B21: {=IF(COUNTIF(J:J,A21)=1,_xll.avmCdsSpreadForDate($Q$4,$Q$5,$Q$7,$Q$6,A21,$Q$1), IF(COUNTIF(J:J,A21)=0,$B$9,""))} -> 40.081699 | C21: =IF(ISERROR(B21-2),"",-1*(B21-$B$14)*10^-4*$B$8*$B$5) -> 22452.468 | D21: =IF(ISERROR(B21-2),"",(INT(A21)-INT($A$14))/360*$B$6*$B$5) -> 12500 | E21: =IF(COUNTIF(O:O,A21)=1,VLOOKUP(A21-TIME(15,0,0),S:T,2), IF(AND(COUNTIF(O:O,A21-TIME(15,0,0))=0,NOT(ISERROR(B21-2))),$C$10,"")) -> 122.2521 | F21: =IF(ISERROR(B21-2),"", (E21/$E$14-1)*$C$5) -> 27883.408 | H21: =IF(ISERROR(B21-2),"",(-1*(C21+D21))+F21+G21) -> -7069.0606 | J21: 46167.625 | K21: 46171.625 | L21: 52.724 | M21: =IF(COUNTIF(K:K,J21),J21,"") | N21: =IF(M21>$A$14,M21,"") | S21: 46171 | T21: 122.197 | U21: 46171 | V21: 52.724 | W21: =IF(COUNTIF(U:U,S21),S21,"") -> 46171
A22: =IF(AND(ISBLANK(O9), A21 = $O$1),NOW(),IF(AND(ISBLANK(O9),O9<NOW()),"",O9)) -> 46188.625 | B22: {=IF(COUNTIF(J:J,A22)=1,_xll.avmCdsSpreadForDate($Q$4,$Q$5,$Q$7,$Q$6,A22,$Q$1), IF(COUNTIF(J:J,A22)=0,$B$9,""))} -> 39.001266 | C22: =IF(ISERROR(B22-2),"",-1*(B22-$B$14)*10^-4*$B$8*$B$5) -> 48869.052 | D22: =IF(ISERROR(B22-2),"",(INT(A22)-INT($A$14))/360*$B$6*$B$5) -> 16666.667 | E22: =IF(COUNTIF(O:O,A22)=1,VLOOKUP(A22-TIME(15,0,0),S:T,2), IF(AND(COUNTIF(O:O,A22-TIME(15,0,0))=0,NOT(ISERROR(B22-2))),$C$10,"")) -> 122.3095 | F22: =IF(ISERROR(B22-2),"", (E22/$E$14-1)*$C$5) -> 45738.32 | H22: =IF(ISERROR(B22-2),"",(-1*(C22+D22))+F22+G22) -> -19797.399 | J22: 46164.625 | K22: 46174.625 | L22: 53.673 | M22: =IF(COUNTIF(K:K,J22),J22,"") -> 46164.625 | N22: =IF(M22>$A$14,M22,"") | S22: 46174 | T22: 122.1514 | U22: 46174 | V22: 53.673 | W22: =IF(COUNTIF(U:U,S22),S22,"") -> 46174
A23: =IF(AND(ISBLANK(O10), A22 = $O$1),NOW(),IF(AND(ISBLANK(O10),O10<NOW()),"",O10)) -> 46189.625 | B23: {=IF(COUNTIF(J:J,A23)=1,_xll.avmCdsSpreadForDate($Q$4,$Q$5,$Q$7,$Q$6,A23,$Q$1), IF(COUNTIF(J:J,A23)=0,$B$9,""))} -> 38.85689 | C23: =IF(ISERROR(B23-2),"",-1*(B23-$B$14)*10^-4*$B$8*$B$5) -> 52399.029 | D23: =IF(ISERROR(B23-2),"",(INT(A23)-INT($A$14))/360*$B$6*$B$5) -> 18055.556 | E23: =IF(COUNTIF(O:O,A23)=1,VLOOKUP(A23-TIME(15,0,0),S:T,2), IF(AND(COUNTIF(O:O,A23-TIME(15,0,0))=0,NOT(ISERROR(B23-2))),$C$10,"")) -> 122.3023 | F23: =IF(ISERROR(B23-2),"", (E23/$E$14-1)*$C$5) -> 43498.68 | H23: =IF(ISERROR(B23-2),"",(-1*(C23+D23))+F23+G23) -> -26955.905 | J23: 46163.625 | K23: 46175.625 | L23: 52.711 | M23: =IF(COUNTIF(K:K,J23),J23,"") -> 46163.625 | N23: =IF(M23>$A$14,M23,"") | S23: 46175 | T23: 122.1998 | U23: 46175 | V23: 52.711 | W23: =IF(COUNTIF(U:U,S23),S23,"") -> 46175
A24: =IF(AND(ISBLANK(O11), A23 = $O$1),NOW(),IF(AND(ISBLANK(O11),O11<NOW()),"",O11)) -> 46190.625 | B24: {=IF(COUNTIF(J:J,A24)=1,_xll.avmCdsSpreadForDate($Q$4,$Q$5,$Q$7,$Q$6,A24,$Q$1), IF(COUNTIF(J:J,A24)=0,$B$9,""))} -> 39.319247 | C24: =IF(ISERROR(B24-2),"",-1*(B24-$B$14)*10^-4*$B$8*$B$5) -> 41094.421 | D24: =IF(ISERROR(B24-2),"",(INT(A24)-INT($A$14))/360*$B$6*$B$5) -> 19444.444 | E24: =IF(COUNTIF(O:O,A24)=1,VLOOKUP(A24-TIME(15,0,0),S:T,2), IF(AND(COUNTIF(O:O,A24-TIME(15,0,0))=0,NOT(ISERROR(B24-2))),$C$10,"")) -> 122.2856 | F24: =IF(ISERROR(B24-2),"", (E24/$E$14-1)*$C$5) -> 38303.958 | H24: =IF(ISERROR(B24-2),"",(-1*(C24+D24))+F24+G24) -> -22234.908 | J24: 46162.625 | K24: 46176.625 | L24: 53.81 | M24: =IF(COUNTIF(K:K,J24),J24,"") -> 46162.625 | N24: =IF(M24>$A$14,M24,"") | S24: 46176 | T24: 122.1444 | U24: 46176 | V24: 53.81 | W24: =IF(COUNTIF(U:U,S24),S24,"") -> 46176
A25: =IF(AND(ISBLANK(O12), A24 = $O$1),NOW(),IF(AND(ISBLANK(O12),O12<NOW()),"",O12)) -> 46191.625 | B25: {=IF(COUNTIF(J:J,A25)=1,_xll.avmCdsSpreadForDate($Q$4,$Q$5,$Q$7,$Q$6,A25,$Q$1), IF(COUNTIF(J:J,A25)=0,$B$9,""))} -> 39.222282 | C25: =IF(ISERROR(B25-2),"",-1*(B25-$B$14)*10^-4*$B$8*$B$5) -> 43465.2 | D25: =IF(ISERROR(B25-2),"",(INT(A25)-INT($A$14))/360*$B$6*$B$5) -> 20833.333 | E25: =IF(COUNTIF(O:O,A25)=1,VLOOKUP(A25-TIME(15,0,0),S:T,2), IF(AND(COUNTIF(O:O,A25-TIME(15,0,0))=0,NOT(ISERROR(B25-2))),$C$10,"")) -> 122.30219 | F25: =IF(ISERROR(B25-2),"", (E25/$E$14-1)*$C$5) -> 43465.221 | H25: =IF(ISERROR(B25-2),"",(-1*(C25+D25))+F25+G25) -> -20833.313 | J25: 46161.625 | K25: 46177.625 | L25: 53.121 | M25: =IF(COUNTIF(K:K,J25),J25,"") -> 46161.625 | N25: =IF(M25>$A$14,M25,"") | S25: 46177 | T25: 122.181 | U25: 46177 | V25: 53.121 | W25: =IF(COUNTIF(U:U,S25),S25,"") -> 46177
A26: =IF(AND(ISBLANK(O13), A25 = $O$1),NOW(),IF(AND(ISBLANK(O13),O13<NOW()),"",O13)) -> 46191.471 | B26: {=IF(COUNTIF(J:J,A26)=1,_xll.avmCdsSpreadForDate($Q$4,$Q$5,$Q$7,$Q$6,A26,$Q$1), IF(COUNTIF(J:J,A26)=0,$B$9,""))} -> 37.99845 | C26: =IF(ISERROR(B26-2),"",-1*(B26-$B$14)*10^-4*$B$8*$B$5) -> 73387.898 | D26: =IF(ISERROR(B26-2),"",(INT(A26)-INT($A$14))/360*$B$6*$B$5) -> 20833.333 | E26: =IF(COUNTIF(O:O,A26)=1,VLOOKUP(A26-TIME(15,0,0),S:T,2), IF(AND(COUNTIF(O:O,A26-TIME(15,0,0))=0,NOT(ISERROR(B26-2))),$C$10,"")) -> 122.30219 | F26: =IF(ISERROR(B26-2),"", (E26/$E$14-1)*$C$5) -> 43465.221 | H26: =IF(ISERROR(B26-2),"",(-1*(C26+D26))+F26+G26) -> -50756.01 | J26: 46160.625 | K26: 46178.625 | L26: 53.724 | M26: =IF(COUNTIF(K:K,J26),J26,"") -> 46160.625 | N26: =IF(M26>$A$14,M26,"") | S26: 46178 | T26: 122.1475 | U26: 46178 | V26: 53.724 | W26: =IF(COUNTIF(U:U,S26),S26,"") -> 46178
... A34: =IF(AND(ISBLANK(O21), A33 = $O$1),NOW(),IF(AND(ISBLANK(O21),O21<NOW()),"",O21)) | B34: {=IF(COUNTIF(J:J,A34)=1,_xll.avmCdsSpreadForDate($Q$4,$Q$5,$Q$7,$Q$6,A34,$Q$1), IF(COUNTIF(J:J,A34)=0,$B$9,""))} | C34: =IF(ISERROR(B34-2),"",-1*(B34-$B$14)*10^-4*$B$8*$B$5) | D34: =IF(ISERROR(B34-2),"",(INT(A34)-INT($A$14))/360*$B$6*$B$5) | E34: =IF(COUNTIF(O:O,A34)=1,VLOOKUP(A34-TIME(15,0,0),S:T,2), IF(AND(COUNTIF(O:O,A34-TIME(15,0,0))=0,NOT(ISERROR(B34-2))),$C$10,"")) | F34: =IF(ISERROR(B34-2),"", (E34/$E$14-1)*$C$5) | H34: =IF(ISERROR(B34-2),"",(-1*(C34+D34))+F34+G34) | J34: 46148.625 | K34: 46190.625 | L34: 51.82 | M34: =IF(COUNTIF(K:K,J34),J34,"") -> 46148.625 | N34: =IF(M34>$A$14,M34,"") | S34: 46190 | T34: 122.2856 | U34: 46190 | V34: 51.82 | W34: =IF(COUNTIF(U:U,S34),S34,"") -> 46190
A35: =IF(AND(ISBLANK(O22), A34 = $O$1),NOW(),IF(AND(ISBLANK(O22),O22<NOW()),"",O22)) | B35: {=IF(COUNTIF(J:J,A35)=1,_xll.avmCdsSpreadForDate($Q$4,$Q$5,$Q$7,$Q$6,A35,$Q$1), IF(COUNTIF(J:J,A35)=0,$B$9,""))} | C35: =IF(ISERROR(B35-2),"",-1*(B35-$B$14)*10^-4*$B$8*$B$5) | D35: =IF(ISERROR(B35-2),"",(INT(A35)-INT($A$14))/360*$B$6*$B$5) | E35: =IF(COUNTIF(O:O,A35)=1,VLOOKUP(A35-TIME(15,0,0),S:T,2), IF(AND(COUNTIF(O:O,A35-TIME(15,0,0))=0,NOT(ISERROR(B35-2))),$C$10,"")) | F35: =IF(ISERROR(B35-2),"", (E35/$E$14-1)*$C$5) | H35: =IF(ISERROR(B35-2),"",(-1*(C35+D35))+F35+G35) | J35: 46147.625 | K35: 46191.625 | L35: 51.588 | M35: =IF(COUNTIF(K:K,J35),J35,"") -> 46147.625 | N35: =IF(M35>$A$14,M35,"") | U35: 46191 | V35: 51.588 | W35: =IF(COUNTIF(U:U,S35),S35,"")
A36: =IF(AND(ISBLANK(O23), A35 = $O$1),NOW(),IF(AND(ISBLANK(O23),O23<NOW()),"",O23)) | B36: {=IF(COUNTIF(J:J,A36)=1,_xll.avmCdsSpreadForDate($Q$4,$Q$5,$Q$7,$Q$6,A36,$Q$1), IF(COUNTIF(J:J,A36)=0,$B$9,""))} | C36: =IF(ISERROR(B36-2),"",-1*(B36-$B$14)*10^-4*$B$8*$B$5) | D36: =IF(ISERROR(B36-2),"",(INT(A36)-INT($A$14))/360*$B$6*$B$5) | E36: =IF(COUNTIF(O:O,A36)=1,VLOOKUP(A36-TIME(15,0,0),S:T,2), IF(AND(COUNTIF(O:O,A36-TIME(15,0,0))=0,NOT(ISERROR(B36-2))),$C$10,"")) | F36: =IF(ISERROR(B36-2),"", (E36/$E$14-1)*$C$5) | H36: =IF(ISERROR(B36-2),"",(-1*(C36+D36))+F36+G36) | J36: 46146.625 | M36: =IF(COUNTIF(K:K,J36),J36,"") | N36: =IF(M36>$A$14,M36,"") | W36: =IF(COUNTIF(U:U,S36),S36,"")
A37: =IF(AND(ISBLANK(O24), A36 = $O$1),NOW(),IF(AND(ISBLANK(O24),O24<NOW()),"",O24)) | B37: {=IF(COUNTIF(J:J,A37)=1,_xll.avmCdsSpreadForDate($Q$4,$Q$5,$Q$7,$Q$6,A37,$Q$1), IF(COUNTIF(J:J,A37)=0,$B$9,""))} | C37: =IF(ISERROR(B37-2),"",-1*(B37-$B$14)*10^-4*$B$8*$B$5) | D37: =IF(ISERROR(B37-2),"",(INT(A37)-INT($A$14))/360*$B$6*$B$5) | E37: =IF(COUNTIF(O:O,A37)=1,VLOOKUP(A37-TIME(15,0,0),S:T,2), IF(AND(COUNTIF(O:O,A37-TIME(15,0,0))=0,NOT(ISERROR(B37-2))),$C$10,"")) | F37: =IF(ISERROR(B37-2),"", (E37/$E$14-1)*$C$5) | H37: =IF(ISERROR(B37-2),"",(-1*(C37+D37))+F37+G37) | M37: =IF(COUNTIF(K:K,J37),J37,"") | N37: =IF(M37>$A$14,M37,"") | W37: =IF(COUNTIF(U:U,S37),S37,"")
A38: =IF(AND(ISBLANK(O25), A37 = $O$1),NOW(),IF(AND(ISBLANK(O25),O25<NOW()),"",O25)) | B38: {=IF(COUNTIF(J:J,A38)=1,_xll.avmCdsSpreadForDate($Q$4,$Q$5,$Q$7,$Q$6,A38,$Q$1), IF(COUNTIF(J:J,A38)=0,$B$9,""))} | C38: =IF(ISERROR(B38-2),"",-1*(B38-$B$14)*10^-4*$B$8*$B$5) | D38: =IF(ISERROR(B38-2),"",(INT(A38)-INT($A$14))/360*$B$6*$B$5) | E38: =IF(COUNTIF(O:O,A38)=1,VLOOKUP(A38-TIME(15,0,0),S:T,2), IF(AND(COUNTIF(O:O,A38-TIME(15,0,0))=0,NOT(ISERROR(B38-2))),$C$10,"")) | F38: =IF(ISERROR(B38-2),"", (E38/$E$14-1)*$C$5) | H38: =IF(ISERROR(B38-2),"",(-1*(C38+D38))+F38+G38) | M38: =IF(COUNTIF(K:K,J38),J38,"") | N38: =IF(M38>$A$14,M38,"") | W38: =IF(COUNTIF(U:U,S38),S38,"")
A39: =IF(AND(ISBLANK(O26), A38 = $O$1),NOW(),IF(AND(ISBLANK(O26),O26<NOW()),"",O26)) | B39: {=IF(COUNTIF(J:J,A39)=1,_xll.avmCdsSpreadForDate($Q$4,$Q$5,$Q$7,$Q$6,A39,$Q$1), IF(COUNTIF(J:J,A39)=0,$B$9,""))} | C39: =IF(ISERROR(B39-2),"",-1*(B39-$B$14)*10^-4*$B$8*$B$5) | D39: =IF(ISERROR(B39-2),"",(INT(A39)-INT($A$14))/360*$B$6*$B$5) | E39: =IF(COUNTIF(O:O,A39)=1,VLOOKUP(A39-TIME(15,0,0),S:T,2), IF(AND(COUNTIF(O:O,A39-TIME(15,0,0))=0,NOT(ISERROR(B39-2))),$C$10,"")) | F39: =IF(ISERROR(B39-2),"", (E39/$E$14-1)*$C$5) | H39: =IF(ISERROR(B39-2),"",(-1*(C39+D39))+F39+G39) | M39: =IF(COUNTIF(K:K,J39),J39,"") | N39: =IF(M39>$A$14,M39,"") | W39: =IF(COUNTIF(U:U,S39),S39,"")
A40: =IF(AND(ISBLANK(O27), A39 = $O$1),NOW(),IF(AND(ISBLANK(O27),O27<NOW()),"",O27)) | B40: {=IF(COUNTIF(J:J,A40)=1,_xll.avmCdsSpreadForDate($Q$4,$Q$5,$Q$7,$Q$6,A40,$Q$1), IF(COUNTIF(J:J,A40)=0,$B$9,""))} | C40: =IF(ISERROR(B40-2),"",-1*(B40-$B$14)*10^-4*$B$8*$B$5) | D40: =IF(ISERROR(B40-2),"",(INT(A40)-INT($A$14))/360*$B$6*$B$5) | E40: =IF(COUNTIF(O:O,A40)=1,VLOOKUP(A40-TIME(15,0,0),S:T,2), IF(AND(COUNTIF(O:O,A40-TIME(15,0,0))=0,NOT(ISERROR(B40-2))),$C$10,"")) | F40: =IF(ISERROR(B40-2),"", (E40/$E$14-1)*$C$5) | H40: =IF(ISERROR(B40-2),"",(-1*(C40+D40))+F40+G40) | M40: =IF(COUNTIF(K:K,J40),J40,"") | N40: =IF(M40>$A$14,M40,"") | W40: =IF(COUNTIF(U:U,S40),S40,"")
A41: =IF(AND(ISBLANK(O28), A40 = $O$1),NOW(),IF(AND(ISBLANK(O28),O28<NOW()),"",O28)) | B41: {=IF(COUNTIF(J:J,A41)=1,_xll.avmCdsSpreadForDate($Q$4,$Q$5,$Q$7,$Q$6,A41,$Q$1), IF(COUNTIF(J:J,A41)=0,$B$9,""))} | C41: =IF(ISERROR(B41-2),"",-1*(B41-$B$14)*10^-4*$B$8*$B$5) | D41: =IF(ISERROR(B41-2),"",(INT(A41)-INT($A$14))/360*$B$6*$B$5) | E41: =IF(COUNTIF(O:O,A41)=1,VLOOKUP(A41-TIME(15,0,0),S:T,2), IF(AND(COUNTIF(O:O,A41-TIME(15,0,0))=0,NOT(ISERROR(B41-2))),$C$10,"")) | F41: =IF(ISERROR(B41-2),"", (E41/$E$14-1)*$C$5) | H41: =IF(ISERROR(B41-2),"",(-1*(C41+D41))+F41+G41) | M41: =IF(COUNTIF(K:K,J41),J41,"") | N41: =IF(M41>$A$14,M41,"") | W41: =IF(COUNTIF(U:U,S41),S41,"")
A42: =IF(AND(ISBLANK(O29), A41 = $O$1),NOW(),IF(AND(ISBLANK(O29),O29<NOW()),"",O29)) | B42: {=IF(COUNTIF(J:J,A42)=1,_xll.avmCdsSpreadForDate($Q$4,$Q$5,$Q$7,$Q$6,A42,$Q$1), IF(COUNTIF(J:J,A42)=0,$B$9,""))} | C42: =IF(ISERROR(B42-2),"",-1*(B42-$B$14)*10^-4*$B$8*$B$5) | D42: =IF(ISERROR(B42-2),"",(INT(A42)-INT($A$14))/360*$B$6*$B$5) | E42: =IF(COUNTIF(O:O,A42)=1,VLOOKUP(A42-TIME(15,0,0),S:T,2), IF(AND(COUNTIF(O:O,A42-TIME(15,0,0))=0,NOT(ISERROR(B42-2))),$C$10,"")) | F42: =IF(ISERROR(B42-2),"", (E42/$E$14-1)*$C$5) | H42: =IF(ISERROR(B42-2),"",(-1*(C42+D42))+F42+G42) | M42: =IF(COUNTIF(K:K,J42),J42,"") | N42: =IF(M42>$A$14,M42,"") | W42: =IF(COUNTIF(U:U,S42),S42,"")
A43: =IF(AND(ISBLANK(O30), A42 = $O$1),NOW(),IF(AND(ISBLANK(O30),O30<NOW()),"",O30)) | B43: {=IF(COUNTIF(J:J,A43)=1,_xll.avmCdsSpreadForDate($Q$4,$Q$5,$Q$7,$Q$6,A43,$Q$1), IF(COUNTIF(J:J,A43)=0,$B$9,""))} | C43: =IF(ISERROR(B43-2),"",-1*(B43-$B$14)*10^-4*$B$8*$B$5) | D43: =IF(ISERROR(B43-2),"",(INT(A43)-INT($A$14))/360*$B$6*$B$5) | E43: =IF(COUNTIF(O:O,A43)=1,VLOOKUP(A43-TIME(15,0,0),S:T,2), IF(AND(COUNTIF(O:O,A43-TIME(15,0,0))=0,NOT(ISERROR(B43-2))),$C$10,"")) | F43: =IF(ISERROR(B43-2),"", (E43/$E$14-1)*$C$5) | H43: =IF(ISERROR(B43-2),"",(-1*(C43+D43))+F43+G43) | M43: =IF(COUNTIF(K:K,J43),J43,"") | N43: =IF(M43>$A$14,M43,"") | W43: =IF(COUNTIF(U:U,S43),S43,"")
A44: =IF(AND(ISBLANK(O31), A43 = $O$1),NOW(),IF(AND(ISBLANK(O31),O31<NOW()),"",O31)) | B44: {=IF(COUNTIF(J:J,A44)=1,_xll.avmCdsSpreadForDate($Q$4,$Q$5,$Q$7,$Q$6,A44,$Q$1), IF(COUNTIF(J:J,A44)=0,$B$9,""))} | C44: =IF(ISERROR(B44-2),"",-1*(B44-$B$14)*10^-4*$B$8*$B$5) | D44: =IF(ISERROR(B44-2),"",(INT(A44)-INT($A$14))/360*$B$6*$B$5) | E44: =IF(COUNTIF(O:O,A44)=1,VLOOKUP(A44-TIME(15,0,0),S:T,2), IF(AND(COUNTIF(O:O,A44-TIME(15,0,0))=0,NOT(ISERROR(B44-2))),$C$10,"")) | F44: =IF(ISERROR(B44-2),"", (E44/$E$14-1)*$C$5) | H44: =IF(ISERROR(B44-2),"",(-1*(C44+D44))+F44+G44) | M44: =IF(COUNTIF(K:K,J44),J44,"") | N44: =IF(M44>$A$14,M44,"") | W44: =IF(COUNTIF(U:U,S44),S44,"")
A45: =IF(AND(ISBLANK(O32), A44 = $O$1),NOW(),IF(AND(ISBLANK(O32),O32<NOW()),"",O32)) | B45: {=IF(COUNTIF(J:J,A45)=1,_xll.avmCdsSpreadForDate($Q$4,$Q$5,$Q$7,$Q$6,A45,$Q$1), IF(COUNTIF(J:J,A45)=0,$B$9,""))} | C45: =IF(ISERROR(B45-2),"",-1*(B45-$B$14)*10^-4*$B$8*$B$5) | D45: =IF(ISERROR(B45-2),"",(INT(A45)-INT($A$14))/360*$B$6*$B$5) | E45: =IF(COUNTIF(O:O,A45)=1,VLOOKUP(A45-TIME(15,0,0),S:T,2), IF(AND(COUNTIF(O:O,A45-TIME(15,0,0))=0,NOT(ISERROR(B45-2))),$C$10,"")) | F45: =IF(ISERROR(B45-2),"", (E45/$E$14-1)*$C$5) | H45: =IF(ISERROR(B45-2),"",(-1*(C45+D45))+F45+G45) | M45: =IF(COUNTIF(K:K,J45),J45,"") | N45: =IF(M45>$A$14,M45,"") | W45: =IF(COUNTIF(U:U,S45),S45,"")
A46: =IF(AND(ISBLANK(O33), A45 = $O$1),NOW(),IF(AND(ISBLANK(O33),O33<NOW()),"",O33)) | B46: {=IF(COUNTIF(J:J,A46)=1,_xll.avmCdsSpreadForDate($Q$4,$Q$5,$Q$7,$Q$6,A46,$Q$1), IF(COUNTIF(J:J,A46)=0,$B$9,""))} | C46: =IF(ISERROR(B46-2),"",-1*(B46-$B$14)*10^-4*$B$8*$B$5) | D46: =IF(ISERROR(B46-2),"",(INT(A46)-INT($A$14))/360*$B$6*$B$5) | E46: =IF(COUNTIF(O:O,A46)=1,VLOOKUP(A46-TIME(15,0,0),S:T,2), IF(AND(COUNTIF(O:O,A46-TIME(15,0,0))=0,NOT(ISERROR(B46-2))),$C$10,"")) | F46: =IF(ISERROR(B46-2),"", (E46/$E$14-1)*$C$5) | H46: =IF(ISERROR(B46-2),"",(-1*(C46+D46))+F46+G46) | M46: =IF(COUNTIF(K:K,J46),J46,"") | N46: =IF(M46>$A$14,M46,"") | W46: =IF(COUNTIF(U:U,S46),S46,"")
A47: =IF(AND(ISBLANK(O34), A46 = $O$1),NOW(),IF(AND(ISBLANK(O34),O34<NOW()),"",O34)) | B47: {=IF(COUNTIF(J:J,A47)=1,_xll.avmCdsSpreadForDate($Q$4,$Q$5,$Q$7,$Q$6,A47,$Q$1), IF(COUNTIF(J:J,A47)=0,$B$9,""))} | C47: =IF(ISERROR(B47-2),"",-1*(B47-$B$14)*10^-4*$B$8*$B$5) | D47: =IF(ISERROR(B47-2),"",(INT(A47)-INT($A$14))/360*$B$6*$B$5) | E47: =IF(COUNTIF(O:O,A47)=1,VLOOKUP(A47-TIME(15,0,0),S:T,2), IF(AND(COUNTIF(O:O,A47-TIME(15,0,0))=0,NOT(ISERROR(B47-2))),$C$10,"")) | F47: =IF(ISERROR(B47-2),"", (E47/$E$14-1)*$C$5) | H47: =IF(ISERROR(B47-2),"",(-1*(C47+D47))+F47+G47) | M47: =IF(COUNTIF(K:K,J47),J47,"") | N47: =IF(M47>$A$14,M47,"") | W47: =IF(COUNTIF(U:U,S47),S47,"")
A48: =IF(AND(ISBLANK(O35), A47 = $O$1),NOW(),IF(AND(ISBLANK(O35),O35<NOW()),"",O35)) | B48: {=IF(COUNTIF(J:J,A48)=1,_xll.avmCdsSpreadForDate($Q$4,$Q$5,$Q$7,$Q$6,A48,$Q$1), IF(COUNTIF(J:J,A48)=0,$B$9,""))} | C48: =IF(ISERROR(B48-2),"",-1*(B48-$B$14)*10^-4*$B$8*$B$5) | D48: =IF(ISERROR(B48-2),"",(INT(A48)-INT($A$14))/360*$B$6*$B$5) | E48: =IF(COUNTIF(O:O,A48)=1,VLOOKUP(A48-TIME(15,0,0),S:T,2), IF(AND(COUNTIF(O:O,A48-TIME(15,0,0))=0,NOT(ISERROR(B48-2))),$C$10,"")) | F48: =IF(ISERROR(B48-2),"", (E48/$E$14-1)*$C$5) | H48: =IF(ISERROR(B48-2),"",(-1*(C48+D48))+F48+G48) | M48: =IF(COUNTIF(K:K,J48),J48,"") | N48: =IF(M48>$A$14,M48,"") | W48: =IF(COUNTIF(U:U,S48),S48,"")
... A136: =IF(AND(ISBLANK(O123), A135 = $O$1),NOW(),IF(AND(ISBLANK(O123),O123<NOW()),"",O123)) | B136: {=IF(COUNTIF(J:J,A136)=1,_xll.avmCdsSpreadForDate($Q$4,$Q$5,$Q$7,$Q$6,A136,$Q$1), IF(COUNTIF(J:J,A136)=0,$B$9,""))} | C136: =IF(ISERROR(B136-2),"",-1*(B136-$B$14)*10^-4*$B$8*$B$5) | D136: =IF(ISERROR(B136-2),"",(INT(A136)-INT($A$14))/360*$B$6*$B$5) | E136: =IF(COUNTIF(O:O,A136)=1,VLOOKUP(A136-TIME(15,0,0),S:T,2), IF(AND(COUNTIF(O:O,A136-TIME(15,0,0))=0,NOT(ISERROR(B136-2))),$C$10,"")) | F136: =IF(ISERROR(B136-2),"", (E136/$E$14-1)*$C$5) | H136: =IF(ISERROR(B136-2),"",(-1*(C136+D136))+F136+G136) | M136: =IF(COUNTIF(K:K,J136),J136,"") | N136: =IF(M136>$A$14,M136,"") | W136: =IF(COUNTIF(U:U,S136),S136,"")
M137: =IF(COUNTIF(K:K,J137),J137,"") | N137: =IF(M137>$A$14,M137,"") | W137: =IF(COUNTIF(U:U,S137),S137,"")
M138: =IF(COUNTIF(K:K,J138),J138,"") | N138: =IF(M138>$A$14,M138,"") | W138: =IF(COUNTIF(U:U,S138),S138,"")
M139: =IF(COUNTIF(K:K,J139),J139,"") | N139: =IF(M139>$A$14,M139,"") | W139: =IF(COUNTIF(U:U,S139),S139,"")
M140: =IF(COUNTIF(K:K,J140),J140,"") | N140: =IF(M140>$A$14,M140,"") | W140: =IF(COUNTIF(U:U,S140),S140,"")
M141: =IF(COUNTIF(K:K,J141),J141,"") | N141: =IF(M141>$A$14,M141,"") | W141: =IF(COUNTIF(U:U,S141),S141,"")
M142: =IF(COUNTIF(K:K,J142),J142,"") | N142: =IF(M142>$A$14,M142,"") | W142: =IF(COUNTIF(U:U,S142),S142,"")
M143: =IF(COUNTIF(K:K,J143),J143,"") | N143: =IF(M143>$A$14,M143,"") | W143: =IF(COUNTIF(U:U,S143),S143,"")
M144: =IF(COUNTIF(K:K,J144),J144,"") | N144: =IF(M144>$A$14,M144,"") | W144: =IF(COUNTIF(U:U,S144),S144,"")
M145: =IF(COUNTIF(K:K,J145),J145,"") | N145: =IF(M145>$A$14,M145,"") | W145: =IF(COUNTIF(U:U,S145),S145,"")
M146: =IF(COUNTIF(K:K,J146),J146,"") | N146: =IF(M146>$A$14,M146,"") | W146: =IF(COUNTIF(U:U,S146),S146,"")
M147: =IF(COUNTIF(K:K,J147),J147,"") | N147: =IF(M147>$A$14,M147,"") | W147: =IF(COUNTIF(U:U,S147),S147,"")
M148: =IF(COUNTIF(K:K,J148),J148,"") | N148: =IF(M148>$A$14,M148,"") | W148: =IF(COUNTIF(U:U,S148),S148,"")
... M421: =IF(COUNTIF(K:K,J421),J421,"") | N421: =IF(M421>$A$14,M421,"") | W421: =IF(COUNTIF(U:U,S421),S421,"")
M422: =IF(COUNTIF(K:K,J422),J422,"") | N422: =IF(M422>$A$14,M422,"")
M423: =IF(COUNTIF(K:K,J423),J423,"") | N423: =IF(M423>$A$14,M423,"")
M424: =IF(COUNTIF(K:K,J424),J424,"") | N424: =IF(M424>$A$14,M424,"")
M425: =IF(COUNTIF(K:K,J425),J425,"") | N425: =IF(M425>$A$14,M425,"")
M426: =IF(COUNTIF(K:K,J426),J426,"") | N426: =IF(M426>$A$14,M426,"")
M427: =IF(COUNTIF(K:K,J427),J427,"") | N427: =IF(M427>$A$14,M427,"")
M428: =IF(COUNTIF(K:K,J428),J428,"") | N428: =IF(M428>$A$14,M428,"")
M429: =IF(COUNTIF(K:K,J429),J429,"") | N429: =IF(M429>$A$14,M429,"")
M430: =IF(COUNTIF(K:K,J430),J430,"") | N430: =IF(M430>$A$14,M430,"")
M431: =IF(COUNTIF(K:K,J431),J431,"") | N431: =IF(M431>$A$14,M431,"")
M432: =IF(COUNTIF(K:K,J432),J432,"") | N432: =IF(M432>$A$14,M432,"")
M433: =IF(COUNTIF(K:K,J433),J433,"") | N433: =IF(M433>$A$14,M433,"")
... M891: =IF(COUNTIF(K:K,J891),J891,"") | N891: =IF(M891>$A$14,M891,"")

Sheet 44b
O1: {=LOOKUP(2,1/(O:O<>""),O:O)} -> 46191.625 | P1: Expiry | Q1: 48001
B2: Short Risk | C2: Long Risk | J2: Short Risk | K2: Long Risk | O2: {=_xlfn._xlws.SORT(_xlfn.UNIQUE(_xlfn._xlws.FILTER(N:N, ISNUMBER(N:N))))} -> 46177.625 | P2: Start Date | Q2: =K3 -> 46143.625
A3: Name= | B3: HSBC Sen 5Y CDS | C3: HSBC 4.675% 3/31-32 | J3: {=_xll.avmDates(Q2,Q3,"EUR")} -> 46192.625 | K3: {=_xll.BDH(C4, "LAST_PRICE", "05/01/2026 15:00:00", "01/01/2035 17:00:00", "BarSize=120", "BarType=T", "RecurDaily=True", "TZ=London")} -> 46143.625 | L3: 98.929 | M3: =IF(COUNTIF(K:K,J3),J3,"") | N3: =IF(M3>$A$14,M3,"") | O3: 46178.625 | P3: End Date | Q3: =INT(TODAY()+1) + TIME(15,0,0) -> 46192.625
A4: BBG Ticker= | B4: HSBCHLDCO CDS EUR SR 5Y D14 Corp | C4: 404280FL8@BGN Govt | J4: 46191.625 | K4: 46146.625 | L4: 98.594 | M4: =IF(COUNTIF(K:K,J4),J4,"") -> 46191.625 | N4: =IF(M4>$A$14,M4,"") -> 46191.625 | O4: 46181.625 | P4: Ticker | Q4: HSBC
A5: Not'l= | B5: =55*10^6 -> 55000000 | C5: =30*10^6 -> 30000000 | J5: 46190.625 | K5: 46147.625 | L5: 98.816 | M5: =IF(COUNTIF(K:K,J5),J5,"") -> 46190.625 | N5: =IF(M5>$A$14,M5,"") -> 46190.625 | O5: 46182.625 | P5: Ccy | Q5: EUR
A6: Carry= | B6: 0.01 | C6: 0.04675 | J6: 46189.625 | K6: 46148.625 | L6: 99.09 | M6: =IF(COUNTIF(K:K,J6),J6,"") -> 46189.625 | N6: =IF(M6>$A$14,M6,"") -> 46189.625 | O6: 46183.625 | P6: Tier | Q6: SNRFOR
A7: Financing Rate= | B7: 0 | C7: 0.0365 | J7: 46188.625 | K7: 46149.625 | L7: 99.018 | M7: =IF(COUNTIF(K:K,J7),J7,"") -> 46188.625 | N7: =IF(M7>$A$14,M7,"") -> 46188.625 | O7: 46184.625 | P7: Doc | Q7: MM14
A8: Initial Duration= | B8: 4.89 | J8: 46185.625 | K8: 46150.625 | L8: 99.014 | M8: =IF(COUNTIF(K:K,J8),J8,"") -> 46185.625 | N8: =IF(M8>$A$14,M8,"") -> 46185.625 | O8: 46185.625
A9: EUR/USD= | B9: 1.16 | J9: 46184.625 | K9: 46153.625 | L9: 98.932 | M9: =IF(COUNTIF(K:K,J9),J9,"") -> 46184.625 | N9: =IF(M9>$A$14,M9,"") -> 46184.625 | O9: 46188.625
A10: Live BBG PX= | B10: {=_xll.BDP(B4,"PX_LAST")} -> 37.99845 | C10: {=_xll.BDP(C4,"PX_LAST")} -> 98.59 | J10: 46183.625 | K10: 46154.625 | L10: 98.61 | M10: =IF(COUNTIF(K:K,J10),J10,"") -> 46183.625 | N10: =IF(M10>$A$14,M10,"") -> 46183.625 | O10: 46189.625
J11: 46182.625 | K11: 46155.625 | L11: 98.564 | M11: =IF(COUNTIF(K:K,J11),J11,"") -> 46182.625 | N11: =IF(M11>$A$14,M11,"") -> 46182.625 | O11: 46190.625
A12: Date | B12: Short Risk | E12: Long Risk | H12: Net P/L | J12: 46181.625 | K12: 46156.625 | L12: 98.79 | M12: =IF(COUNTIF(K:K,J12),J12,"") -> 46181.625 | N12: =IF(M12>$A$14,M12,"") -> 46181.625 | O12: 46191.625
B13: Sprd | C13: Sprd P/L | D13: Carry P/L | E13: Price | F13: Price P/L | G13: Carry P/L | J13: 46178.625 | K13: 46157.625 | L13: 98.176 | M13: =IF(COUNTIF(K:K,J13),J13,"") -> 46178.625 | N13: =IF(M13>$A$14,M13,"") -> 46178.625
A14: 46176.625 | B14: 41 | E14: {=_xll.BDP(C4,"YAS_BOND_PX","YAS_ISPREAD_TO_GOVT=82","SETTLE_DT=20260603")} -> 98.709351 | H14: 0 | J14: 46177.625 | K14: 46160.625 | L14: 98.184 | M14: =IF(COUNTIF(K:K,J14),J14,"") -> 46177.625 | N14: =IF(M14>$A$14,M14,"") -> 46177.625
A15: =IF(AND(ISBLANK(O2), A14 = $O$1),NOW(),IF(ISBLANK(O2),"",O2)) -> 46177.625 | B15: {=IF(COUNTIF(J:J,A15)=1,_xll.avmCdsSpreadForDate($Q$4,$Q$5,$Q$7,$Q$6,A15,$Q$1), IF(COUNTIF(J:J,A15)=0,$B$10,""))} -> 40.710693 | C15: =IF(ISERROR(B15-2),"",-1*(B15-$B$14)*10^-4*$B$8*$B$5) -> 7780.9077 | D15: =IF(ISERROR(B15-2),"",(INT(A15)-INT($A$14))/360*$B$6*$B$5) -> 1527.7778 | E15: =IF(COUNTIF($K$2:K1000,A15)=1,VLOOKUP(A15,K:L,2), IF(COUNTIF($K$2:K1000,A15)=0,$C$10,"")) -> 98.572 | F15: =IF(ISERROR(B15-2),"",(E15-$E$14)/100*$C$5) -> -41205.384 | G15: =IF(ISERROR(B15-2),"",(INT(A15)-INT($A$14))/360*$C$6*$C$5-(INT(A15)-INT($A$14))/360*$C$7*$C$5*$E$14/100) -> 893.4239 | H15: =IF(ISERROR(B15-2),"",$B$9*(-1*(C15+D15))+F15+G15) -> -51110.035 | J15: 46176.625 | K15: 46161.625 | L15: 97.826 | M15: =IF(COUNTIF(K:K,J15),J15,"") -> 46176.625 | N15: =IF(M15>$A$14,M15,"")
A16: =IF(AND(ISBLANK(O3), A15 = $O$1),NOW(),IF(ISBLANK(O3),"",O3)) -> 46178.625 | B16: {=IF(COUNTIF(J:J,A16)=1,_xll.avmCdsSpreadForDate($Q$4,$Q$5,$Q$7,$Q$6,A16,$Q$1), IF(COUNTIF(J:J,A16)=0,$B$10,""))} -> 40.725619 | C16: =IF(ISERROR(B16-2),"",-1*(B16-$B$14)*10^-4*$B$8*$B$5) -> 7379.4722 | D16: =IF(ISERROR(B16-2),"",(INT(A16)-INT($A$14))/360*$B$6*$B$5) -> 3055.5556 | E16: =IF(COUNTIF($K$2:K1001,A16)=1,VLOOKUP(A16,K:L,2), IF(COUNTIF($K$2:K1001,A16)=0,$C$10,"")) -> 98.169 | F16: =IF(ISERROR(B16-2),"",(E16-$E$14)/100*$C$5) -> -162105.38 | G16: =IF(ISERROR(B16-2),"",(INT(A16)-INT($A$14))/360*$C$6*$C$5-(INT(A16)-INT($A$14))/360*$C$7*$C$5*$E$14/100) -> 1786.8478 | H16: =IF(ISERROR(B16-2),"",$B$9*(-1*(C16+D16))+F16+G16) -> -172423.17 | J16: 46175.625 | K16: 46162.625 | L16: 98.237 | M16: =IF(COUNTIF(K:K,J16),J16,"") -> 46175.625 | N16: =IF(M16>$A$14,M16,"")
A17: =IF(AND(ISBLANK(O4), A16 = $O$1),NOW(),IF(ISBLANK(O4),"",O4)) -> 46181.625 | B17: {=IF(COUNTIF(J:J,A17)=1,_xll.avmCdsSpreadForDate($Q$4,$Q$5,$Q$7,$Q$6,A17,$Q$1), IF(COUNTIF(J:J,A17)=0,$B$10,""))} -> 41.377222 | C17: =IF(ISERROR(B17-2),"",-1*(B17-$B$14)*10^-4*$B$8*$B$5) -> -10145.383 | D17: =IF(ISERROR(B17-2),"",(INT(A17)-INT($A$14))/360*$B$6*$B$5) -> 7638.8889 | E17: =IF(COUNTIF($K$2:K1002,A17)=1,VLOOKUP(A17,K:L,2), IF(COUNTIF($K$2:K1002,A17)=0,$C$10,"")) -> 98.101 | F17: =IF(ISERROR(B17-2),"",(E17-$E$14)/100*$C$5) -> -182505.38 | G17: =IF(ISERROR(B17-2),"",(INT(A17)-INT($A$14))/360*$C$6*$C$5-(INT(A17)-INT($A$14))/360*$C$7*$C$5*$E$14/100) -> 4467.1195 | H17: =IF(ISERROR(B17-2),"",$B$9*(-1*(C17+D17))+F17+G17) -> -175130.73 | J17: 46174.625 | K17: 46163.625 | L17: 98.065 | M17: =IF(COUNTIF(K:K,J17),J17,"") -> 46174.625 | N17: =IF(M17>$A$14,M17,"")
A18: =IF(AND(ISBLANK(O5), A17 = $O$1),NOW(),IF(ISBLANK(O5),"",O5)) -> 46182.625 | B18: {=IF(COUNTIF(J:J,A18)=1,_xll.avmCdsSpreadForDate($Q$4,$Q$5,$Q$7,$Q$6,A18,$Q$1), IF(COUNTIF(J:J,A18)=0,$B$10,""))} -> 41.223247 | C18: =IF(ISERROR(B18-2),"",-1*(B18-$B$14)*10^-4*$B$8*$B$5) -> -6004.2166 | D18: =IF(ISERROR(B18-2),"",(INT(A18)-INT($A$14))/360*$B$6*$B$5) -> 9166.6667 | E18: =IF(COUNTIF($K$2:K1003,A18)=1,VLOOKUP(A18,K:L,2), IF(COUNTIF($K$2:K1003,A18)=0,$C$10,"")) -> 98.246 | F18: =IF(ISERROR(B18-2),"",(E18-$E$14)/100*$C$5) -> -139005.38 | G18: =IF(ISERROR(B18-2),"",(INT(A18)-INT($A$14))/360*$C$6*$C$5-(INT(A18)-INT($A$14))/360*$C$7*$C$5*$E$14/100) -> 5360.5434 | H18: =IF(ISERROR(B18-2),"",$B$9*(-1*(C18+D18))+F18+G18) -> -137313.28 | J18: 46171.625 | K18: 46164.625 | L18: 98.168 | M18: =IF(COUNTIF(K:K,J18),J18,"") -> 46171.625 | N18: =IF(M18>$A$14,M18,"")
A19: =IF(AND(ISBLANK(O6), A18 = $O$1),NOW(),IF(ISBLANK(O6),"",O6)) -> 46183.625 | B19: {=IF(COUNTIF(J:J,A19)=1,_xll.avmCdsSpreadForDate($Q$4,$Q$5,$Q$7,$Q$6,A19,$Q$1), IF(COUNTIF(J:J,A19)=0,$B$10,""))} -> 41.716759 | C19: =IF(ISERROR(B19-2),"",-1*(B19-$B$14)*10^-4*$B$8*$B$5) -> -19277.231 | D19: =IF(ISERROR(B19-2),"",(INT(A19)-INT($A$14))/360*$B$6*$B$5) -> 10694.444 | E19: =IF(COUNTIF($K$2:K1004,A19)=1,VLOOKUP(A19,K:L,2), IF(COUNTIF($K$2:K1004,A19)=0,$C$10,"")) -> 98.271 | F19: =IF(ISERROR(B19-2),"",(E19-$E$14)/100*$C$5) -> -131505.38 | G19: =IF(ISERROR(B19-2),"",(INT(A19)-INT($A$14))/360*$C$6*$C$5-(INT(A19)-INT($A$14))/360*$C$7*$C$5*$E$14/100) -> 6253.9673 | H19: =IF(ISERROR(B19-2),"",$B$9*(-1*(C19+D19))+F19+G19) -> -115295.38 | J19: 46170.625 | K19: 46168.625 | L19: 98.474 | M19: =IF(COUNTIF(K:K,J19),J19,"") -> 46170.625 | N19: =IF(M19>$A$14,M19,"")
A20: =IF(AND(ISBLANK(O7), A19 = $O$1),NOW(),IF(ISBLANK(O7),"",O7)) -> 46184.625 | B20: {=IF(COUNTIF(J:J,A20)=1,_xll.avmCdsSpreadForDate($Q$4,$Q$5,$Q$7,$Q$6,A20,$Q$1), IF(COUNTIF(J:J,A20)=0,$B$10,""))} -> 41.539342 | C20: =IF(ISERROR(B20-2),"",-1*(B20-$B$14)*10^-4*$B$8*$B$5) -> -14505.616 | D20: =IF(ISERROR(B20-2),"",(INT(A20)-INT($A$14))/360*$B$6*$B$5) -> 12222.222 | E20: =IF(COUNTIF($K$2:K1005,A20)=1,VLOOKUP(A20,K:L,2), IF(COUNTIF($K$2:K1005,A20)=0,$C$10,"")) -> 98.27 | F20: =IF(ISERROR(B20-2),"",(E20-$E$14)/100*$C$5) -> -131805.38 | G20: =IF(ISERROR(B20-2),"",(INT(A20)-INT($A$14))/360*$C$6*$C$5-(INT(A20)-INT($A$14))/360*$C$7*$C$5*$E$14/100) -> 7147.3912 | H20: =IF(ISERROR(B20-2),"",$B$9*(-1*(C20+D20))+F20+G20) -> -122009.26 | J20: 46169.625 | K20: 46169.625 | L20: 98.566 | M20: =IF(COUNTIF(K:K,J20),J20,"") -> 46169.625 | N20: =IF(M20>$A$14,M20,"")
A21: =IF(AND(ISBLANK(O8), A20 = $O$1),NOW(),IF(ISBLANK(O8),"",O8)) -> 46185.625 | B21: {=IF(COUNTIF(J:J,A21)=1,_xll.avmCdsSpreadForDate($Q$4,$Q$5,$Q$7,$Q$6,A21,$Q$1), IF(COUNTIF(J:J,A21)=0,$B$10,""))} -> 40.081699 | C21: =IF(ISERROR(B21-2),"",-1*(B21-$B$14)*10^-4*$B$8*$B$5) -> 24697.715 | D21: =IF(ISERROR(B21-2),"",(INT(A21)-INT($A$14))/360*$B$6*$B$5) -> 13750 | E21: =IF(COUNTIF($K$2:K1006,A21)=1,VLOOKUP(A21,K:L,2), IF(COUNTIF($K$2:K1006,A21)=0,$C$10,"")) -> 98.549 | F21: =IF(ISERROR(B21-2),"",(E21-$E$14)/100*$C$5) -> -48105.384 | G21: =IF(ISERROR(B21-2),"",(INT(A21)-INT($A$14))/360*$C$6*$C$5-(INT(A21)-INT($A$14))/360*$C$7*$C$5*$E$14/100) -> 8040.8151 | H21: =IF(ISERROR(B21-2),"",$B$9*(-1*(C21+D21))+F21+G21) -> -84663.918 | J21: 46168.625 | K21: 46170.625 | L21: 98.624 | M21: =IF(COUNTIF(K:K,J21),J21,"") -> 46168.625 | N21: =IF(M21>$A$14,M21,"")
A22: =IF(AND(ISBLANK(O9), A21 = $O$1),NOW(),IF(ISBLANK(O9),"",O9)) -> 46188.625 | B22: {=IF(COUNTIF(J:J,A22)=1,_xll.avmCdsSpreadForDate($Q$4,$Q$5,$Q$7,$Q$6,A22,$Q$1), IF(COUNTIF(J:J,A22)=0,$B$10,""))} -> 39.001266 | C22: =IF(ISERROR(B22-2),"",-1*(B22-$B$14)*10^-4*$B$8*$B$5) -> 53755.958 | D22: =IF(ISERROR(B22-2),"",(INT(A22)-INT($A$14))/360*$B$6*$B$5) -> 18333.333 | E22: =IF(COUNTIF($K$2:K1007,A22)=1,VLOOKUP(A22,K:L,2), IF(COUNTIF($K$2:K1007,A22)=0,$C$10,"")) -> 98.73 | F22: =IF(ISERROR(B22-2),"",(E22-$E$14)/100*$C$5) -> 6194.6164 | G22: =IF(ISERROR(B22-2),"",(INT(A22)-INT($A$14))/360*$C$6*$C$5-(INT(A22)-INT($A$14))/360*$C$7*$C$5*$E$14/100) -> 10721.087 | H22: =IF(ISERROR(B22-2),"",$B$9*(-1*(C22+D22))+F22+G22) -> -66707.874 | J22: 46167.625 | K22: 46171.625 | L22: 98.774 | M22: =IF(COUNTIF(K:K,J22),J22,"") | N22: =IF(M22>$A$14,M22,"")
A23: =IF(AND(ISBLANK(O10), A22 = $O$1),NOW(),IF(ISBLANK(O10),"",O10)) -> 46189.625 | B23: {=IF(COUNTIF(J:J,A23)=1,_xll.avmCdsSpreadForDate($Q$4,$Q$5,$Q$7,$Q$6,A23,$Q$1), IF(COUNTIF(J:J,A23)=0,$B$10,""))} -> 38.85689 | C23: =IF(ISERROR(B23-2),"",-1*(B23-$B$14)*10^-4*$B$8*$B$5) -> 57638.932 | D23: =IF(ISERROR(B23-2),"",(INT(A23)-INT($A$14))/360*$B$6*$B$5) -> 19861.111 | E23: =IF(COUNTIF($K$2:K1008,A23)=1,VLOOKUP(A23,K:L,2), IF(COUNTIF($K$2:K1008,A23)=0,$C$10,"")) -> 98.81 | F23: =IF(ISERROR(B23-2),"",(E23-$E$14)/100*$C$5) -> 30194.616 | G23: =IF(ISERROR(B23-2),"",(INT(A23)-INT($A$14))/360*$C$6*$C$5-(INT(A23)-INT($A$14))/360*$C$7*$C$5*$E$14/100) -> 11614.511 | H23: =IF(ISERROR(B23-2),"",$B$9*(-1*(C23+D23))+F23+G23) -> -48090.923 | J23: 46164.625 | K23: 46174.625 | L23: 98.437 | M23: =IF(COUNTIF(K:K,J23),J23,"") -> 46164.625 | N23: =IF(M23>$A$14,M23,"")
A24: =IF(AND(ISBLANK(O11), A23 = $O$1),NOW(),IF(ISBLANK(O11),"",O11)) -> 46190.625 | B24: {=IF(COUNTIF(J:J,A24)=1,_xll.avmCdsSpreadForDate($Q$4,$Q$5,$Q$7,$Q$6,A24,$Q$1), IF(COUNTIF(J:J,A24)=0,$B$10,""))} -> 39.319247 | C24: =IF(ISERROR(B24-2),"",-1*(B24-$B$14)*10^-4*$B$8*$B$5) -> 45203.863 | D24: =IF(ISERROR(B24-2),"",(INT(A24)-INT($A$14))/360*$B$6*$B$5) -> 21388.889 | E24: =IF(COUNTIF($K$2:K1009,A24)=1,VLOOKUP(A24,K:L,2), IF(COUNTIF($K$2:K1009,A24)=0,$C$10,"")) -> 98.697 | F24: =IF(ISERROR(B24-2),"",(E24-$E$14)/100*$C$5) -> -3705.3836 | G24: =IF(ISERROR(B24-2),"",(INT(A24)-INT($A$14))/360*$C$6*$C$5-(INT(A24)-INT($A$14))/360*$C$7*$C$5*$E$14/100) -> 12507.935 | H24: =IF(ISERROR(B24-2),"",$B$9*(-1*(C24+D24))+F24+G24) -> -68445.042 | J24: 46163.625 | K24: 46175.625 | L24: 98.634 | M24: =IF(COUNTIF(K:K,J24),J24,"") -> 46163.625 | N24: =IF(M24>$A$14,M24,"")
A25: =IF(AND(ISBLANK(O12), A24 = $O$1),NOW(),IF(ISBLANK(O12),"",O12)) -> 46191.625 | B25: {=IF(COUNTIF(J:J,A25)=1,_xll.avmCdsSpreadForDate($Q$4,$Q$5,$Q$7,$Q$6,A25,$Q$1), IF(COUNTIF(J:J,A25)=0,$B$10,""))} -> 39.222282 | C25: =IF(ISERROR(B25-2),"",-1*(B25-$B$14)*10^-4*$B$8*$B$5) -> 47811.72 | D25: =IF(ISERROR(B25-2),"",(INT(A25)-INT($A$14))/360*$B$6*$B$5) -> 22916.667 | E25: =IF(COUNTIF($K$2:K1010,A25)=1,VLOOKUP(A25,K:L,2), IF(COUNTIF($K$2:K1010,A25)=0,$C$10,"")) -> 98.59 | F25: =IF(ISERROR(B25-2),"",(E25-$E$14)/100*$C$5) -> -35805.384 | G25: =IF(ISERROR(B25-2),"",(INT(A25)-INT($A$14))/360*$C$6*$C$5-(INT(A25)-INT($A$14))/360*$C$7*$C$5*$E$14/100) -> 13401.358 | H25: =IF(ISERROR(B25-2),"",$B$9*(-1*(C25+D25))+F25+G25) -> -104448.95 | J25: 46162.625 | K25: 46176.625 | L25: 98.404 | M25: =IF(COUNTIF(K:K,J25),J25,"") -> 46162.625 | N25: =IF(M25>$A$14,M25,"")
A26: =IF(AND(ISBLANK(O13), A25 = $O$1),NOW(),IF(ISBLANK(O13),"",O13)) -> 46191.471 | B26: {=IF(COUNTIF(J:J,A26)=1,_xll.avmCdsSpreadForDate($Q$4,$Q$5,$Q$7,$Q$6,A26,$Q$1), IF(COUNTIF(J:J,A26)=0,$B$10,""))} -> 37.99845 | C26: =IF(ISERROR(B26-2),"",-1*(B26-$B$14)*10^-4*$B$8*$B$5) -> 80726.687 | D26: =IF(ISERROR(B26-2),"",(INT(A26)-INT($A$14))/360*$B$6*$B$5) -> 22916.667 | E26: =IF(COUNTIF($K$2:K1011,A26)=1,VLOOKUP(A26,K:L,2), IF(COUNTIF($K$2:K1011,A26)=0,$C$10,"")) -> 98.59 | F26: =IF(ISERROR(B26-2),"",(E26-$E$14)/100*$C$5) -> -35805.384 | G26: =IF(ISERROR(B26-2),"",(INT(A26)-INT($A$14))/360*$C$6*$C$5-(INT(A26)-INT($A$14))/360*$C$7*$C$5*$E$14/100) -> 13401.358 | H26: =IF(ISERROR(B26-2),"",$B$9*(-1*(C26+D26))+F26+G26) -> -142630.32 | J26: 46161.625 | K26: 46177.625 | L26: 98.572 | M26: =IF(COUNTIF(K:K,J26),J26,"") -> 46161.625 | N26: =IF(M26>$A$14,M26,"")
... A36: =IF(AND(ISBLANK(O23), A35 = $O$1),NOW(),IF(ISBLANK(O23),"",O23)) | B36: {=IF(COUNTIF(J:J,A36)=1,_xll.avmCdsSpreadForDate($Q$4,$Q$5,$Q$7,$Q$6,A36,$Q$1), IF(COUNTIF(J:J,A36)=0,$B$10,""))} | C36: =IF(ISERROR(B36-2),"",-1*(B36-$B$14)*10^-4*$B$8*$B$5) | D36: =IF(ISERROR(B36-2),"",(INT(A36)-INT($A$14))/360*$B$6*$B$5) | E36: =IF(COUNTIF($K$2:K1021,A36)=1,VLOOKUP(A36,K:L,2), IF(COUNTIF($K$2:K1021,A36)=0,$C$10,"")) | F36: =IF(ISERROR(B36-2),"",(E36-$E$14)/100*$C$5) | G36: =IF(ISERROR(B36-2),"",(INT(A36)-INT($A$14))/360*$C$6*$C$5-(INT(A36)-INT($A$14))/360*$C$7*$C$5*$E$14/100) | H36: =IF(ISERROR(B36-2),"",$B$9*(-1*(C36+D36))+F36+G36) | J36: 46147.625 | K36: 46191.625 | L36: 98.59 | M36: =IF(COUNTIF(K:K,J36),J36,"") -> 46147.625 | N36: =IF(M36>$A$14,M36,"")
A37: =IF(AND(ISBLANK(O24), A36 = $O$1),NOW(),IF(ISBLANK(O24),"",O24)) | B37: {=IF(COUNTIF(J:J,A37)=1,_xll.avmCdsSpreadForDate($Q$4,$Q$5,$Q$7,$Q$6,A37,$Q$1), IF(COUNTIF(J:J,A37)=0,$B$10,""))} | C37: =IF(ISERROR(B37-2),"",-1*(B37-$B$14)*10^-4*$B$8*$B$5) | D37: =IF(ISERROR(B37-2),"",(INT(A37)-INT($A$14))/360*$B$6*$B$5) | E37: =IF(COUNTIF($K$2:K1022,A37)=1,VLOOKUP(A37,K:L,2), IF(COUNTIF($K$2:K1022,A37)=0,$C$10,"")) | F37: =IF(ISERROR(B37-2),"",(E37-$E$14)/100*$C$5) | G37: =IF(ISERROR(B37-2),"",(INT(A37)-INT($A$14))/360*$C$6*$C$5-(INT(A37)-INT($A$14))/360*$C$7*$C$5*$E$14/100) | H37: =IF(ISERROR(B37-2),"",$B$9*(-1*(C37+D37))+F37+G37) | J37: 46146.625 | M37: =IF(COUNTIF(K:K,J37),J37,"") -> 46146.625 | N37: =IF(M37>$A$14,M37,"")
A38: =IF(AND(ISBLANK(O25), A37 = $O$1),NOW(),IF(ISBLANK(O25),"",O25)) | B38: {=IF(COUNTIF(J:J,A38)=1,_xll.avmCdsSpreadForDate($Q$4,$Q$5,$Q$7,$Q$6,A38,$Q$1), IF(COUNTIF(J:J,A38)=0,$B$10,""))} | C38: =IF(ISERROR(B38-2),"",-1*(B38-$B$14)*10^-4*$B$8*$B$5) | D38: =IF(ISERROR(B38-2),"",(INT(A38)-INT($A$14))/360*$B$6*$B$5) | E38: =IF(COUNTIF($K$2:K1023,A38)=1,VLOOKUP(A38,K:L,2), IF(COUNTIF($K$2:K1023,A38)=0,$C$10,"")) | F38: =IF(ISERROR(B38-2),"",(E38-$E$14)/100*$C$5) | G38: =IF(ISERROR(B38-2),"",(INT(A38)-INT($A$14))/360*$C$6*$C$5-(INT(A38)-INT($A$14))/360*$C$7*$C$5*$E$14/100) | H38: =IF(ISERROR(B38-2),"",$B$9*(-1*(C38+D38))+F38+G38) | M38: =IF(COUNTIF(K:K,J38),J38,"") | N38: =IF(M38>$A$14,M38,"")
A39: =IF(AND(ISBLANK(O26), A38 = $O$1),NOW(),IF(ISBLANK(O26),"",O26)) | B39: {=IF(COUNTIF(J:J,A39)=1,_xll.avmCdsSpreadForDate($Q$4,$Q$5,$Q$7,$Q$6,A39,$Q$1), IF(COUNTIF(J:J,A39)=0,$B$10,""))} | C39: =IF(ISERROR(B39-2),"",-1*(B39-$B$14)*10^-4*$B$8*$B$5) | D39: =IF(ISERROR(B39-2),"",(INT(A39)-INT($A$14))/360*$B$6*$B$5) | E39: =IF(COUNTIF($K$2:K1024,A39)=1,VLOOKUP(A39,K:L,2), IF(COUNTIF($K$2:K1024,A39)=0,$C$10,"")) | F39: =IF(ISERROR(B39-2),"",(E39-$E$14)/100*$C$5) | G39: =IF(ISERROR(B39-2),"",(INT(A39)-INT($A$14))/360*$C$6*$C$5-(INT(A39)-INT($A$14))/360*$C$7*$C$5*$E$14/100) | H39: =IF(ISERROR(B39-2),"",$B$9*(-1*(C39+D39))+F39+G39) | M39: =IF(COUNTIF(K:K,J39),J39,"") | N39: =IF(M39>$A$14,M39,"")
A40: =IF(AND(ISBLANK(O27), A39 = $O$1),NOW(),IF(ISBLANK(O27),"",O27)) | B40: {=IF(COUNTIF(J:J,A40)=1,_xll.avmCdsSpreadForDate($Q$4,$Q$5,$Q$7,$Q$6,A40,$Q$1), IF(COUNTIF(J:J,A40)=0,$B$10,""))} | C40: =IF(ISERROR(B40-2),"",-1*(B40-$B$14)*10^-4*$B$8*$B$5) | D40: =IF(ISERROR(B40-2),"",(INT(A40)-INT($A$14))/360*$B$6*$B$5) | E40: =IF(COUNTIF($K$2:K1025,A40)=1,VLOOKUP(A40,K:L,2), IF(COUNTIF($K$2:K1025,A40)=0,$C$10,"")) | F40: =IF(ISERROR(B40-2),"",(E40-$E$14)/100*$C$5) | G40: =IF(ISERROR(B40-2),"",(INT(A40)-INT($A$14))/360*$C$6*$C$5-(INT(A40)-INT($A$14))/360*$C$7*$C$5*$E$14/100) | H40: =IF(ISERROR(B40-2),"",$B$9*(-1*(C40+D40))+F40+G40) | M40: =IF(COUNTIF(K:K,J40),J40,"") | N40: =IF(M40>$A$14,M40,"")
A41: =IF(AND(ISBLANK(O28), A40 = $O$1),NOW(),IF(ISBLANK(O28),"",O28)) | B41: {=IF(COUNTIF(J:J,A41)=1,_xll.avmCdsSpreadForDate($Q$4,$Q$5,$Q$7,$Q$6,A41,$Q$1), IF(COUNTIF(J:J,A41)=0,$B$10,""))} | C41: =IF(ISERROR(B41-2),"",-1*(B41-$B$14)*10^-4*$B$8*$B$5) | D41: =IF(ISERROR(B41-2),"",(INT(A41)-INT($A$14))/360*$B$6*$B$5) | E41: =IF(COUNTIF($K$2:K1026,A41)=1,VLOOKUP(A41,K:L,2), IF(COUNTIF($K$2:K1026,A41)=0,$C$10,"")) | F41: =IF(ISERROR(B41-2),"",(E41-$E$14)/100*$C$5) | G41: =IF(ISERROR(B41-2),"",(INT(A41)-INT($A$14))/360*$C$6*$C$5-(INT(A41)-INT($A$14))/360*$C$7*$C$5*$E$14/100) | H41: =IF(ISERROR(B41-2),"",$B$9*(-1*(C41+D41))+F41+G41) | M41: =IF(COUNTIF(K:K,J41),J41,"") | N41: =IF(M41>$A$14,M41,"")
A42: =IF(AND(ISBLANK(O29), A41 = $O$1),NOW(),IF(ISBLANK(O29),"",O29)) | B42: {=IF(COUNTIF(J:J,A42)=1,_xll.avmCdsSpreadForDate($Q$4,$Q$5,$Q$7,$Q$6,A42,$Q$1), IF(COUNTIF(J:J,A42)=0,$B$10,""))} | C42: =IF(ISERROR(B42-2),"",-1*(B42-$B$14)*10^-4*$B$8*$B$5) | D42: =IF(ISERROR(B42-2),"",(INT(A42)-INT($A$14))/360*$B$6*$B$5) | E42: =IF(COUNTIF($K$2:K1027,A42)=1,VLOOKUP(A42,K:L,2), IF(COUNTIF($K$2:K1027,A42)=0,$C$10,"")) | F42: =IF(ISERROR(B42-2),"",(E42-$E$14)/100*$C$5) | G42: =IF(ISERROR(B42-2),"",(INT(A42)-INT($A$14))/360*$C$6*$C$5-(INT(A42)-INT($A$14))/360*$C$7*$C$5*$E$14/100) | H42: =IF(ISERROR(B42-2),"",$B$9*(-1*(C42+D42))+F42+G42) | M42: =IF(COUNTIF(K:K,J42),J42,"") | N42: =IF(M42>$A$14,M42,"")
A43: =IF(AND(ISBLANK(O30), A42 = $O$1),NOW(),IF(ISBLANK(O30),"",O30)) | B43: {=IF(COUNTIF(J:J,A43)=1,_xll.avmCdsSpreadForDate($Q$4,$Q$5,$Q$7,$Q$6,A43,$Q$1), IF(COUNTIF(J:J,A43)=0,$B$10,""))} | C43: =IF(ISERROR(B43-2),"",-1*(B43-$B$14)*10^-4*$B$8*$B$5) | D43: =IF(ISERROR(B43-2),"",(INT(A43)-INT($A$14))/360*$B$6*$B$5) | E43: =IF(COUNTIF($K$2:K1028,A43)=1,VLOOKUP(A43,K:L,2), IF(COUNTIF($K$2:K1028,A43)=0,$C$10,"")) | F43: =IF(ISERROR(B43-2),"",(E43-$E$14)/100*$C$5) | G43: =IF(ISERROR(B43-2),"",(INT(A43)-INT($A$14))/360*$C$6*$C$5-(INT(A43)-INT($A$14))/360*$C$7*$C$5*$E$14/100) | H43: =IF(ISERROR(B43-2),"",$B$9*(-1*(C43+D43))+F43+G43) | M43: =IF(COUNTIF(K:K,J43),J43,"") | N43: =IF(M43>$A$14,M43,"")
A44: =IF(AND(ISBLANK(O31), A43 = $O$1),NOW(),IF(ISBLANK(O31),"",O31)) | B44: {=IF(COUNTIF(J:J,A44)=1,_xll.avmCdsSpreadForDate($Q$4,$Q$5,$Q$7,$Q$6,A44,$Q$1), IF(COUNTIF(J:J,A44)=0,$B$10,""))} | C44: =IF(ISERROR(B44-2),"",-1*(B44-$B$14)*10^-4*$B$8*$B$5) | D44: =IF(ISERROR(B44-2),"",(INT(A44)-INT($A$14))/360*$B$6*$B$5) | E44: =IF(COUNTIF($K$2:K1029,A44)=1,VLOOKUP(A44,K:L,2), IF(COUNTIF($K$2:K1029,A44)=0,$C$10,"")) | F44: =IF(ISERROR(B44-2),"",(E44-$E$14)/100*$C$5) | G44: =IF(ISERROR(B44-2),"",(INT(A44)-INT($A$14))/360*$C$6*$C$5-(INT(A44)-INT($A$14))/360*$C$7*$C$5*$E$14/100) | H44: =IF(ISERROR(B44-2),"",$B$9*(-1*(C44+D44))+F44+G44) | M44: =IF(COUNTIF(K:K,J44),J44,"") | N44: =IF(M44>$A$14,M44,"")
A45: =IF(AND(ISBLANK(O32), A44 = $O$1),NOW(),IF(ISBLANK(O32),"",O32)) | B45: {=IF(COUNTIF(J:J,A45)=1,_xll.avmCdsSpreadForDate($Q$4,$Q$5,$Q$7,$Q$6,A45,$Q$1), IF(COUNTIF(J:J,A45)=0,$B$10,""))} | C45: =IF(ISERROR(B45-2),"",-1*(B45-$B$14)*10^-4*$B$8*$B$5) | D45: =IF(ISERROR(B45-2),"",(INT(A45)-INT($A$14))/360*$B$6*$B$5) | E45: =IF(COUNTIF($K$2:K1030,A45)=1,VLOOKUP(A45,K:L,2), IF(COUNTIF($K$2:K1030,A45)=0,$C$10,"")) | F45: =IF(ISERROR(B45-2),"",(E45-$E$14)/100*$C$5) | G45: =IF(ISERROR(B45-2),"",(INT(A45)-INT($A$14))/360*$C$6*$C$5-(INT(A45)-INT($A$14))/360*$C$7*$C$5*$E$14/100) | H45: =IF(ISERROR(B45-2),"",$B$9*(-1*(C45+D45))+F45+G45) | M45: =IF(COUNTIF(K:K,J45),J45,"") | N45: =IF(M45>$A$14,M45,"")
A46: =IF(AND(ISBLANK(O33), A45 = $O$1),NOW(),IF(ISBLANK(O33),"",O33)) | B46: {=IF(COUNTIF(J:J,A46)=1,_xll.avmCdsSpreadForDate($Q$4,$Q$5,$Q$7,$Q$6,A46,$Q$1), IF(COUNTIF(J:J,A46)=0,$B$10,""))} | C46: =IF(ISERROR(B46-2),"",-1*(B46-$B$14)*10^-4*$B$8*$B$5) | D46: =IF(ISERROR(B46-2),"",(INT(A46)-INT($A$14))/360*$B$6*$B$5) | E46: =IF(COUNTIF($K$2:K1031,A46)=1,VLOOKUP(A46,K:L,2), IF(COUNTIF($K$2:K1031,A46)=0,$C$10,"")) | F46: =IF(ISERROR(B46-2),"",(E46-$E$14)/100*$C$5) | G46: =IF(ISERROR(B46-2),"",(INT(A46)-INT($A$14))/360*$C$6*$C$5-(INT(A46)-INT($A$14))/360*$C$7*$C$5*$E$14/100) | H46: =IF(ISERROR(B46-2),"",$B$9*(-1*(C46+D46))+F46+G46) | M46: =IF(COUNTIF(K:K,J46),J46,"") | N46: =IF(M46>$A$14,M46,"")
A47: =IF(AND(ISBLANK(O34), A46 = $O$1),NOW(),IF(ISBLANK(O34),"",O34)) | B47: {=IF(COUNTIF(J:J,A47)=1,_xll.avmCdsSpreadForDate($Q$4,$Q$5,$Q$7,$Q$6,A47,$Q$1), IF(COUNTIF(J:J,A47)=0,$B$10,""))} | C47: =IF(ISERROR(B47-2),"",-1*(B47-$B$14)*10^-4*$B$8*$B$5) | D47: =IF(ISERROR(B47-2),"",(INT(A47)-INT($A$14))/360*$B$6*$B$5) | E47: =IF(COUNTIF($K$2:K1032,A47)=1,VLOOKUP(A47,K:L,2), IF(COUNTIF($K$2:K1032,A47)=0,$C$10,"")) | F47: =IF(ISERROR(B47-2),"",(E47-$E$14)/100*$C$5) | G47: =IF(ISERROR(B47-2),"",(INT(A47)-INT($A$14))/360*$C$6*$C$5-(INT(A47)-INT($A$14))/360*$C$7*$C$5*$E$14/100) | H47: =IF(ISERROR(B47-2),"",$B$9*(-1*(C47+D47))+F47+G47) | M47: =IF(COUNTIF(K:K,J47),J47,"") | N47: =IF(M47>$A$14,M47,"")
A48: =IF(AND(ISBLANK(O35), A47 = $O$1),NOW(),IF(ISBLANK(O35),"",O35)) | B48: {=IF(COUNTIF(J:J,A48)=1,_xll.avmCdsSpreadForDate($Q$4,$Q$5,$Q$7,$Q$6,A48,$Q$1), IF(COUNTIF(J:J,A48)=0,$B$10,""))} | C48: =IF(ISERROR(B48-2),"",-1*(B48-$B$14)*10^-4*$B$8*$B$5) | D48: =IF(ISERROR(B48-2),"",(INT(A48)-INT($A$14))/360*$B$6*$B$5) | E48: =IF(COUNTIF($K$2:K1033,A48)=1,VLOOKUP(A48,K:L,2), IF(COUNTIF($K$2:K1033,A48)=0,$C$10,"")) | F48: =IF(ISERROR(B48-2),"",(E48-$E$14)/100*$C$5) | G48: =IF(ISERROR(B48-2),"",(INT(A48)-INT($A$14))/360*$C$6*$C$5-(INT(A48)-INT($A$14))/360*$C$7*$C$5*$E$14/100) | H48: =IF(ISERROR(B48-2),"",$B$9*(-1*(C48+D48))+F48+G48) | M48: =IF(COUNTIF(K:K,J48),J48,"") | N48: =IF(M48>$A$14,M48,"")
A49: =IF(AND(ISBLANK(O36), A48 = $O$1),NOW(),IF(ISBLANK(O36),"",O36)) | B49: {=IF(COUNTIF(J:J,A49)=1,_xll.avmCdsSpreadForDate($Q$4,$Q$5,$Q$7,$Q$6,A49,$Q$1), IF(COUNTIF(J:J,A49)=0,$B$10,""))} | C49: =IF(ISERROR(B49-2),"",-1*(B49-$B$14)*10^-4*$B$8*$B$5) | D49: =IF(ISERROR(B49-2),"",(INT(A49)-INT($A$14))/360*$B$6*$B$5) | E49: =IF(COUNTIF($K$2:K1034,A49)=1,VLOOKUP(A49,K:L,2), IF(COUNTIF($K$2:K1034,A49)=0,$C$10,"")) | F49: =IF(ISERROR(B49-2),"",(E49-$E$14)/100*$C$5) | G49: =IF(ISERROR(B49-2),"",(INT(A49)-INT($A$14))/360*$C$6*$C$5-(INT(A49)-INT($A$14))/360*$C$7*$C$5*$E$14/100) | H49: =IF(ISERROR(B49-2),"",$B$9*(-1*(C49+D49))+F49+G49) | M49: =IF(COUNTIF(K:K,J49),J49,"") | N49: =IF(M49>$A$14,M49,"")
... A136: =IF(AND(ISBLANK(O123), A135 = $O$1),NOW(),IF(ISBLANK(O123),"",O123)) | B136: {=IF(COUNTIF(J:J,A136)=1,_xll.avmCdsSpreadForDate($Q$4,$Q$5,$Q$7,$Q$6,A136,$Q$1), IF(COUNTIF(J:J,A136)=0,$B$10,""))} | C136: =IF(ISERROR(B136-2),"",-1*(B136-$B$14)*10^-4*$B$8*$B$5) | D136: =IF(ISERROR(B136-2),"",(INT(A136)-INT($A$14))/360*$B$6*$B$5) | E136: =IF(COUNTIF($K$2:K1121,A136)=1,VLOOKUP(A136,K:L,2), IF(COUNTIF($K$2:K1121,A136)=0,$C$10,"")) | F136: =IF(ISERROR(B136-2),"",(E136-$E$14)/100*$C$5) | G136: =IF(ISERROR(B136-2),"",(INT(A136)-INT($A$14))/360*$C$6*$C$5-(INT(A136)-INT($A$14))/360*$C$7*$C$5*$E$14/100) | H136: =IF(ISERROR(B136-2),"",$B$9*(-1*(C136+D136))+F136+G136) | M136: =IF(COUNTIF(K:K,J136),J136,"") | N136: =IF(M136>$A$14,M136,"")
M137: =IF(COUNTIF(K:K,J137),J137,"") | N137: =IF(M137>$A$14,M137,"")
M138: =IF(COUNTIF(K:K,J138),J138,"") | N138: =IF(M138>$A$14,M138,"")
M139: =IF(COUNTIF(K:K,J139),J139,"") | N139: =IF(M139>$A$14,M139,"")
M140: =IF(COUNTIF(K:K,J140),J140,"") | N140: =IF(M140>$A$14,M140,"")
M141: =IF(COUNTIF(K:K,J141),J141,"") | N141: =IF(M141>$A$14,M141,"")
M142: =IF(COUNTIF(K:K,J142),J142,"") | N142: =IF(M142>$A$14,M142,"")
M143: =IF(COUNTIF(K:K,J143),J143,"") | N143: =IF(M143>$A$14,M143,"")
M144: =IF(COUNTIF(K:K,J144),J144,"") | N144: =IF(M144>$A$14,M144,"")
M145: =IF(COUNTIF(K:K,J145),J145,"") | N145: =IF(M145>$A$14,M145,"")
M146: =IF(COUNTIF(K:K,J146),J146,"") | N146: =IF(M146>$A$14,M146,"")
M147: =IF(COUNTIF(K:K,J147),J147,"") | N147: =IF(M147>$A$14,M147,"")
M148: =IF(COUNTIF(K:K,J148),J148,"") | N148: =IF(M148>$A$14,M148,"")
... M891: =IF(COUNTIF(K:K,J891),J891,"") | N891: =IF(M891>$A$14,M891,"")

Sheet 50
P1: {=LOOKUP(2,1/(P:P<>""),P:P)} -> 46191
B2: Long Risk | C2: Short Risk | J2: Long Risk | L2: Short Risk | P2: {=_xlfn._xlws.SORT(_xlfn.UNIQUE(_xlfn._xlws.FILTER(O:O, ISNUMBER(O:O))))} -> 46175
A3: Name= | B3: GOOGLE 4.8% 11/62-5/63 | C3: GOOGL 4% 5/44-11/44 | J3: {=_xll.BDH(B4, "LAST_PRICE", "09/01/2025", "01/01/2035")} -> 46149 | K3: 99.745 | L3: {=_xll.BDH(C4, "LAST_PRICE", "05/01/2026", "01/01/2035")} -> 46146 | M3: 95.451 | N3: =IF(COUNTIF(L:L,J3)=1,J3,"") -> 46149 | O3: =IF(N3>$A$14,N3,"") | P3: 46176
A4: BBG Ticker= | B4: XS3363388086@BGN Corp | C4: XS3224609530@BGN Corp | J4: 46150 | K4: 99.615 | L4: 46147 | M4: 94.754 | N4: =IF(COUNTIF(L:L,J4)=1,J4,"") -> 46150 | O4: =IF(N4>$A$14,N4,"") | P4: 46177
A5: Not'l= | B5: =7*10^6 -> 7000000 | C5: =10*10^6 -> 10000000 | J5: 46153 | K5: 98.975 | L5: 46148 | M5: 95.322 | N5: =IF(COUNTIF(L:L,J5)=1,J5,"") -> 46153 | O5: =IF(N5>$A$14,N5,"") | P5: 46178
A6: Carry= | B6: 0.048 | C6: 0.04 | J6: 46154 | K6: 98.103 | L6: 46149 | M6: 95.271 | N6: =IF(COUNTIF(L:L,J6)=1,J6,"") -> 46154 | O6: =IF(N6>$A$14,N6,"") | P6: 46181
A7: Financing Rate= | B7: 0.02245 | C7: 0.02245 | J7: 46155 | K7: 98.128 | L7: 46150 | M7: 95.309 | N7: =IF(COUNTIF(L:L,J7)=1,J7,"") -> 46155 | O7: =IF(N7>$A$14,N7,"") | P7: 46182
A8: Initial Duration= | B8: - | C8: - | J8: 46156 | K8: 99.098 | L8: 46153 | M8: 94.881 | N8: =IF(COUNTIF(L:L,J8)=1,J8,"") -> 46156 | O8: =IF(N8>$A$14,N8,"") | P8: 46183
A9: EUR/USD= | B9: - | C9: - | J9: 46157 | K9: 97.501 | L9: 46154 | M9: 94.266 | N9: =IF(COUNTIF(L:L,J9)=1,J9,"") -> 46157 | O9: =IF(N9>$A$14,N9,"") | P9: 46184
A10: Live BBG PX= | B10: {=_xll.BDP(B4,"px_last")} -> 101.631 | C10: {=_xll.BDP(C4,"px_last")} -> 96.961 | D10: *Entry Px calculated from spread | J10: 46160 | K10: 97.557 | L10: 46155 | M10: 94.429 | N10: =IF(COUNTIF(L:L,J10)=1,J10,"") -> 46160 | O10: =IF(N10>$A$14,N10,"") | P10: 46185
J11: 46161 | K11: 97.158 | L11: 46156 | M11: 95.202 | N11: =IF(COUNTIF(L:L,J11)=1,J11,"") -> 46161 | O11: =IF(N11>$A$14,N11,"") | P11: 46188
A12: Date | B12: Long Risk | E12: Short Risk | H12: Net P/L | J12: 46162 | K12: 98.598 | L12: 46157 | M12: 93.941 | N12: =IF(COUNTIF(L:L,J12)=1,J12,"") -> 46162 | O12: =IF(N12>$A$14,N12,"") | P12: 46189
B13: Price | C13: Price P/L | D13: Carry P/L | E13: Price | F13: Price P/L | G13: Carry P/L | J13: 46163 | K13: 98.417 | L13: 46160 | M13: 94.138 | N13: =IF(COUNTIF(L:L,J13)=1,J13,"") -> 46163 | O13: =IF(N13>$A$14,N13,"") | P13: 46190
A14: 46174.625 | B14: {=_xll.BDP(B4,"YAS_BOND_PX","YAS_ZSPREAD=166.1","SETTLE_DT=20260601")} -> 101.21465 | E14: {=_xll.BDP(C4,"YAS_BOND_PX","YAS_ZSPREAD=111.6","SETTLE_DT=20260601")} -> 96.301623 | H14: 0 | J14: 46164 | K14: 99.349 | L14: 46161 | M14: 93.822 | N14: =IF(COUNTIF(L:L,J14)=1,J14,"") -> 46164 | O14: =IF(N14>$A$14,N14,"") | P14: 46191
A15: =IF(AND(ISBLANK(P2), A14 = $P$1),NOW(),IF(ISBLANK(P2),"",P2)) -> 46175 | B15: =IF(COUNTIF(J:J,A15)=1,VLOOKUP(A15,J:K,2), IF(COUNTIF(J:J,A15)=0,$B$10,"")) -> 101.166 | C15: =IF(ISERROR(B15-2),"",(B15-$B$14)/100*$B$5) -> -3405.5082 | D15: =IF(ISERROR(B15-2),"",(INT(A15)-INT($A$14))/360*$B$6*$B$5-(INT(A15)-INT($A$14))/360*$B$7*$B$5*$B$14/100) -> 491.50327 | E15: =IF(COUNTIF(L:L,A15)=1,VLOOKUP(A15,L:M,2), IF(COUNTIF(L:L,A15)=0,$C$10,"")) -> 96.767 | F15: =IF(ISERROR(E15-2), "", (E15-$E$14)/100*$C$5) -> 46537.742 | G15: =IF(ISERROR(E15-2),"",(INT(A15)-INT($A$14))/360*$C$6*$C$5-(INT(A15)-INT($A$14))/360*$C$7*$C$5*$E$14/100) -> 510.56349 | H15: =IF(ISERROR(E15-2),"",C15+D15-F15-G15) -> -49962.31 | J15: 46167 | K15: 100.407 | L15: 46162 | M15: 94.729 | N15: =IF(COUNTIF(L:L,J15)=1,J15,"") -> 46167 | O15: =IF(N15>$A$14,N15,"")
A16: =IF(AND(ISBLANK(P3), A15 = $P$1),NOW(),IF(ISBLANK(P3),"",P3)) -> 46176 | B16: =IF(COUNTIF(J:J,A16)=1,VLOOKUP(A16,J:K,2), IF(COUNTIF(J:J,A16)=0,$B$10,"")) -> 100.344 | C16: =IF(ISERROR(B16-2),"",(B16-$B$14)/100*$B$5) -> -60945.508 | D16: =IF(ISERROR(B16-2),"",(INT(A16)-INT($A$14))/360*$B$6*$B$5-(INT(A16)-INT($A$14))/360*$B$7*$B$5*$B$14/100) -> 983.00654 | E16: =IF(COUNTIF(L:L,A16)=1,VLOOKUP(A16,L:M,2), IF(COUNTIF(L:L,A16)=0,$C$10,"")) -> 96.119 | F16: =IF(ISERROR(E16-2), "", (E16-$E$14)/100*$C$5) -> -18262.258 | G16: =IF(ISERROR(E16-2),"",(INT(A16)-INT($A$14))/360*$C$6*$C$5-(INT(A16)-INT($A$14))/360*$C$7*$C$5*$E$14/100) -> 1021.127 | H16: =IF(ISERROR(E16-2),"",C16+D16-F16-G16) -> -42721.37 | J16: 46168 | K16: 100.171 | L16: 46163 | M16: 94.747 | N16: =IF(COUNTIF(L:L,J16)=1,J16,"") -> 46168 | O16: =IF(N16>$A$14,N16,"")
A17: =IF(AND(ISBLANK(P4), A16 = $P$1),NOW(),IF(ISBLANK(P4),"",P4)) -> 46177 | B17: =IF(COUNTIF(J:J,A17)=1,VLOOKUP(A17,J:K,2), IF(COUNTIF(J:J,A17)=0,$B$10,"")) -> 100.533 | C17: =IF(ISERROR(B17-2),"",(B17-$B$14)/100*$B$5) -> -47715.508 | D17: =IF(ISERROR(B17-2),"",(INT(A17)-INT($A$14))/360*$B$6*$B$5-(INT(A17)-INT($A$14))/360*$B$7*$B$5*$B$14/100) -> 1474.5098 | E17: =IF(COUNTIF(L:L,A17)=1,VLOOKUP(A17,L:M,2), IF(COUNTIF(L:L,A17)=0,$C$10,"")) -> 96.273 | F17: =IF(ISERROR(E17-2), "", (E17-$E$14)/100*$C$5) -> -2862.2583 | G17: =IF(ISERROR(E17-2),"",(INT(A17)-INT($A$14))/360*$C$6*$C$5-(INT(A17)-INT($A$14))/360*$C$7*$C$5*$E$14/100) -> 1531.6905 | H17: =IF(ISERROR(E17-2),"",C17+D17-F17-G17) -> -44910.431 | J17: 46169 | K17: 99.862 | L17: 46164 | M17: 95.453 | N17: =IF(COUNTIF(L:L,J17)=1,J17,"") -> 46169 | O17: =IF(N17>$A$14,N17,"")
A18: =IF(AND(ISBLANK(P5), A17 = $P$1),NOW(),IF(ISBLANK(P5),"",P5)) -> 46178 | B18: =IF(COUNTIF(J:J,A18)=1,VLOOKUP(A18,J:K,2), IF(COUNTIF(J:J,A18)=0,$B$10,"")) -> 100.375 | C18: =IF(ISERROR(B18-2),"",(B18-$B$14)/100*$B$5) -> -58775.508 | D18: =IF(ISERROR(B18-2),"",(INT(A18)-INT($A$14))/360*$B$6*$B$5-(INT(A18)-INT($A$14))/360*$B$7*$B$5*$B$14/100) -> 1966.0131 | E18: =IF(COUNTIF(L:L,A18)=1,VLOOKUP(A18,L:M,2), IF(COUNTIF(L:L,A18)=0,$C$10,"")) -> 96.125 | F18: =IF(ISERROR(E18-2), "", (E18-$E$14)/100*$C$5) -> -17662.258 | G18: =IF(ISERROR(E18-2),"",(INT(A18)-INT($A$14))/360*$C$6*$C$5-(INT(A18)-INT($A$14))/360*$C$7*$C$5*$E$14/100) -> 2042.254 | H18: =IF(ISERROR(E18-2),"",C18+D18-F18-G18) -> -41189.491 | J18: 46170 | K18: 100.31 | L18: 46167 | M18: 96.428 | N18: =IF(COUNTIF(L:L,J18)=1,J18,"") -> 46170 | O18: =IF(N18>$A$14,N18,"")
A19: =IF(AND(ISBLANK(P6), A18 = $P$1),NOW(),IF(ISBLANK(P6),"",P6)) -> 46181 | B19: =IF(COUNTIF(J:J,A19)=1,VLOOKUP(A19,J:K,2), IF(COUNTIF(J:J,A19)=0,$B$10,"")) -> 99.816 | C19: =IF(ISERROR(B19-2),"",(B19-$B$14)/100*$B$5) -> -97905.508 | D19: =IF(ISERROR(B19-2),"",(INT(A19)-INT($A$14))/360*$B$6*$B$5-(INT(A19)-INT($A$14))/360*$B$7*$B$5*$B$14/100) -> 3440.5229 | E19: =IF(COUNTIF(L:L,A19)=1,VLOOKUP(A19,L:M,2), IF(COUNTIF(L:L,A19)=0,$C$10,"")) -> 95.778 | F19: =IF(ISERROR(E19-2), "", (E19-$E$14)/100*$C$5) -> -52362.258 | G19: =IF(ISERROR(E19-2),"",(INT(A19)-INT($A$14))/360*$C$6*$C$5-(INT(A19)-INT($A$14))/360*$C$7*$C$5*$E$14/100) -> 3573.9444 | H19: =IF(ISERROR(E19-2),"",C19+D19-F19-G19) -> -45676.671 | J19: 46171 | K19: 100.529 | L19: 46168 | M19: 96.173 | N19: =IF(COUNTIF(L:L,J19)=1,J19,"") -> 46171 | O19: =IF(N19>$A$14,N19,"")
A20: =IF(AND(ISBLANK(P7), A19 = $P$1),NOW(),IF(ISBLANK(P7),"",P7)) -> 46182 | B20: =IF(COUNTIF(J:J,A20)=1,VLOOKUP(A20,J:K,2), IF(COUNTIF(J:J,A20)=0,$B$10,"")) -> 99.726 | C20: =IF(ISERROR(B20-2),"",(B20-$B$14)/100*$B$5) -> -104205.51 | D20: =IF(ISERROR(B20-2),"",(INT(A20)-INT($A$14))/360*$B$6*$B$5-(INT(A20)-INT($A$14))/360*$B$7*$B$5*$B$14/100) -> 3932.0262 | E20: =IF(COUNTIF(L:L,A20)=1,VLOOKUP(A20,L:M,2), IF(COUNTIF(L:L,A20)=0,$C$10,"")) -> 95.76 | F20: =IF(ISERROR(E20-2), "", (E20-$E$14)/100*$C$5) -> -54162.258 | G20: =IF(ISERROR(E20-2),"",(INT(A20)-INT($A$14))/360*$C$6*$C$5-(INT(A20)-INT($A$14))/360*$C$7*$C$5*$E$14/100) -> 4084.5079 | H20: =IF(ISERROR(E20-2),"",C20+D20-F20-G20) -> -50195.732 | J20: 46174 | K20: 100.132 | L20: 46169 | M20: 95.941 | N20: =IF(COUNTIF(L:L,J20)=1,J20,"") -> 46174 | O20: =IF(N20>$A$14,N20,"")
A21: =IF(AND(ISBLANK(P8), A20 = $P$1),NOW(),IF(ISBLANK(P8),"",P8)) -> 46183 | B21: =IF(COUNTIF(J:J,A21)=1,VLOOKUP(A21,J:K,2), IF(COUNTIF(J:J,A21)=0,$B$10,"")) -> 99.363 | C21: =IF(ISERROR(B21-2),"",(B21-$B$14)/100*$B$5) -> -129615.51 | D21: =IF(ISERROR(B21-2),"",(INT(A21)-INT($A$14))/360*$B$6*$B$5-(INT(A21)-INT($A$14))/360*$B$7*$B$5*$B$14/100) -> 4423.5294 | E21: =IF(COUNTIF(L:L,A21)=1,VLOOKUP(A21,L:M,2), IF(COUNTIF(L:L,A21)=0,$C$10,"")) -> 95.377 | F21: =IF(ISERROR(E21-2), "", (E21-$E$14)/100*$C$5) -> -92462.258 | G21: =IF(ISERROR(E21-2),"",(INT(A21)-INT($A$14))/360*$C$6*$C$5-(INT(A21)-INT($A$14))/360*$C$7*$C$5*$E$14/100) -> 4595.0714 | H21: =IF(ISERROR(E21-2),"",C21+D21-F21-G21) -> -37324.792 | J21: 46175 | K21: 101.166 | L21: 46170 | M21: 96.155 | N21: =IF(COUNTIF(L:L,J21)=1,J21,"") -> 46175 | O21: =IF(N21>$A$14,N21,"") -> 46175
A22: =IF(AND(ISBLANK(P9), A21 = $P$1),NOW(),IF(ISBLANK(P9),"",P9)) -> 46184 | B22: =IF(COUNTIF(J:J,A22)=1,VLOOKUP(A22,J:K,2), IF(COUNTIF(J:J,A22)=0,$B$10,"")) -> 99.952 | C22: =IF(ISERROR(B22-2),"",(B22-$B$14)/100*$B$5) -> -88385.508 | D22: =IF(ISERROR(B22-2),"",(INT(A22)-INT($A$14))/360*$B$6*$B$5-(INT(A22)-INT($A$14))/360*$B$7*$B$5*$B$14/100) -> 4915.0327 | E22: =IF(COUNTIF(L:L,A22)=1,VLOOKUP(A22,L:M,2), IF(COUNTIF(L:L,A22)=0,$C$10,"")) -> 95.818 | F22: =IF(ISERROR(E22-2), "", (E22-$E$14)/100*$C$5) -> -48362.258 | G22: =IF(ISERROR(E22-2),"",(INT(A22)-INT($A$14))/360*$C$6*$C$5-(INT(A22)-INT($A$14))/360*$C$7*$C$5*$E$14/100) -> 5105.6349 | H22: =IF(ISERROR(E22-2),"",C22+D22-F22-G22) -> -40213.852 | J22: 46176 | K22: 100.344 | L22: 46171 | M22: 96.433 | N22: =IF(COUNTIF(L:L,J22)=1,J22,"") -> 46176 | O22: =IF(N22>$A$14,N22,"") -> 46176
A23: =IF(AND(ISBLANK(P10), A22 = $P$1),NOW(),IF(ISBLANK(P10),"",P10)) -> 46185 | B23: =IF(COUNTIF(J:J,A23)=1,VLOOKUP(A23,J:K,2), IF(COUNTIF(J:J,A23)=0,$B$10,"")) -> 100.254 | C23: =IF(ISERROR(B23-2),"",(B23-$B$14)/100*$B$5) -> -67245.508 | D23: =IF(ISERROR(B23-2),"",(INT(A23)-INT($A$14))/360*$B$6*$B$5-(INT(A23)-INT($A$14))/360*$B$7*$B$5*$B$14/100) -> 5406.536 | E23: =IF(COUNTIF(L:L,A23)=1,VLOOKUP(A23,L:M,2), IF(COUNTIF(L:L,A23)=0,$C$10,"")) -> 96.095 | F23: =IF(ISERROR(E23-2), "", (E23-$E$14)/100*$C$5) -> -20662.258 | G23: =IF(ISERROR(E23-2),"",(INT(A23)-INT($A$14))/360*$C$6*$C$5-(INT(A23)-INT($A$14))/360*$C$7*$C$5*$E$14/100) -> 5616.1984 | H23: =IF(ISERROR(E23-2),"",C23+D23-F23-G23) -> -46792.912 | J23: 46177 | K23: 100.533 | L23: 46174 | M23: 95.993 | N23: =IF(COUNTIF(L:L,J23)=1,J23,"") -> 46177 | O23: =IF(N23>$A$14,N23,"") -> 46177
A24: =IF(AND(ISBLANK(P11), A23 = $P$1),NOW(),IF(ISBLANK(P11),"",P11)) -> 46188 | B24: =IF(COUNTIF(J:J,A24)=1,VLOOKUP(A24,J:K,2), IF(COUNTIF(J:J,A24)=0,$B$10,"")) -> 100.853 | C24: =IF(ISERROR(B24-2),"",(B24-$B$14)/100*$B$5) -> -25315.508 | D24: =IF(ISERROR(B24-2),"",(INT(A24)-INT($A$14))/360*$B$6*$B$5-(INT(A24)-INT($A$14))/360*$B$7*$B$5*$B$14/100) -> 6881.0458 | E24: =IF(COUNTIF(L:L,A24)=1,VLOOKUP(A24,L:M,2), IF(COUNTIF(L:L,A24)=0,$C$10,"")) -> 96.524 | F24: =IF(ISERROR(E24-2), "", (E24-$E$14)/100*$C$5) -> 22237.742 | G24: =IF(ISERROR(E24-2),"",(INT(A24)-INT($A$14))/360*$C$6*$C$5-(INT(A24)-INT($A$14))/360*$C$7*$C$5*$E$14/100) -> 7147.8889 | H24: =IF(ISERROR(E24-2),"",C24+D24-F24-G24) -> -47820.093 | J24: 46178 | K24: 100.375 | L24: 46175 | M24: 96.767 | N24: =IF(COUNTIF(L:L,J24)=1,J24,"") -> 46178 | O24: =IF(N24>$A$14,N24,"") -> 46178
A25: =IF(AND(ISBLANK(P12), A24 = $P$1),NOW(),IF(ISBLANK(P12),"",P12)) -> 46189 | B25: =IF(COUNTIF(J:J,A25)=1,VLOOKUP(A25,J:K,2), IF(COUNTIF(J:J,A25)=0,$B$10,"")) -> 101.381 | C25: =IF(ISERROR(B25-2),"",(B25-$B$14)/100*$B$5) -> 11644.492 | D25: =IF(ISERROR(B25-2),"",(INT(A25)-INT($A$14))/360*$B$6*$B$5-(INT(A25)-INT($A$14))/360*$B$7*$B$5*$B$14/100) -> 7372.5491 | E25: =IF(COUNTIF(L:L,A25)=1,VLOOKUP(A25,L:M,2), IF(COUNTIF(L:L,A25)=0,$C$10,"")) -> 96.893 | F25: =IF(ISERROR(E25-2), "", (E25-$E$14)/100*$C$5) -> 59137.742 | G25: =IF(ISERROR(E25-2),"",(INT(A25)-INT($A$14))/360*$C$6*$C$5-(INT(A25)-INT($A$14))/360*$C$7*$C$5*$E$14/100) -> 7658.4524 | H25: =IF(ISERROR(E25-2),"",C25+D25-F25-G25) -> -47779.153 | J25: 46181 | K25: 99.816 | L25: 46176 | M25: 96.119 | N25: =IF(COUNTIF(L:L,J25)=1,J25,"") -> 46181 | O25: =IF(N25>$A$14,N25,"") -> 46181
A26: =IF(AND(ISBLANK(P13), A25 = $P$1),NOW(),IF(ISBLANK(P13),"",P13)) -> 46190 | B26: =IF(COUNTIF(J:J,A26)=1,VLOOKUP(A26,J:K,2), IF(COUNTIF(J:J,A26)=0,$B$10,"")) -> 101.508 | C26: =IF(ISERROR(B26-2),"",(B26-$B$14)/100*$B$5) -> 20534.492 | D26: =IF(ISERROR(B26-2),"",(INT(A26)-INT($A$14))/360*$B$6*$B$5-(INT(A26)-INT($A$14))/360*$B$7*$B$5*$B$14/100) -> 7864.0523 | E26: =IF(COUNTIF(L:L,A26)=1,VLOOKUP(A26,L:M,2), IF(COUNTIF(L:L,A26)=0,$C$10,"")) -> 96.968 | F26: =IF(ISERROR(E26-2), "", (E26-$E$14)/100*$C$5) -> 66637.742 | G26: =IF(ISERROR(E26-2),"",(INT(A26)-INT($A$14))/360*$C$6*$C$5-(INT(A26)-INT($A$14))/360*$C$7*$C$5*$E$14/100) -> 8169.0159 | H26: =IF(ISERROR(E26-2),"",C26+D26-F26-G26) -> -46408.213 | J26: 46182 | K26: 99.726 | L26: 46177 | M26: 96.273 | N26: =IF(COUNTIF(L:L,J26)=1,J26,"") -> 46182 | O26: =IF(N26>$A$14,N26,"") -> 46182
... A33: =IF(AND(ISBLANK(P20), A32 = $P$1),NOW(),IF(ISBLANK(P20),"",P20)) | B33: =IF(COUNTIF(J:J,A33)=1,VLOOKUP(A33,J:K,2), IF(COUNTIF(J:J,A33)=0,$B$10,"")) | C33: =IF(ISERROR(B33-2),"",(B33-$B$14)/100*$B$5) | D33: =IF(ISERROR(B33-2),"",(INT(A33)-INT($A$14))/360*$B$6*$B$5-(INT(A33)-INT($A$14))/360*$B$7*$B$5*$B$14/100) | E33: =IF(COUNTIF(L:L,A33)=1,VLOOKUP(A33,L:M,2), IF(COUNTIF(L:L,A33)=0,$C$10,"")) | F33: =IF(ISERROR(E33-2), "", (E33-$E$14)/100*$C$5) | G33: =IF(ISERROR(E33-2),"",(INT(A33)-INT($A$14))/360*$C$6*$C$5-(INT(A33)-INT($A$14))/360*$C$7*$C$5*$E$14/100) | H33: =IF(ISERROR(E33-2),"",C33+D33-F33-G33) | J33: 46191 | K33: 101.626 | L33: 46188 | M33: 96.524 | N33: =IF(COUNTIF(L:L,J33)=1,J33,"") -> 46191 | O33: =IF(N33>$A$14,N33,"") -> 46191
A34: =IF(AND(ISBLANK(P21), A33 = $P$1),NOW(),IF(ISBLANK(P21),"",P21)) | B34: =IF(COUNTIF(J:J,A34)=1,VLOOKUP(A34,J:K,2), IF(COUNTIF(J:J,A34)=0,$B$10,"")) | C34: =IF(ISERROR(B34-2),"",(B34-$B$14)/100*$B$5) | D34: =IF(ISERROR(B34-2),"",(INT(A34)-INT($A$14))/360*$B$6*$B$5-(INT(A34)-INT($A$14))/360*$B$7*$B$5*$B$14/100) | E34: =IF(COUNTIF(L:L,A34)=1,VLOOKUP(A34,L:M,2), IF(COUNTIF(L:L,A34)=0,$C$10,"")) | F34: =IF(ISERROR(E34-2), "", (E34-$E$14)/100*$C$5) | G34: =IF(ISERROR(E34-2),"",(INT(A34)-INT($A$14))/360*$C$6*$C$5-(INT(A34)-INT($A$14))/360*$C$7*$C$5*$E$14/100) | H34: =IF(ISERROR(E34-2),"",C34+D34-F34-G34) | L34: 46189 | M34: 96.893 | N34: =IF(COUNTIF(L:L,J34)=1,J34,"") | O34: =IF(N34>$A$14,N34,"")
A35: =IF(AND(ISBLANK(P22), A34 = $P$1),NOW(),IF(ISBLANK(P22),"",P22)) | B35: =IF(COUNTIF(J:J,A35)=1,VLOOKUP(A35,J:K,2), IF(COUNTIF(J:J,A35)=0,$B$10,"")) | C35: =IF(ISERROR(B35-2),"",(B35-$B$14)/100*$B$5) | D35: =IF(ISERROR(B35-2),"",(INT(A35)-INT($A$14))/360*$B$6*$B$5-(INT(A35)-INT($A$14))/360*$B$7*$B$5*$B$14/100) | E35: =IF(COUNTIF(L:L,A35)=1,VLOOKUP(A35,L:M,2), IF(COUNTIF(L:L,A35)=0,$C$10,"")) | F35: =IF(ISERROR(E35-2), "", (E35-$E$14)/100*$C$5) | G35: =IF(ISERROR(E35-2),"",(INT(A35)-INT($A$14))/360*$C$6*$C$5-(INT(A35)-INT($A$14))/360*$C$7*$C$5*$E$14/100) | H35: =IF(ISERROR(E35-2),"",C35+D35-F35-G35) | L35: 46190 | M35: 96.968 | N35: =IF(COUNTIF(L:L,J35)=1,J35,"") | O35: =IF(N35>$A$14,N35,"")
A36: =IF(AND(ISBLANK(P23), A35 = $P$1),NOW(),IF(ISBLANK(P23),"",P23)) | B36: =IF(COUNTIF(J:J,A36)=1,VLOOKUP(A36,J:K,2), IF(COUNTIF(J:J,A36)=0,$B$10,"")) | C36: =IF(ISERROR(B36-2),"",(B36-$B$14)/100*$B$5) | D36: =IF(ISERROR(B36-2),"",(INT(A36)-INT($A$14))/360*$B$6*$B$5-(INT(A36)-INT($A$14))/360*$B$7*$B$5*$B$14/100) | E36: =IF(COUNTIF(L:L,A36)=1,VLOOKUP(A36,L:M,2), IF(COUNTIF(L:L,A36)=0,$C$10,"")) | F36: =IF(ISERROR(E36-2), "", (E36-$E$14)/100*$C$5) | G36: =IF(ISERROR(E36-2),"",(INT(A36)-INT($A$14))/360*$C$6*$C$5-(INT(A36)-INT($A$14))/360*$C$7*$C$5*$E$14/100) | H36: =IF(ISERROR(E36-2),"",C36+D36-F36-G36) | L36: 46191 | M36: 96.961 | N36: =IF(COUNTIF(L:L,J36)=1,J36,"") | O36: =IF(N36>$A$14,N36,"")
A37: =IF(AND(ISBLANK(P24), A36 = $P$1),NOW(),IF(ISBLANK(P24),"",P24)) | B37: =IF(COUNTIF(J:J,A37)=1,VLOOKUP(A37,J:K,2), IF(COUNTIF(J:J,A37)=0,$B$10,"")) | C37: =IF(ISERROR(B37-2),"",(B37-$B$14)/100*$B$5) | D37: =IF(ISERROR(B37-2),"",(INT(A37)-INT($A$14))/360*$B$6*$B$5-(INT(A37)-INT($A$14))/360*$B$7*$B$5*$B$14/100) | E37: =IF(COUNTIF(L:L,A37)=1,VLOOKUP(A37,L:M,2), IF(COUNTIF(L:L,A37)=0,$C$10,"")) | F37: =IF(ISERROR(E37-2), "", (E37-$E$14)/100*$C$5) | G37: =IF(ISERROR(E37-2),"",(INT(A37)-INT($A$14))/360*$C$6*$C$5-(INT(A37)-INT($A$14))/360*$C$7*$C$5*$E$14/100) | H37: =IF(ISERROR(E37-2),"",C37+D37-F37-G37) | N37: =IF(COUNTIF(L:L,J37)=1,J37,"") | O37: =IF(N37>$A$14,N37,"")
A38: =IF(AND(ISBLANK(P25), A37 = $P$1),NOW(),IF(ISBLANK(P25),"",P25)) | B38: =IF(COUNTIF(J:J,A38)=1,VLOOKUP(A38,J:K,2), IF(COUNTIF(J:J,A38)=0,$B$10,"")) | C38: =IF(ISERROR(B38-2),"",(B38-$B$14)/100*$B$5) | D38: =IF(ISERROR(B38-2),"",(INT(A38)-INT($A$14))/360*$B$6*$B$5-(INT(A38)-INT($A$14))/360*$B$7*$B$5*$B$14/100) | E38: =IF(COUNTIF(L:L,A38)=1,VLOOKUP(A38,L:M,2), IF(COUNTIF(L:L,A38)=0,$C$10,"")) | F38: =IF(ISERROR(E38-2), "", (E38-$E$14)/100*$C$5) | G38: =IF(ISERROR(E38-2),"",(INT(A38)-INT($A$14))/360*$C$6*$C$5-(INT(A38)-INT($A$14))/360*$C$7*$C$5*$E$14/100) | H38: =IF(ISERROR(E38-2),"",C38+D38-F38-G38) | N38: =IF(COUNTIF(L:L,J38)=1,J38,"") | O38: =IF(N38>$A$14,N38,"")
A39: =IF(AND(ISBLANK(P26), A38 = $P$1),NOW(),IF(ISBLANK(P26),"",P26)) | B39: =IF(COUNTIF(J:J,A39)=1,VLOOKUP(A39,J:K,2), IF(COUNTIF(J:J,A39)=0,$B$10,"")) | C39: =IF(ISERROR(B39-2),"",(B39-$B$14)/100*$B$5) | D39: =IF(ISERROR(B39-2),"",(INT(A39)-INT($A$14))/360*$B$6*$B$5-(INT(A39)-INT($A$14))/360*$B$7*$B$5*$B$14/100) | E39: =IF(COUNTIF(L:L,A39)=1,VLOOKUP(A39,L:M,2), IF(COUNTIF(L:L,A39)=0,$C$10,"")) | F39: =IF(ISERROR(E39-2), "", (E39-$E$14)/100*$C$5) | G39: =IF(ISERROR(E39-2),"",(INT(A39)-INT($A$14))/360*$C$6*$C$5-(INT(A39)-INT($A$14))/360*$C$7*$C$5*$E$14/100) | H39: =IF(ISERROR(E39-2),"",C39+D39-F39-G39) | N39: =IF(COUNTIF(L:L,J39)=1,J39,"") | O39: =IF(N39>$A$14,N39,"")
A40: =IF(AND(ISBLANK(P27), A39 = $P$1),NOW(),IF(ISBLANK(P27),"",P27)) | B40: =IF(COUNTIF(J:J,A40)=1,VLOOKUP(A40,J:K,2), IF(COUNTIF(J:J,A40)=0,$B$10,"")) | C40: =IF(ISERROR(B40-2),"",(B40-$B$14)/100*$B$5) | D40: =IF(ISERROR(B40-2),"",(INT(A40)-INT($A$14))/360*$B$6*$B$5-(INT(A40)-INT($A$14))/360*$B$7*$B$5*$B$14/100) | E40: =IF(COUNTIF(L:L,A40)=1,VLOOKUP(A40,L:M,2), IF(COUNTIF(L:L,A40)=0,$C$10,"")) | F40: =IF(ISERROR(E40-2), "", (E40-$E$14)/100*$C$5) | G40: =IF(ISERROR(E40-2),"",(INT(A40)-INT($A$14))/360*$C$6*$C$5-(INT(A40)-INT($A$14))/360*$C$7*$C$5*$E$14/100) | H40: =IF(ISERROR(E40-2),"",C40+D40-F40-G40) | N40: =IF(COUNTIF(L:L,J40)=1,J40,"") | O40: =IF(N40>$A$14,N40,"")
A41: =IF(AND(ISBLANK(P28), A40 = $P$1),NOW(),IF(ISBLANK(P28),"",P28)) | B41: =IF(COUNTIF(J:J,A41)=1,VLOOKUP(A41,J:K,2), IF(COUNTIF(J:J,A41)=0,$B$10,"")) | C41: =IF(ISERROR(B41-2),"",(B41-$B$14)/100*$B$5) | D41: =IF(ISERROR(B41-2),"",(INT(A41)-INT($A$14))/360*$B$6*$B$5-(INT(A41)-INT($A$14))/360*$B$7*$B$5*$B$14/100) | E41: =IF(COUNTIF(L:L,A41)=1,VLOOKUP(A41,L:M,2), IF(COUNTIF(L:L,A41)=0,$C$10,"")) | F41: =IF(ISERROR(E41-2), "", (E41-$E$14)/100*$C$5) | G41: =IF(ISERROR(E41-2),"",(INT(A41)-INT($A$14))/360*$C$6*$C$5-(INT(A41)-INT($A$14))/360*$C$7*$C$5*$E$14/100) | H41: =IF(ISERROR(E41-2),"",C41+D41-F41-G41) | N41: =IF(COUNTIF(L:L,J41)=1,J41,"") | O41: =IF(N41>$A$14,N41,"")
A42: =IF(AND(ISBLANK(P29), A41 = $P$1),NOW(),IF(ISBLANK(P29),"",P29)) | B42: =IF(COUNTIF(J:J,A42)=1,VLOOKUP(A42,J:K,2), IF(COUNTIF(J:J,A42)=0,$B$10,"")) | C42: =IF(ISERROR(B42-2),"",(B42-$B$14)/100*$B$5) | D42: =IF(ISERROR(B42-2),"",(INT(A42)-INT($A$14))/360*$B$6*$B$5-(INT(A42)-INT($A$14))/360*$B$7*$B$5*$B$14/100) | E42: =IF(COUNTIF(L:L,A42)=1,VLOOKUP(A42,L:M,2), IF(COUNTIF(L:L,A42)=0,$C$10,"")) | F42: =IF(ISERROR(E42-2), "", (E42-$E$14)/100*$C$5) | G42: =IF(ISERROR(E42-2),"",(INT(A42)-INT($A$14))/360*$C$6*$C$5-(INT(A42)-INT($A$14))/360*$C$7*$C$5*$E$14/100) | H42: =IF(ISERROR(E42-2),"",C42+D42-F42-G42) | N42: =IF(COUNTIF(L:L,J42)=1,J42,"") | O42: =IF(N42>$A$14,N42,"")
A43: =IF(AND(ISBLANK(P30), A42 = $P$1),NOW(),IF(ISBLANK(P30),"",P30)) | B43: =IF(COUNTIF(J:J,A43)=1,VLOOKUP(A43,J:K,2), IF(COUNTIF(J:J,A43)=0,$B$10,"")) | C43: =IF(ISERROR(B43-2),"",(B43-$B$14)/100*$B$5) | D43: =IF(ISERROR(B43-2),"",(INT(A43)-INT($A$14))/360*$B$6*$B$5-(INT(A43)-INT($A$14))/360*$B$7*$B$5*$B$14/100) | E43: =IF(COUNTIF(L:L,A43)=1,VLOOKUP(A43,L:M,2), IF(COUNTIF(L:L,A43)=0,$C$10,"")) | F43: =IF(ISERROR(E43-2), "", (E43-$E$14)/100*$C$5) | G43: =IF(ISERROR(E43-2),"",(INT(A43)-INT($A$14))/360*$C$6*$C$5-(INT(A43)-INT($A$14))/360*$C$7*$C$5*$E$14/100) | H43: =IF(ISERROR(E43-2),"",C43+D43-F43-G43) | N43: =IF(COUNTIF(L:L,J43)=1,J43,"") | O43: =IF(N43>$A$14,N43,"")
A44: =IF(AND(ISBLANK(P31), A43 = $P$1),NOW(),IF(ISBLANK(P31),"",P31)) | B44: =IF(COUNTIF(J:J,A44)=1,VLOOKUP(A44,J:K,2), IF(COUNTIF(J:J,A44)=0,$B$10,"")) | C44: =IF(ISERROR(B44-2),"",(B44-$B$14)/100*$B$5) | D44: =IF(ISERROR(B44-2),"",(INT(A44)-INT($A$14))/360*$B$6*$B$5-(INT(A44)-INT($A$14))/360*$B$7*$B$5*$B$14/100) | E44: =IF(COUNTIF(L:L,A44)=1,VLOOKUP(A44,L:M,2), IF(COUNTIF(L:L,A44)=0,$C$10,"")) | F44: =IF(ISERROR(E44-2), "", (E44-$E$14)/100*$C$5) | G44: =IF(ISERROR(E44-2),"",(INT(A44)-INT($A$14))/360*$C$6*$C$5-(INT(A44)-INT($A$14))/360*$C$7*$C$5*$E$14/100) | H44: =IF(ISERROR(E44-2),"",C44+D44-F44-G44) | N44: =IF(COUNTIF(L:L,J44)=1,J44,"") | O44: =IF(N44>$A$14,N44,"")
A45: =IF(AND(ISBLANK(P32), A44 = $P$1),NOW(),IF(ISBLANK(P32),"",P32)) | B45: =IF(COUNTIF(J:J,A45)=1,VLOOKUP(A45,J:K,2), IF(COUNTIF(J:J,A45)=0,$B$10,"")) | C45: =IF(ISERROR(B45-2),"",(B45-$B$14)/100*$B$5) | D45: =IF(ISERROR(B45-2),"",(INT(A45)-INT($A$14))/360*$B$6*$B$5-(INT(A45)-INT($A$14))/360*$B$7*$B$5*$B$14/100) | E45: =IF(COUNTIF(L:L,A45)=1,VLOOKUP(A45,L:M,2), IF(COUNTIF(L:L,A45)=0,$C$10,"")) | F45: =IF(ISERROR(E45-2), "", (E45-$E$14)/100*$C$5) | G45: =IF(ISERROR(E45-2),"",(INT(A45)-INT($A$14))/360*$C$6*$C$5-(INT(A45)-INT($A$14))/360*$C$7*$C$5*$E$14/100) | H45: =IF(ISERROR(E45-2),"",C45+D45-F45-G45) | N45: =IF(COUNTIF(L:L,J45)=1,J45,"") | O45: =IF(N45>$A$14,N45,"")
A46: =IF(AND(ISBLANK(P33), A45 = $P$1),NOW(),IF(ISBLANK(P33),"",P33)) | B46: =IF(COUNTIF(J:J,A46)=1,VLOOKUP(A46,J:K,2), IF(COUNTIF(J:J,A46)=0,$B$10,"")) | C46: =IF(ISERROR(B46-2),"",(B46-$B$14)/100*$B$5) | D46: =IF(ISERROR(B46-2),"",(INT(A46)-INT($A$14))/360*$B$6*$B$5-(INT(A46)-INT($A$14))/360*$B$7*$B$5*$B$14/100) | E46: =IF(COUNTIF(L:L,A46)=1,VLOOKUP(A46,L:M,2), IF(COUNTIF(L:L,A46)=0,$C$10,"")) | F46: =IF(ISERROR(E46-2), "", (E46-$E$14)/100*$C$5) | G46: =IF(ISERROR(E46-2),"",(INT(A46)-INT($A$14))/360*$C$6*$C$5-(INT(A46)-INT($A$14))/360*$C$7*$C$5*$E$14/100) | H46: =IF(ISERROR(E46-2),"",C46+D46-F46-G46) | N46: =IF(COUNTIF(L:L,J46)=1,J46,"") | O46: =IF(N46>$A$14,N46,"")
A47: =IF(AND(ISBLANK(P34), A46 = $P$1),NOW(),IF(ISBLANK(P34),"",P34)) | B47: =IF(COUNTIF(J:J,A47)=1,VLOOKUP(A47,J:K,2), IF(COUNTIF(J:J,A47)=0,$B$10,"")) | C47: =IF(ISERROR(B47-2),"",(B47-$B$14)/100*$B$5) | D47: =IF(ISERROR(B47-2),"",(INT(A47)-INT($A$14))/360*$B$6*$B$5-(INT(A47)-INT($A$14))/360*$B$7*$B$5*$B$14/100) | E47: =IF(COUNTIF(L:L,A47)=1,VLOOKUP(A47,L:M,2), IF(COUNTIF(L:L,A47)=0,$C$10,"")) | F47: =IF(ISERROR(E47-2), "", (E47-$E$14)/100*$C$5) | G47: =IF(ISERROR(E47-2),"",(INT(A47)-INT($A$14))/360*$C$6*$C$5-(INT(A47)-INT($A$14))/360*$C$7*$C$5*$E$14/100) | H47: =IF(ISERROR(E47-2),"",C47+D47-F47-G47) | N47: =IF(COUNTIF(L:L,J47)=1,J47,"") | O47: =IF(N47>$A$14,N47,"")
A48: =IF(AND(ISBLANK(P35), A47 = $P$1),NOW(),IF(ISBLANK(P35),"",P35)) | B48: =IF(COUNTIF(J:J,A48)=1,VLOOKUP(A48,J:K,2), IF(COUNTIF(J:J,A48)=0,$B$10,"")) | C48: =IF(ISERROR(B48-2),"",(B48-$B$14)/100*$B$5) | D48: =IF(ISERROR(B48-2),"",(INT(A48)-INT($A$14))/360*$B$6*$B$5-(INT(A48)-INT($A$14))/360*$B$7*$B$5*$B$14/100) | E48: =IF(COUNTIF(L:L,A48)=1,VLOOKUP(A48,L:M,2), IF(COUNTIF(L:L,A48)=0,$C$10,"")) | F48: =IF(ISERROR(E48-2), "", (E48-$E$14)/100*$C$5) | G48: =IF(ISERROR(E48-2),"",(INT(A48)-INT($A$14))/360*$C$6*$C$5-(INT(A48)-INT($A$14))/360*$C$7*$C$5*$E$14/100) | H48: =IF(ISERROR(E48-2),"",C48+D48-F48-G48) | N48: =IF(COUNTIF(L:L,J48)=1,J48,"") | O48: =IF(N48>$A$14,N48,"")
... A574: =IF(AND(ISBLANK(P561), A573 = $P$1),NOW(),IF(ISBLANK(P561),"",P561)) | B574: =IF(COUNTIF(J:J,A574)=1,VLOOKUP(A574,J:K,2), IF(COUNTIF(J:J,A574)=0,$B$10,"")) | C574: =IF(ISERROR(B574-2),"",(B574-$B$14)/100*$B$5) | D574: =IF(ISERROR(B574-2),"",(INT(A574)-INT($A$14))/360*$B$6*$B$5-(INT(A574)-INT($A$14))/360*$B$7*$B$5*$B$14/100) | E574: =IF(COUNTIF(L:L,A574)=1,VLOOKUP(A574,L:M,2), IF(COUNTIF(L:L,A574)=0,$C$10,"")) | F574: =IF(ISERROR(E574-2), "", (E574-$E$14)/100*$C$5) | G574: =IF(ISERROR(E574-2),"",(INT(A574)-INT($A$14))/360*$C$6*$C$5-(INT(A574)-INT($A$14))/360*$C$7*$C$5*$E$14/100) | H574: =IF(ISERROR(E574-2),"",C574+D574-F574-G574) | N574: =IF(COUNTIF(L:L,J574)=1,J574,"") | O574: =IF(N574>$A$14,N574,"")
N575: =IF(COUNTIF(L:L,J575)=1,J575,"") | O575: =IF(N575>$A$14,N575,"")
N576: =IF(COUNTIF(L:L,J576)=1,J576,"") | O576: =IF(N576>$A$14,N576,"")
N577: =IF(COUNTIF(L:L,J577)=1,J577,"") | O577: =IF(N577>$A$14,N577,"")
N578: =IF(COUNTIF(L:L,J578)=1,J578,"") | O578: =IF(N578>$A$14,N578,"")
N579: =IF(COUNTIF(L:L,J579)=1,J579,"") | O579: =IF(N579>$A$14,N579,"")
N580: =IF(COUNTIF(L:L,J580)=1,J580,"") | O580: =IF(N580>$A$14,N580,"")
N581: =IF(COUNTIF(L:L,J581)=1,J581,"") | O581: =IF(N581>$A$14,N581,"")
N582: =IF(COUNTIF(L:L,J582)=1,J582,"") | O582: =IF(N582>$A$14,N582,"")
N583: =IF(COUNTIF(L:L,J583)=1,J583,"") | O583: =IF(N583>$A$14,N583,"")
N584: =IF(COUNTIF(L:L,J584)=1,J584,"") | O584: =IF(N584>$A$14,N584,"")
N585: =IF(COUNTIF(L:L,J585)=1,J585,"") | O585: =IF(N585>$A$14,N585,"")
N586: =IF(COUNTIF(L:L,J586)=1,J586,"") | O586: =IF(N586>$A$14,N586,"")
... N1032: =IF(COUNTIF(L:L,J1032)=1,J1032,"") | O1032: =IF(N1032>$A$14,N1032,"")

Sheet 51
P1: {=LOOKUP(2,1/(P:P<>""),P:P)} -> 46191
B2: Long Risk | C2: Short Risk | J2: Long Risk | L2: Short Risk | P2: {=_xlfn._xlws.SORT(_xlfn.UNIQUE(_xlfn._xlws.FILTER(O:O, ISNUMBER(O:O))))} -> 46175
A3: Name= | B3: BRAZIL 5% 45 | C3: BRAZIL 4.75% 50 | J3: {=_xll.BDH(B4, "LAST_PRICE", "09/01/2025", "01/01/2035")} -> 45901 | K3: 77.719 | L3: {=_xll.BDH(C4, "LAST_PRICE", "05/01/2026", "01/01/2035")} -> 46143 | M3: 74.147 | N3: =IF(COUNTIF(L:L,J3)=1,J3,"") | O3: =IF(N3>$A$14,N3,"") | P3: 46176
A4: BBG Ticker= | B4: 105756BW9@BGN Corp | C4: 105756CB4@BGN Corp | J4: 45902 | K4: 77.411 | L4: 46146 | M4: 73.729 | N4: =IF(COUNTIF(L:L,J4)=1,J4,"") | O4: =IF(N4>$A$14,N4,"") | P4: 46177
A5: Not'l= | B5: =10.4*10^6 -> 10400000 | C5: =10*10^6 -> 10000000 | J5: 45903 | K5: 77.794 | L5: 46147 | M5: 73.939 | N5: =IF(COUNTIF(L:L,J5)=1,J5,"") | O5: =IF(N5>$A$14,N5,"") | P5: 46178
A6: Carry= | B6: 0.05 | C6: 0.0475 | J6: 45904 | K6: 78.461 | L6: 46148 | M6: 74.797 | N6: =IF(COUNTIF(L:L,J6)=1,J6,"") | O6: =IF(N6>$A$14,N6,"") | P6: 46181
A7: Financing Rate= | B7: 0.0365 | C7: 0.0365 | J7: 45905 | K7: 79.298 | L7: 46149 | M7: 74.378 | N7: =IF(COUNTIF(L:L,J7)=1,J7,"") | O7: =IF(N7>$A$14,N7,"") | P7: 46182
A8: Initial Duration= | B8: - | C8: - | J8: 45908 | K8: 79.27 | L8: 46150 | M8: 74.571 | N8: =IF(COUNTIF(L:L,J8)=1,J8,"") | O8: =IF(N8>$A$14,N8,"") | P8: 46183
A9: EUR/USD= | B9: - | C9: - | J9: 45909 | K9: 79.134 | L9: 46153 | M9: 74.362 | N9: =IF(COUNTIF(L:L,J9)=1,J9,"") | O9: =IF(N9>$A$14,N9,"") | P9: 46184
A10: Live BBG PX= | B10: {=_xll.BDP(B4,"px_last")} -> 80.054 | C10: {=_xll.BDP(C4,"px_last")} -> 74.564 | J10: 45910 | K10: 79.77 | L10: 46154 | M10: 73.744 | N10: =IF(COUNTIF(L:L,J10)=1,J10,"") | O10: =IF(N10>$A$14,N10,"") | P10: 46185
J11: 45911 | K11: 80.663 | L11: 46155 | M11: 73.173 | N11: =IF(COUNTIF(L:L,J11)=1,J11,"") | O11: =IF(N11>$A$14,N11,"") | P11: 46188
A12: Date | B12: Long Risk | E12: Short Risk | H12: Net P/L | J12: 45912 | K12: 80.677 | L12: 46156 | M12: 73.412 | N12: =IF(COUNTIF(L:L,J12)=1,J12,"") | O12: =IF(N12>$A$14,N12,"") | P12: 46189
B13: Price | C13: Price P/L | D13: Carry P/L | E13: Price | F13: Price P/L | G13: Carry P/L | J13: 45915 | K13: 81.042 | L13: 46157 | M13: 72.322 | N13: =IF(COUNTIF(L:L,J13)=1,J13,"") | O13: =IF(N13>$A$14,N13,"") | P13: 46190
A14: 46174.625 | B14: 79.75 | E14: 73.75 | H14: 0 | J14: 45916 | K14: 81.274 | L14: 46160 | M14: 71.997 | N14: =IF(COUNTIF(L:L,J14)=1,J14,"") | O14: =IF(N14>$A$14,N14,"") | P14: 46191
A15: =IF(AND(ISBLANK(P2), A14 = $P$1),NOW(),IF(ISBLANK(P2),"",P2)) -> 46175 | B15: =IF(COUNTIF(J:J,A15)=1,VLOOKUP(A15,J:K,2), IF(COUNTIF(J:J,A15)=0,$B$10,"")) -> 79.961 | C15: =IF(ISERROR(B15-2),"",(B15-$B$14)/100*$B$5) -> 21944 | D15: =IF(ISERROR(B15-2),"",(INT(A15)-INT($A$14))/360*$B$6*$B$5-(INT(A15)-INT($A$14))/360*$B$7*$B$5*$B$14/100) -> 603.525 | E15: =IF(COUNTIF(L:L,A15)=1,VLOOKUP(A15,L:M,2), IF(COUNTIF(L:L,A15)=0,$C$10,"")) -> 74.491 | F15: =IF(ISERROR(E15-2), "", (E15-$E$14)/100*$C$5) -> 74100 | G15: =IF(ISERROR(E15-2),"",(INT(A15)-INT($A$14))/360*$C$6*$C$5-(INT(A15)-INT($A$14))/360*$C$7*$C$5*$E$14/100) -> 571.70139 | H15: =IF(ISERROR(E15-2),"",C15+D15-F15-G15) -> -52124.176 | J15: 45917 | K15: 81.256 | L15: 46161 | M15: 71.651 | N15: =IF(COUNTIF(L:L,J15)=1,J15,"") | O15: =IF(N15>$A$14,N15,"")
A16: =IF(AND(ISBLANK(P3), A15 = $P$1),NOW(),IF(ISBLANK(P3),"",P3)) -> 46176 | B16: =IF(COUNTIF(J:J,A16)=1,VLOOKUP(A16,J:K,2), IF(COUNTIF(J:J,A16)=0,$B$10,"")) -> 79.846 | C16: =IF(ISERROR(B16-2),"",(B16-$B$14)/100*$B$5) -> 9984 | D16: =IF(ISERROR(B16-2),"",(INT(A16)-INT($A$14))/360*$B$6*$B$5-(INT(A16)-INT($A$14))/360*$B$7*$B$5*$B$14/100) -> 1207.05 | E16: =IF(COUNTIF(L:L,A16)=1,VLOOKUP(A16,L:M,2), IF(COUNTIF(L:L,A16)=0,$C$10,"")) -> 74.274 | F16: =IF(ISERROR(E16-2), "", (E16-$E$14)/100*$C$5) -> 52400 | G16: =IF(ISERROR(E16-2),"",(INT(A16)-INT($A$14))/360*$C$6*$C$5-(INT(A16)-INT($A$14))/360*$C$7*$C$5*$E$14/100) -> 1143.4028 | H16: =IF(ISERROR(E16-2),"",C16+D16-F16-G16) -> -42352.353 | J16: 45918 | K16: 81.141 | L16: 46162 | M16: 72.151 | N16: =IF(COUNTIF(L:L,J16)=1,J16,"") | O16: =IF(N16>$A$14,N16,"")
A17: =IF(AND(ISBLANK(P4), A16 = $P$1),NOW(),IF(ISBLANK(P4),"",P4)) -> 46177 | B17: =IF(COUNTIF(J:J,A17)=1,VLOOKUP(A17,J:K,2), IF(COUNTIF(J:J,A17)=0,$B$10,"")) -> 80.004 | C17: =IF(ISERROR(B17-2),"",(B17-$B$14)/100*$B$5) -> 26416 | D17: =IF(ISERROR(B17-2),"",(INT(A17)-INT($A$14))/360*$B$6*$B$5-(INT(A17)-INT($A$14))/360*$B$7*$B$5*$B$14/100) -> 1810.575 | E17: =IF(COUNTIF(L:L,A17)=1,VLOOKUP(A17,L:M,2), IF(COUNTIF(L:L,A17)=0,$C$10,"")) -> 74.54 | F17: =IF(ISERROR(E17-2), "", (E17-$E$14)/100*$C$5) -> 79000 | G17: =IF(ISERROR(E17-2),"",(INT(A17)-INT($A$14))/360*$C$6*$C$5-(INT(A17)-INT($A$14))/360*$C$7*$C$5*$E$14/100) -> 1715.1042 | H17: =IF(ISERROR(E17-2),"",C17+D17-F17-G17) -> -52488.529 | J17: 45919 | K17: 80.847 | L17: 46163 | M17: 72.702 | N17: =IF(COUNTIF(L:L,J17)=1,J17,"") | O17: =IF(N17>$A$14,N17,"")
A18: =IF(AND(ISBLANK(P5), A17 = $P$1),NOW(),IF(ISBLANK(P5),"",P5)) -> 46178 | B18: =IF(COUNTIF(J:J,A18)=1,VLOOKUP(A18,J:K,2), IF(COUNTIF(J:J,A18)=0,$B$10,"")) -> 79.604 | C18: =IF(ISERROR(B18-2),"",(B18-$B$14)/100*$B$5) -> -15184 | D18: =IF(ISERROR(B18-2),"",(INT(A18)-INT($A$14))/360*$B$6*$B$5-(INT(A18)-INT($A$14))/360*$B$7*$B$5*$B$14/100) -> 2414.1 | E18: =IF(COUNTIF(L:L,A18)=1,VLOOKUP(A18,L:M,2), IF(COUNTIF(L:L,A18)=0,$C$10,"")) -> 73.823 | F18: =IF(ISERROR(E18-2), "", (E18-$E$14)/100*$C$5) -> 7300 | G18: =IF(ISERROR(E18-2),"",(INT(A18)-INT($A$14))/360*$C$6*$C$5-(INT(A18)-INT($A$14))/360*$C$7*$C$5*$E$14/100) -> 2286.8056 | H18: =IF(ISERROR(E18-2),"",C18+D18-F18-G18) -> -22356.706 | J18: 45922 | K18: 80.833 | L18: 46164 | M18: 72.827 | N18: =IF(COUNTIF(L:L,J18)=1,J18,"") | O18: =IF(N18>$A$14,N18,"")
A19: =IF(AND(ISBLANK(P6), A18 = $P$1),NOW(),IF(ISBLANK(P6),"",P6)) -> 46181 | B19: =IF(COUNTIF(J:J,A19)=1,VLOOKUP(A19,J:K,2), IF(COUNTIF(J:J,A19)=0,$B$10,"")) -> 79.301 | C19: =IF(ISERROR(B19-2),"",(B19-$B$14)/100*$B$5) -> -46696 | D19: =IF(ISERROR(B19-2),"",(INT(A19)-INT($A$14))/360*$B$6*$B$5-(INT(A19)-INT($A$14))/360*$B$7*$B$5*$B$14/100) -> 4224.675 | E19: =IF(COUNTIF(L:L,A19)=1,VLOOKUP(A19,L:M,2), IF(COUNTIF(L:L,A19)=0,$C$10,"")) -> 73.624 | F19: =IF(ISERROR(E19-2), "", (E19-$E$14)/100*$C$5) -> -12600 | G19: =IF(ISERROR(E19-2),"",(INT(A19)-INT($A$14))/360*$C$6*$C$5-(INT(A19)-INT($A$14))/360*$C$7*$C$5*$E$14/100) -> 4001.9097 | H19: =IF(ISERROR(E19-2),"",C19+D19-F19-G19) -> -33873.235 | J19: 45923 | K19: 81.271 | L19: 46168 | M19: 73.322 | N19: =IF(COUNTIF(L:L,J19)=1,J19,"") | O19: =IF(N19>$A$14,N19,"")
A20: =IF(AND(ISBLANK(P7), A19 = $P$1),NOW(),IF(ISBLANK(P7),"",P7)) -> 46182 | B20: =IF(COUNTIF(J:J,A20)=1,VLOOKUP(A20,J:K,2), IF(COUNTIF(J:J,A20)=0,$B$10,"")) -> 79.157 | C20: =IF(ISERROR(B20-2),"",(B20-$B$14)/100*$B$5) -> -61672 | D20: =IF(ISERROR(B20-2),"",(INT(A20)-INT($A$14))/360*$B$6*$B$5-(INT(A20)-INT($A$14))/360*$B$7*$B$5*$B$14/100) -> 4828.2 | E20: =IF(COUNTIF(L:L,A20)=1,VLOOKUP(A20,L:M,2), IF(COUNTIF(L:L,A20)=0,$C$10,"")) -> 73.425 | F20: =IF(ISERROR(E20-2), "", (E20-$E$14)/100*$C$5) -> -32500 | G20: =IF(ISERROR(E20-2),"",(INT(A20)-INT($A$14))/360*$C$6*$C$5-(INT(A20)-INT($A$14))/360*$C$7*$C$5*$E$14/100) -> 4573.6111 | H20: =IF(ISERROR(E20-2),"",C20+D20-F20-G20) -> -28917.411 | J20: 45924 | K20: 81.326 | L20: 46169 | M20: 73.46 | N20: =IF(COUNTIF(L:L,J20)=1,J20,"") | O20: =IF(N20>$A$14,N20,"")
A21: =IF(AND(ISBLANK(P8), A20 = $P$1),NOW(),IF(ISBLANK(P8),"",P8)) -> 46183 | B21: =IF(COUNTIF(J:J,A21)=1,VLOOKUP(A21,J:K,2), IF(COUNTIF(J:J,A21)=0,$B$10,"")) -> 78.622 | C21: =IF(ISERROR(B21-2),"",(B21-$B$14)/100*$B$5) -> -117312 | D21: =IF(ISERROR(B21-2),"",(INT(A21)-INT($A$14))/360*$B$6*$B$5-(INT(A21)-INT($A$14))/360*$B$7*$B$5*$B$14/100) -> 5431.725 | E21: =IF(COUNTIF(L:L,A21)=1,VLOOKUP(A21,L:M,2), IF(COUNTIF(L:L,A21)=0,$C$10,"")) -> 72.851 | F21: =IF(ISERROR(E21-2), "", (E21-$E$14)/100*$C$5) -> -89900 | G21: =IF(ISERROR(E21-2),"",(INT(A21)-INT($A$14))/360*$C$6*$C$5-(INT(A21)-INT($A$14))/360*$C$7*$C$5*$E$14/100) -> 5145.3125 | H21: =IF(ISERROR(E21-2),"",C21+D21-F21-G21) -> -27125.587 | J21: 45925 | K21: 81.146 | L21: 46170 | M21: 73.829 | N21: =IF(COUNTIF(L:L,J21)=1,J21,"") | O21: =IF(N21>$A$14,N21,"")
A22: =IF(AND(ISBLANK(P9), A21 = $P$1),NOW(),IF(ISBLANK(P9),"",P9)) -> 46184 | B22: =IF(COUNTIF(J:J,A22)=1,VLOOKUP(A22,J:K,2), IF(COUNTIF(J:J,A22)=0,$B$10,"")) -> 79.398 | C22: =IF(ISERROR(B22-2),"",(B22-$B$14)/100*$B$5) -> -36608 | D22: =IF(ISERROR(B22-2),"",(INT(A22)-INT($A$14))/360*$B$6*$B$5-(INT(A22)-INT($A$14))/360*$B$7*$B$5*$B$14/100) -> 6035.25 | E22: =IF(COUNTIF(L:L,A22)=1,VLOOKUP(A22,L:M,2), IF(COUNTIF(L:L,A22)=0,$C$10,"")) -> 73.641 | F22: =IF(ISERROR(E22-2), "", (E22-$E$14)/100*$C$5) -> -10900 | G22: =IF(ISERROR(E22-2),"",(INT(A22)-INT($A$14))/360*$C$6*$C$5-(INT(A22)-INT($A$14))/360*$C$7*$C$5*$E$14/100) -> 5717.0139 | H22: =IF(ISERROR(E22-2),"",C22+D22-F22-G22) -> -25389.764 | J22: 45926 | K22: 81.114 | L22: 46171 | M22: 74.125 | N22: =IF(COUNTIF(L:L,J22)=1,J22,"") | O22: =IF(N22>$A$14,N22,"")
A23: =IF(AND(ISBLANK(P10), A22 = $P$1),NOW(),IF(ISBLANK(P10),"",P10)) -> 46185 | B23: =IF(COUNTIF(J:J,A23)=1,VLOOKUP(A23,J:K,2), IF(COUNTIF(J:J,A23)=0,$B$10,"")) -> 79.388 | C23: =IF(ISERROR(B23-2),"",(B23-$B$14)/100*$B$5) -> -37648 | D23: =IF(ISERROR(B23-2),"",(INT(A23)-INT($A$14))/360*$B$6*$B$5-(INT(A23)-INT($A$14))/360*$B$7*$B$5*$B$14/100) -> 6638.775 | E23: =IF(COUNTIF(L:L,A23)=1,VLOOKUP(A23,L:M,2), IF(COUNTIF(L:L,A23)=0,$C$10,"")) -> 73.605 | F23: =IF(ISERROR(E23-2), "", (E23-$E$14)/100*$C$5) -> -14500 | G23: =IF(ISERROR(E23-2),"",(INT(A23)-INT($A$14))/360*$C$6*$C$5-(INT(A23)-INT($A$14))/360*$C$7*$C$5*$E$14/100) -> 6288.7153 | H23: =IF(ISERROR(E23-2),"",C23+D23-F23-G23) -> -22797.94 | J23: 45929 | K23: 81.273 | L23: 46174 | M23: 74.182 | N23: =IF(COUNTIF(L:L,J23)=1,J23,"") | O23: =IF(N23>$A$14,N23,"")
A24: =IF(AND(ISBLANK(P11), A23 = $P$1),NOW(),IF(ISBLANK(P11),"",P11)) -> 46188 | B24: =IF(COUNTIF(J:J,A24)=1,VLOOKUP(A24,J:K,2), IF(COUNTIF(J:J,A24)=0,$B$10,"")) -> 79.723 | C24: =IF(ISERROR(B24-2),"",(B24-$B$14)/100*$B$5) -> -2808 | D24: =IF(ISERROR(B24-2),"",(INT(A24)-INT($A$14))/360*$B$6*$B$5-(INT(A24)-INT($A$14))/360*$B$7*$B$5*$B$14/100) -> 8449.35 | E24: =IF(COUNTIF(L:L,A24)=1,VLOOKUP(A24,L:M,2), IF(COUNTIF(L:L,A24)=0,$C$10,"")) -> 74.138 | F24: =IF(ISERROR(E24-2), "", (E24-$E$14)/100*$C$5) -> 38800 | G24: =IF(ISERROR(E24-2),"",(INT(A24)-INT($A$14))/360*$C$6*$C$5-(INT(A24)-INT($A$14))/360*$C$7*$C$5*$E$14/100) -> 8003.8194 | H24: =IF(ISERROR(E24-2),"",C24+D24-F24-G24) -> -41162.469 | J24: 45930 | K24: 81.378 | L24: 46175 | M24: 74.491 | N24: =IF(COUNTIF(L:L,J24)=1,J24,"") | O24: =IF(N24>$A$14,N24,"")
A25: =IF(AND(ISBLANK(P12), A24 = $P$1),NOW(),IF(ISBLANK(P12),"",P12)) -> 46189 | B25: =IF(COUNTIF(J:J,A25)=1,VLOOKUP(A25,J:K,2), IF(COUNTIF(J:J,A25)=0,$B$10,"")) -> 80.07 | C25: =IF(ISERROR(B25-2),"",(B25-$B$14)/100*$B$5) -> 33280 | D25: =IF(ISERROR(B25-2),"",(INT(A25)-INT($A$14))/360*$B$6*$B$5-(INT(A25)-INT($A$14))/360*$B$7*$B$5*$B$14/100) -> 9052.875 | E25: =IF(COUNTIF(L:L,A25)=1,VLOOKUP(A25,L:M,2), IF(COUNTIF(L:L,A25)=0,$C$10,"")) -> 74.524 | F25: =IF(ISERROR(E25-2), "", (E25-$E$14)/100*$C$5) -> 77400 | G25: =IF(ISERROR(E25-2),"",(INT(A25)-INT($A$14))/360*$C$6*$C$5-(INT(A25)-INT($A$14))/360*$C$7*$C$5*$E$14/100) -> 8575.5208 | H25: =IF(ISERROR(E25-2),"",C25+D25-F25-G25) -> -43642.646 | J25: 45931 | K25: 81.634 | L25: 46176 | M25: 74.274 | N25: =IF(COUNTIF(L:L,J25)=1,J25,"") | O25: =IF(N25>$A$14,N25,"")
A26: =IF(AND(ISBLANK(P13), A25 = $P$1),NOW(),IF(ISBLANK(P13),"",P13)) -> 46190 | B26: =IF(COUNTIF(J:J,A26)=1,VLOOKUP(A26,J:K,2), IF(COUNTIF(J:J,A26)=0,$B$10,"")) -> 79.888 | C26: =IF(ISERROR(B26-2),"",(B26-$B$14)/100*$B$5) -> 14352 | D26: =IF(ISERROR(B26-2),"",(INT(A26)-INT($A$14))/360*$B$6*$B$5-(INT(A26)-INT($A$14))/360*$B$7*$B$5*$B$14/100) -> 9656.4 | E26: =IF(COUNTIF(L:L,A26)=1,VLOOKUP(A26,L:M,2), IF(COUNTIF(L:L,A26)=0,$C$10,"")) -> 74.29 | F26: =IF(ISERROR(E26-2), "", (E26-$E$14)/100*$C$5) -> 54000 | G26: =IF(ISERROR(E26-2),"",(INT(A26)-INT($A$14))/360*$C$6*$C$5-(INT(A26)-INT($A$14))/360*$C$7*$C$5*$E$14/100) -> 9147.2222 | H26: =IF(ISERROR(E26-2),"",C26+D26-F26-G26) -> -39138.822 | J26: 45932 | K26: 81.699 | L26: 46177 | M26: 74.54 | N26: =IF(COUNTIF(L:L,J26)=1,J26,"") | O26: =IF(N26>$A$14,N26,"")
... A36: =IF(AND(ISBLANK(P23), A35 = $P$1),NOW(),IF(ISBLANK(P23),"",P23)) | B36: =IF(COUNTIF(J:J,A36)=1,VLOOKUP(A36,J:K,2), IF(COUNTIF(J:J,A36)=0,$B$10,"")) | C36: =IF(ISERROR(B36-2),"",(B36-$B$14)/100*$B$5) | D36: =IF(ISERROR(B36-2),"",(INT(A36)-INT($A$14))/360*$B$6*$B$5-(INT(A36)-INT($A$14))/360*$B$7*$B$5*$B$14/100) | E36: =IF(COUNTIF(L:L,A36)=1,VLOOKUP(A36,L:M,2), IF(COUNTIF(L:L,A36)=0,$C$10,"")) | F36: =IF(ISERROR(E36-2), "", (E36-$E$14)/100*$C$5) | G36: =IF(ISERROR(E36-2),"",(INT(A36)-INT($A$14))/360*$C$6*$C$5-(INT(A36)-INT($A$14))/360*$C$7*$C$5*$E$14/100) | H36: =IF(ISERROR(E36-2),"",C36+D36-F36-G36) | J36: 45946 | K36: 81.583 | L36: 46191 | M36: 74.564 | N36: =IF(COUNTIF(L:L,J36)=1,J36,"") | O36: =IF(N36>$A$14,N36,"")
A37: =IF(AND(ISBLANK(P24), A36 = $P$1),NOW(),IF(ISBLANK(P24),"",P24)) | B37: =IF(COUNTIF(J:J,A37)=1,VLOOKUP(A37,J:K,2), IF(COUNTIF(J:J,A37)=0,$B$10,"")) | C37: =IF(ISERROR(B37-2),"",(B37-$B$14)/100*$B$5) | D37: =IF(ISERROR(B37-2),"",(INT(A37)-INT($A$14))/360*$B$6*$B$5-(INT(A37)-INT($A$14))/360*$B$7*$B$5*$B$14/100) | E37: =IF(COUNTIF(L:L,A37)=1,VLOOKUP(A37,L:M,2), IF(COUNTIF(L:L,A37)=0,$C$10,"")) | F37: =IF(ISERROR(E37-2), "", (E37-$E$14)/100*$C$5) | G37: =IF(ISERROR(E37-2),"",(INT(A37)-INT($A$14))/360*$C$6*$C$5-(INT(A37)-INT($A$14))/360*$C$7*$C$5*$E$14/100) | H37: =IF(ISERROR(E37-2),"",C37+D37-F37-G37) | J37: 45947 | K37: 81.462 | N37: =IF(COUNTIF(L:L,J37)=1,J37,"") | O37: =IF(N37>$A$14,N37,"")
A38: =IF(AND(ISBLANK(P25), A37 = $P$1),NOW(),IF(ISBLANK(P25),"",P25)) | B38: =IF(COUNTIF(J:J,A38)=1,VLOOKUP(A38,J:K,2), IF(COUNTIF(J:J,A38)=0,$B$10,"")) | C38: =IF(ISERROR(B38-2),"",(B38-$B$14)/100*$B$5) | D38: =IF(ISERROR(B38-2),"",(INT(A38)-INT($A$14))/360*$B$6*$B$5-(INT(A38)-INT($A$14))/360*$B$7*$B$5*$B$14/100) | E38: =IF(COUNTIF(L:L,A38)=1,VLOOKUP(A38,L:M,2), IF(COUNTIF(L:L,A38)=0,$C$10,"")) | F38: =IF(ISERROR(E38-2), "", (E38-$E$14)/100*$C$5) | G38: =IF(ISERROR(E38-2),"",(INT(A38)-INT($A$14))/360*$C$6*$C$5-(INT(A38)-INT($A$14))/360*$C$7*$C$5*$E$14/100) | H38: =IF(ISERROR(E38-2),"",C38+D38-F38-G38) | J38: 45950 | K38: 81.794 | N38: =IF(COUNTIF(L:L,J38)=1,J38,"") | O38: =IF(N38>$A$14,N38,"")
A39: =IF(AND(ISBLANK(P26), A38 = $P$1),NOW(),IF(ISBLANK(P26),"",P26)) | B39: =IF(COUNTIF(J:J,A39)=1,VLOOKUP(A39,J:K,2), IF(COUNTIF(J:J,A39)=0,$B$10,"")) | C39: =IF(ISERROR(B39-2),"",(B39-$B$14)/100*$B$5) | D39: =IF(ISERROR(B39-2),"",(INT(A39)-INT($A$14))/360*$B$6*$B$5-(INT(A39)-INT($A$14))/360*$B$7*$B$5*$B$14/100) | E39: =IF(COUNTIF(L:L,A39)=1,VLOOKUP(A39,L:M,2), IF(COUNTIF(L:L,A39)=0,$C$10,"")) | F39: =IF(ISERROR(E39-2), "", (E39-$E$14)/100*$C$5) | G39: =IF(ISERROR(E39-2),"",(INT(A39)-INT($A$14))/360*$C$6*$C$5-(INT(A39)-INT($A$14))/360*$C$7*$C$5*$E$14/100) | H39: =IF(ISERROR(E39-2),"",C39+D39-F39-G39) | J39: 45951 | K39: 82.1 | N39: =IF(COUNTIF(L:L,J39)=1,J39,"") | O39: =IF(N39>$A$14,N39,"")
A40: =IF(AND(ISBLANK(P27), A39 = $P$1),NOW(),IF(ISBLANK(P27),"",P27)) | B40: =IF(COUNTIF(J:J,A40)=1,VLOOKUP(A40,J:K,2), IF(COUNTIF(J:J,A40)=0,$B$10,"")) | C40: =IF(ISERROR(B40-2),"",(B40-$B$14)/100*$B$5) | D40: =IF(ISERROR(B40-2),"",(INT(A40)-INT($A$14))/360*$B$6*$B$5-(INT(A40)-INT($A$14))/360*$B$7*$B$5*$B$14/100) | E40: =IF(COUNTIF(L:L,A40)=1,VLOOKUP(A40,L:M,2), IF(COUNTIF(L:L,A40)=0,$C$10,"")) | F40: =IF(ISERROR(E40-2), "", (E40-$E$14)/100*$C$5) | G40: =IF(ISERROR(E40-2),"",(INT(A40)-INT($A$14))/360*$C$6*$C$5-(INT(A40)-INT($A$14))/360*$C$7*$C$5*$E$14/100) | H40: =IF(ISERROR(E40-2),"",C40+D40-F40-G40) | J40: 45952 | K40: 81.809 | N40: =IF(COUNTIF(L:L,J40)=1,J40,"") | O40: =IF(N40>$A$14,N40,"")
A41: =IF(AND(ISBLANK(P28), A40 = $P$1),NOW(),IF(ISBLANK(P28),"",P28)) | B41: =IF(COUNTIF(J:J,A41)=1,VLOOKUP(A41,J:K,2), IF(COUNTIF(J:J,A41)=0,$B$10,"")) | C41: =IF(ISERROR(B41-2),"",(B41-$B$14)/100*$B$5) | D41: =IF(ISERROR(B41-2),"",(INT(A41)-INT($A$14))/360*$B$6*$B$5-(INT(A41)-INT($A$14))/360*$B$7*$B$5*$B$14/100) | E41: =IF(COUNTIF(L:L,A41)=1,VLOOKUP(A41,L:M,2), IF(COUNTIF(L:L,A41)=0,$C$10,"")) | F41: =IF(ISERROR(E41-2), "", (E41-$E$14)/100*$C$5) | G41: =IF(ISERROR(E41-2),"",(INT(A41)-INT($A$14))/360*$C$6*$C$5-(INT(A41)-INT($A$14))/360*$C$7*$C$5*$E$14/100) | H41: =IF(ISERROR(E41-2),"",C41+D41-F41-G41) | J41: 45953 | K41: 81.468 | N41: =IF(COUNTIF(L:L,J41)=1,J41,"") | O41: =IF(N41>$A$14,N41,"")
A42: =IF(AND(ISBLANK(P29), A41 = $P$1),NOW(),IF(ISBLANK(P29),"",P29)) | B42: =IF(COUNTIF(J:J,A42)=1,VLOOKUP(A42,J:K,2), IF(COUNTIF(J:J,A42)=0,$B$10,"")) | C42: =IF(ISERROR(B42-2),"",(B42-$B$14)/100*$B$5) | D42: =IF(ISERROR(B42-2),"",(INT(A42)-INT($A$14))/360*$B$6*$B$5-(INT(A42)-INT($A$14))/360*$B$7*$B$5*$B$14/100) | E42: =IF(COUNTIF(L:L,A42)=1,VLOOKUP(A42,L:M,2), IF(COUNTIF(L:L,A42)=0,$C$10,"")) | F42: =IF(ISERROR(E42-2), "", (E42-$E$14)/100*$C$5) | G42: =IF(ISERROR(E42-2),"",(INT(A42)-INT($A$14))/360*$C$6*$C$5-(INT(A42)-INT($A$14))/360*$C$7*$C$5*$E$14/100) | H42: =IF(ISERROR(E42-2),"",C42+D42-F42-G42) | J42: 45954 | K42: 81.648 | N42: =IF(COUNTIF(L:L,J42)=1,J42,"") | O42: =IF(N42>$A$14,N42,"")
A43: =IF(AND(ISBLANK(P30), A42 = $P$1),NOW(),IF(ISBLANK(P30),"",P30)) | B43: =IF(COUNTIF(J:J,A43)=1,VLOOKUP(A43,J:K,2), IF(COUNTIF(J:J,A43)=0,$B$10,"")) | C43: =IF(ISERROR(B43-2),"",(B43-$B$14)/100*$B$5) | D43: =IF(ISERROR(B43-2),"",(INT(A43)-INT($A$14))/360*$B$6*$B$5-(INT(A43)-INT($A$14))/360*$B$7*$B$5*$B$14/100) | E43: =IF(COUNTIF(L:L,A43)=1,VLOOKUP(A43,L:M,2), IF(COUNTIF(L:L,A43)=0,$C$10,"")) | F43: =IF(ISERROR(E43-2), "", (E43-$E$14)/100*$C$5) | G43: =IF(ISERROR(E43-2),"",(INT(A43)-INT($A$14))/360*$C$6*$C$5-(INT(A43)-INT($A$14))/360*$C$7*$C$5*$E$14/100) | H43: =IF(ISERROR(E43-2),"",C43+D43-F43-G43) | J43: 45957 | K43: 82.033 | N43: =IF(COUNTIF(L:L,J43)=1,J43,"") | O43: =IF(N43>$A$14,N43,"")
A44: =IF(AND(ISBLANK(P31), A43 = $P$1),NOW(),IF(ISBLANK(P31),"",P31)) | B44: =IF(COUNTIF(J:J,A44)=1,VLOOKUP(A44,J:K,2), IF(COUNTIF(J:J,A44)=0,$B$10,"")) | C44: =IF(ISERROR(B44-2),"",(B44-$B$14)/100*$B$5) | D44: =IF(ISERROR(B44-2),"",(INT(A44)-INT($A$14))/360*$B$6*$B$5-(INT(A44)-INT($A$14))/360*$B$7*$B$5*$B$14/100) | E44: =IF(COUNTIF(L:L,A44)=1,VLOOKUP(A44,L:M,2), IF(COUNTIF(L:L,A44)=0,$C$10,"")) | F44: =IF(ISERROR(E44-2), "", (E44-$E$14)/100*$C$5) | G44: =IF(ISERROR(E44-2),"",(INT(A44)-INT($A$14))/360*$C$6*$C$5-(INT(A44)-INT($A$14))/360*$C$7*$C$5*$E$14/100) | H44: =IF(ISERROR(E44-2),"",C44+D44-F44-G44) | J44: 45958 | K44: 82.072 | N44: =IF(COUNTIF(L:L,J44)=1,J44,"") | O44: =IF(N44>$A$14,N44,"")
A45: =IF(AND(ISBLANK(P32), A44 = $P$1),NOW(),IF(ISBLANK(P32),"",P32)) | B45: =IF(COUNTIF(J:J,A45)=1,VLOOKUP(A45,J:K,2), IF(COUNTIF(J:J,A45)=0,$B$10,"")) | C45: =IF(ISERROR(B45-2),"",(B45-$B$14)/100*$B$5) | D45: =IF(ISERROR(B45-2),"",(INT(A45)-INT($A$14))/360*$B$6*$B$5-(INT(A45)-INT($A$14))/360*$B$7*$B$5*$B$14/100) | E45: =IF(COUNTIF(L:L,A45)=1,VLOOKUP(A45,L:M,2), IF(COUNTIF(L:L,A45)=0,$C$10,"")) | F45: =IF(ISERROR(E45-2), "", (E45-$E$14)/100*$C$5) | G45: =IF(ISERROR(E45-2),"",(INT(A45)-INT($A$14))/360*$C$6*$C$5-(INT(A45)-INT($A$14))/360*$C$7*$C$5*$E$14/100) | H45: =IF(ISERROR(E45-2),"",C45+D45-F45-G45) | J45: 45959 | K45: 81.894 | N45: =IF(COUNTIF(L:L,J45)=1,J45,"") | O45: =IF(N45>$A$14,N45,"")
A46: =IF(AND(ISBLANK(P33), A45 = $P$1),NOW(),IF(ISBLANK(P33),"",P33)) | B46: =IF(COUNTIF(J:J,A46)=1,VLOOKUP(A46,J:K,2), IF(COUNTIF(J:J,A46)=0,$B$10,"")) | C46: =IF(ISERROR(B46-2),"",(B46-$B$14)/100*$B$5) | D46: =IF(ISERROR(B46-2),"",(INT(A46)-INT($A$14))/360*$B$6*$B$5-(INT(A46)-INT($A$14))/360*$B$7*$B$5*$B$14/100) | E46: =IF(COUNTIF(L:L,A46)=1,VLOOKUP(A46,L:M,2), IF(COUNTIF(L:L,A46)=0,$C$10,"")) | F46: =IF(ISERROR(E46-2), "", (E46-$E$14)/100*$C$5) | G46: =IF(ISERROR(E46-2),"",(INT(A46)-INT($A$14))/360*$C$6*$C$5-(INT(A46)-INT($A$14))/360*$C$7*$C$5*$E$14/100) | H46: =IF(ISERROR(E46-2),"",C46+D46-F46-G46) | J46: 45960 | K46: 81.882 | N46: =IF(COUNTIF(L:L,J46)=1,J46,"") | O46: =IF(N46>$A$14,N46,"")
A47: =IF(AND(ISBLANK(P34), A46 = $P$1),NOW(),IF(ISBLANK(P34),"",P34)) | B47: =IF(COUNTIF(J:J,A47)=1,VLOOKUP(A47,J:K,2), IF(COUNTIF(J:J,A47)=0,$B$10,"")) | C47: =IF(ISERROR(B47-2),"",(B47-$B$14)/100*$B$5) | D47: =IF(ISERROR(B47-2),"",(INT(A47)-INT($A$14))/360*$B$6*$B$5-(INT(A47)-INT($A$14))/360*$B$7*$B$5*$B$14/100) | E47: =IF(COUNTIF(L:L,A47)=1,VLOOKUP(A47,L:M,2), IF(COUNTIF(L:L,A47)=0,$C$10,"")) | F47: =IF(ISERROR(E47-2), "", (E47-$E$14)/100*$C$5) | G47: =IF(ISERROR(E47-2),"",(INT(A47)-INT($A$14))/360*$C$6*$C$5-(INT(A47)-INT($A$14))/360*$C$7*$C$5*$E$14/100) | H47: =IF(ISERROR(E47-2),"",C47+D47-F47-G47) | J47: 45961 | K47: 82.001 | N47: =IF(COUNTIF(L:L,J47)=1,J47,"") | O47: =IF(N47>$A$14,N47,"")
A48: =IF(AND(ISBLANK(P35), A47 = $P$1),NOW(),IF(ISBLANK(P35),"",P35)) | B48: =IF(COUNTIF(J:J,A48)=1,VLOOKUP(A48,J:K,2), IF(COUNTIF(J:J,A48)=0,$B$10,"")) | C48: =IF(ISERROR(B48-2),"",(B48-$B$14)/100*$B$5) | D48: =IF(ISERROR(B48-2),"",(INT(A48)-INT($A$14))/360*$B$6*$B$5-(INT(A48)-INT($A$14))/360*$B$7*$B$5*$B$14/100) | E48: =IF(COUNTIF(L:L,A48)=1,VLOOKUP(A48,L:M,2), IF(COUNTIF(L:L,A48)=0,$C$10,"")) | F48: =IF(ISERROR(E48-2), "", (E48-$E$14)/100*$C$5) | G48: =IF(ISERROR(E48-2),"",(INT(A48)-INT($A$14))/360*$C$6*$C$5-(INT(A48)-INT($A$14))/360*$C$7*$C$5*$E$14/100) | H48: =IF(ISERROR(E48-2),"",C48+D48-F48-G48) | J48: 45964 | K48: 81.823 | N48: =IF(COUNTIF(L:L,J48)=1,J48,"") | O48: =IF(N48>$A$14,N48,"")
... A210: =IF(AND(ISBLANK(P197), A209 = $P$1),NOW(),IF(ISBLANK(P197),"",P197)) | B210: =IF(COUNTIF(J:J,A210)=1,VLOOKUP(A210,J:K,2), IF(COUNTIF(J:J,A210)=0,$B$10,"")) | C210: =IF(ISERROR(B210-2),"",(B210-$B$14)/100*$B$5) | D210: =IF(ISERROR(B210-2),"",(INT(A210)-INT($A$14))/360*$B$6*$B$5-(INT(A210)-INT($A$14))/360*$B$7*$B$5*$B$14/100) | E210: =IF(COUNTIF(L:L,A210)=1,VLOOKUP(A210,L:M,2), IF(COUNTIF(L:L,A210)=0,$C$10,"")) | F210: =IF(ISERROR(E210-2), "", (E210-$E$14)/100*$C$5) | G210: =IF(ISERROR(E210-2),"",(INT(A210)-INT($A$14))/360*$C$6*$C$5-(INT(A210)-INT($A$14))/360*$C$7*$C$5*$E$14/100) | H210: =IF(ISERROR(E210-2),"",C210+D210-F210-G210) | J210: 46191 | K210: 80.057 | N210: =IF(COUNTIF(L:L,J210)=1,J210,"") -> 46191 | O210: =IF(N210>$A$14,N210,"") -> 46191
A211: =IF(AND(ISBLANK(P198), A210 = $P$1),NOW(),IF(ISBLANK(P198),"",P198)) | B211: =IF(COUNTIF(J:J,A211)=1,VLOOKUP(A211,J:K,2), IF(COUNTIF(J:J,A211)=0,$B$10,"")) | C211: =IF(ISERROR(B211-2),"",(B211-$B$14)/100*$B$5) | D211: =IF(ISERROR(B211-2),"",(INT(A211)-INT($A$14))/360*$B$6*$B$5-(INT(A211)-INT($A$14))/360*$B$7*$B$5*$B$14/100) | E211: =IF(COUNTIF(L:L,A211)=1,VLOOKUP(A211,L:M,2), IF(COUNTIF(L:L,A211)=0,$C$10,"")) | F211: =IF(ISERROR(E211-2), "", (E211-$E$14)/100*$C$5) | G211: =IF(ISERROR(E211-2),"",(INT(A211)-INT($A$14))/360*$C$6*$C$5-(INT(A211)-INT($A$14))/360*$C$7*$C$5*$E$14/100) | H211: =IF(ISERROR(E211-2),"",C211+D211-F211-G211) | N211: =IF(COUNTIF(L:L,J211)=1,J211,"") | O211: =IF(N211>$A$14,N211,"")
A212: =IF(AND(ISBLANK(P199), A211 = $P$1),NOW(),IF(ISBLANK(P199),"",P199)) | B212: =IF(COUNTIF(J:J,A212)=1,VLOOKUP(A212,J:K,2), IF(COUNTIF(J:J,A212)=0,$B$10,"")) | C212: =IF(ISERROR(B212-2),"",(B212-$B$14)/100*$B$5) | D212: =IF(ISERROR(B212-2),"",(INT(A212)-INT($A$14))/360*$B$6*$B$5-(INT(A212)-INT($A$14))/360*$B$7*$B$5*$B$14/100) | E212: =IF(COUNTIF(L:L,A212)=1,VLOOKUP(A212,L:M,2), IF(COUNTIF(L:L,A212)=0,$C$10,"")) | F212: =IF(ISERROR(E212-2), "", (E212-$E$14)/100*$C$5) | G212: =IF(ISERROR(E212-2),"",(INT(A212)-INT($A$14))/360*$C$6*$C$5-(INT(A212)-INT($A$14))/360*$C$7*$C$5*$E$14/100) | H212: =IF(ISERROR(E212-2),"",C212+D212-F212-G212) | N212: =IF(COUNTIF(L:L,J212)=1,J212,"") | O212: =IF(N212>$A$14,N212,"")
A213: =IF(AND(ISBLANK(P200), A212 = $P$1),NOW(),IF(ISBLANK(P200),"",P200)) | B213: =IF(COUNTIF(J:J,A213)=1,VLOOKUP(A213,J:K,2), IF(COUNTIF(J:J,A213)=0,$B$10,"")) | C213: =IF(ISERROR(B213-2),"",(B213-$B$14)/100*$B$5) | D213: =IF(ISERROR(B213-2),"",(INT(A213)-INT($A$14))/360*$B$6*$B$5-(INT(A213)-INT($A$14))/360*$B$7*$B$5*$B$14/100) | E213: =IF(COUNTIF(L:L,A213)=1,VLOOKUP(A213,L:M,2), IF(COUNTIF(L:L,A213)=0,$C$10,"")) | F213: =IF(ISERROR(E213-2), "", (E213-$E$14)/100*$C$5) | G213: =IF(ISERROR(E213-2),"",(INT(A213)-INT($A$14))/360*$C$6*$C$5-(INT(A213)-INT($A$14))/360*$C$7*$C$5*$E$14/100) | H213: =IF(ISERROR(E213-2),"",C213+D213-F213-G213) | N213: =IF(COUNTIF(L:L,J213)=1,J213,"") | O213: =IF(N213>$A$14,N213,"")
A214: =IF(AND(ISBLANK(P201), A213 = $P$1),NOW(),IF(ISBLANK(P201),"",P201)) | B214: =IF(COUNTIF(J:J,A214)=1,VLOOKUP(A214,J:K,2), IF(COUNTIF(J:J,A214)=0,$B$10,"")) | C214: =IF(ISERROR(B214-2),"",(B214-$B$14)/100*$B$5) | D214: =IF(ISERROR(B214-2),"",(INT(A214)-INT($A$14))/360*$B$6*$B$5-(INT(A214)-INT($A$14))/360*$B$7*$B$5*$B$14/100) | E214: =IF(COUNTIF(L:L,A214)=1,VLOOKUP(A214,L:M,2), IF(COUNTIF(L:L,A214)=0,$C$10,"")) | F214: =IF(ISERROR(E214-2), "", (E214-$E$14)/100*$C$5) | G214: =IF(ISERROR(E214-2),"",(INT(A214)-INT($A$14))/360*$C$6*$C$5-(INT(A214)-INT($A$14))/360*$C$7*$C$5*$E$14/100) | H214: =IF(ISERROR(E214-2),"",C214+D214-F214-G214) | N214: =IF(COUNTIF(L:L,J214)=1,J214,"") | O214: =IF(N214>$A$14,N214,"")
A215: =IF(AND(ISBLANK(P202), A214 = $P$1),NOW(),IF(ISBLANK(P202),"",P202)) | B215: =IF(COUNTIF(J:J,A215)=1,VLOOKUP(A215,J:K,2), IF(COUNTIF(J:J,A215)=0,$B$10,"")) | C215: =IF(ISERROR(B215-2),"",(B215-$B$14)/100*$B$5) | D215: =IF(ISERROR(B215-2),"",(INT(A215)-INT($A$14))/360*$B$6*$B$5-(INT(A215)-INT($A$14))/360*$B$7*$B$5*$B$14/100) | E215: =IF(COUNTIF(L:L,A215)=1,VLOOKUP(A215,L:M,2), IF(COUNTIF(L:L,A215)=0,$C$10,"")) | F215: =IF(ISERROR(E215-2), "", (E215-$E$14)/100*$C$5) | G215: =IF(ISERROR(E215-2),"",(INT(A215)-INT($A$14))/360*$C$6*$C$5-(INT(A215)-INT($A$14))/360*$C$7*$C$5*$E$14/100) | H215: =IF(ISERROR(E215-2),"",C215+D215-F215-G215) | N215: =IF(COUNTIF(L:L,J215)=1,J215,"") | O215: =IF(N215>$A$14,N215,"")
A216: =IF(AND(ISBLANK(P203), A215 = $P$1),NOW(),IF(ISBLANK(P203),"",P203)) | B216: =IF(COUNTIF(J:J,A216)=1,VLOOKUP(A216,J:K,2), IF(COUNTIF(J:J,A216)=0,$B$10,"")) | C216: =IF(ISERROR(B216-2),"",(B216-$B$14)/100*$B$5) | D216: =IF(ISERROR(B216-2),"",(INT(A216)-INT($A$14))/360*$B$6*$B$5-(INT(A216)-INT($A$14))/360*$B$7*$B$5*$B$14/100) | E216: =IF(COUNTIF(L:L,A216)=1,VLOOKUP(A216,L:M,2), IF(COUNTIF(L:L,A216)=0,$C$10,"")) | F216: =IF(ISERROR(E216-2), "", (E216-$E$14)/100*$C$5) | G216: =IF(ISERROR(E216-2),"",(INT(A216)-INT($A$14))/360*$C$6*$C$5-(INT(A216)-INT($A$14))/360*$C$7*$C$5*$E$14/100) | H216: =IF(ISERROR(E216-2),"",C216+D216-F216-G216) | N216: =IF(COUNTIF(L:L,J216)=1,J216,"") | O216: =IF(N216>$A$14,N216,"")
A217: =IF(AND(ISBLANK(P204), A216 = $P$1),NOW(),IF(ISBLANK(P204),"",P204)) | B217: =IF(COUNTIF(J:J,A217)=1,VLOOKUP(A217,J:K,2), IF(COUNTIF(J:J,A217)=0,$B$10,"")) | C217: =IF(ISERROR(B217-2),"",(B217-$B$14)/100*$B$5) | D217: =IF(ISERROR(B217-2),"",(INT(A217)-INT($A$14))/360*$B$6*$B$5-(INT(A217)-INT($A$14))/360*$B$7*$B$5*$B$14/100) | E217: =IF(COUNTIF(L:L,A217)=1,VLOOKUP(A217,L:M,2), IF(COUNTIF(L:L,A217)=0,$C$10,"")) | F217: =IF(ISERROR(E217-2), "", (E217-$E$14)/100*$C$5) | G217: =IF(ISERROR(E217-2),"",(INT(A217)-INT($A$14))/360*$C$6*$C$5-(INT(A217)-INT($A$14))/360*$C$7*$C$5*$E$14/100) | H217: =IF(ISERROR(E217-2),"",C217+D217-F217-G217) | N217: =IF(COUNTIF(L:L,J217)=1,J217,"") | O217: =IF(N217>$A$14,N217,"")
A218: =IF(AND(ISBLANK(P205), A217 = $P$1),NOW(),IF(ISBLANK(P205),"",P205)) | B218: =IF(COUNTIF(J:J,A218)=1,VLOOKUP(A218,J:K,2), IF(COUNTIF(J:J,A218)=0,$B$10,"")) | C218: =IF(ISERROR(B218-2),"",(B218-$B$14)/100*$B$5) | D218: =IF(ISERROR(B218-2),"",(INT(A218)-INT($A$14))/360*$B$6*$B$5-(INT(A218)-INT($A$14))/360*$B$7*$B$5*$B$14/100) | E218: =IF(COUNTIF(L:L,A218)=1,VLOOKUP(A218,L:M,2), IF(COUNTIF(L:L,A218)=0,$C$10,"")) | F218: =IF(ISERROR(E218-2), "", (E218-$E$14)/100*$C$5) | G218: =IF(ISERROR(E218-2),"",(INT(A218)-INT($A$14))/360*$C$6*$C$5-(INT(A218)-INT($A$14))/360*$C$7*$C$5*$E$14/100) | H218: =IF(ISERROR(E218-2),"",C218+D218-F218-G218) | N218: =IF(COUNTIF(L:L,J218)=1,J218,"") | O218: =IF(N218>$A$14,N218,"")
A219: =IF(AND(ISBLANK(P206), A218 = $P$1),NOW(),IF(ISBLANK(P206),"",P206)) | B219: =IF(COUNTIF(J:J,A219)=1,VLOOKUP(A219,J:K,2), IF(COUNTIF(J:J,A219)=0,$B$10,"")) | C219: =IF(ISERROR(B219-2),"",(B219-$B$14)/100*$B$5) | D219: =IF(ISERROR(B219-2),"",(INT(A219)-INT($A$14))/360*$B$6*$B$5-(INT(A219)-INT($A$14))/360*$B$7*$B$5*$B$14/100) | E219: =IF(COUNTIF(L:L,A219)=1,VLOOKUP(A219,L:M,2), IF(COUNTIF(L:L,A219)=0,$C$10,"")) | F219: =IF(ISERROR(E219-2), "", (E219-$E$14)/100*$C$5) | G219: =IF(ISERROR(E219-2),"",(INT(A219)-INT($A$14))/360*$C$6*$C$5-(INT(A219)-INT($A$14))/360*$C$7*$C$5*$E$14/100) | H219: =IF(ISERROR(E219-2),"",C219+D219-F219-G219) | N219: =IF(COUNTIF(L:L,J219)=1,J219,"") | O219: =IF(N219>$A$14,N219,"")
A220: =IF(AND(ISBLANK(P207), A219 = $P$1),NOW(),IF(ISBLANK(P207),"",P207)) | B220: =IF(COUNTIF(J:J,A220)=1,VLOOKUP(A220,J:K,2), IF(COUNTIF(J:J,A220)=0,$B$10,"")) | C220: =IF(ISERROR(B220-2),"",(B220-$B$14)/100*$B$5) | D220: =IF(ISERROR(B220-2),"",(INT(A220)-INT($A$14))/360*$B$6*$B$5-(INT(A220)-INT($A$14))/360*$B$7*$B$5*$B$14/100) | E220: =IF(COUNTIF(L:L,A220)=1,VLOOKUP(A220,L:M,2), IF(COUNTIF(L:L,A220)=0,$C$10,"")) | F220: =IF(ISERROR(E220-2), "", (E220-$E$14)/100*$C$5) | G220: =IF(ISERROR(E220-2),"",(INT(A220)-INT($A$14))/360*$C$6*$C$5-(INT(A220)-INT($A$14))/360*$C$7*$C$5*$E$14/100) | H220: =IF(ISERROR(E220-2),"",C220+D220-F220-G220) | N220: =IF(COUNTIF(L:L,J220)=1,J220,"") | O220: =IF(N220>$A$14,N220,"")
A221: =IF(AND(ISBLANK(P208), A220 = $P$1),NOW(),IF(ISBLANK(P208),"",P208)) | B221: =IF(COUNTIF(J:J,A221)=1,VLOOKUP(A221,J:K,2), IF(COUNTIF(J:J,A221)=0,$B$10,"")) | C221: =IF(ISERROR(B221-2),"",(B221-$B$14)/100*$B$5) | D221: =IF(ISERROR(B221-2),"",(INT(A221)-INT($A$14))/360*$B$6*$B$5-(INT(A221)-INT($A$14))/360*$B$7*$B$5*$B$14/100) | E221: =IF(COUNTIF(L:L,A221)=1,VLOOKUP(A221,L:M,2), IF(COUNTIF(L:L,A221)=0,$C$10,"")) | F221: =IF(ISERROR(E221-2), "", (E221-$E$14)/100*$C$5) | G221: =IF(ISERROR(E221-2),"",(INT(A221)-INT($A$14))/360*$C$6*$C$5-(INT(A221)-INT($A$14))/360*$C$7*$C$5*$E$14/100) | H221: =IF(ISERROR(E221-2),"",C221+D221-F221-G221) | N221: =IF(COUNTIF(L:L,J221)=1,J221,"") | O221: =IF(N221>$A$14,N221,"")
A222: =IF(AND(ISBLANK(P209), A221 = $P$1),NOW(),IF(ISBLANK(P209),"",P209)) | B222: =IF(COUNTIF(J:J,A222)=1,VLOOKUP(A222,J:K,2), IF(COUNTIF(J:J,A222)=0,$B$10,"")) | C222: =IF(ISERROR(B222-2),"",(B222-$B$14)/100*$B$5) | D222: =IF(ISERROR(B222-2),"",(INT(A222)-INT($A$14))/360*$B$6*$B$5-(INT(A222)-INT($A$14))/360*$B$7*$B$5*$B$14/100) | E222: =IF(COUNTIF(L:L,A222)=1,VLOOKUP(A222,L:M,2), IF(COUNTIF(L:L,A222)=0,$C$10,"")) | F222: =IF(ISERROR(E222-2), "", (E222-$E$14)/100*$C$5) | G222: =IF(ISERROR(E222-2),"",(INT(A222)-INT($A$14))/360*$C$6*$C$5-(INT(A222)-INT($A$14))/360*$C$7*$C$5*$E$14/100) | H222: =IF(ISERROR(E222-2),"",C222+D222-F222-G222) | N222: =IF(COUNTIF(L:L,J222)=1,J222,"") | O222: =IF(N222>$A$14,N222,"")
... A574: =IF(AND(ISBLANK(P561), A573 = $P$1),NOW(),IF(ISBLANK(P561),"",P561)) | B574: =IF(COUNTIF(J:J,A574)=1,VLOOKUP(A574,J:K,2), IF(COUNTIF(J:J,A574)=0,$B$10,"")) | C574: =IF(ISERROR(B574-2),"",(B574-$B$14)/100*$B$5) | D574: =IF(ISERROR(B574-2),"",(INT(A574)-INT($A$14))/360*$B$6*$B$5-(INT(A574)-INT($A$14))/360*$B$7*$B$5*$B$14/100) | E574: =IF(COUNTIF(L:L,A574)=1,VLOOKUP(A574,L:M,2), IF(COUNTIF(L:L,A574)=0,$C$10,"")) | F574: =IF(ISERROR(E574-2), "", (E574-$E$14)/100*$C$5) | G574: =IF(ISERROR(E574-2),"",(INT(A574)-INT($A$14))/360*$C$6*$C$5-(INT(A574)-INT($A$14))/360*$C$7*$C$5*$E$14/100) | H574: =IF(ISERROR(E574-2),"",C574+D574-F574-G574) | N574: =IF(COUNTIF(L:L,J574)=1,J574,"") | O574: =IF(N574>$A$14,N574,"")
N575: =IF(COUNTIF(L:L,J575)=1,J575,"") | O575: =IF(N575>$A$14,N575,"")
N576: =IF(COUNTIF(L:L,J576)=1,J576,"") | O576: =IF(N576>$A$14,N576,"")
N577: =IF(COUNTIF(L:L,J577)=1,J577,"") | O577: =IF(N577>$A$14,N577,"")
N578: =IF(COUNTIF(L:L,J578)=1,J578,"") | O578: =IF(N578>$A$14,N578,"")
N579: =IF(COUNTIF(L:L,J579)=1,J579,"") | O579: =IF(N579>$A$14,N579,"")
N580: =IF(COUNTIF(L:L,J580)=1,J580,"") | O580: =IF(N580>$A$14,N580,"")
N581: =IF(COUNTIF(L:L,J581)=1,J581,"") | O581: =IF(N581>$A$14,N581,"")
N582: =IF(COUNTIF(L:L,J582)=1,J582,"") | O582: =IF(N582>$A$14,N582,"")
N583: =IF(COUNTIF(L:L,J583)=1,J583,"") | O583: =IF(N583>$A$14,N583,"")
N584: =IF(COUNTIF(L:L,J584)=1,J584,"") | O584: =IF(N584>$A$14,N584,"")
N585: =IF(COUNTIF(L:L,J585)=1,J585,"") | O585: =IF(N585>$A$14,N585,"")
N586: =IF(COUNTIF(L:L,J586)=1,J586,"") | O586: =IF(N586>$A$14,N586,"")
... N1032: =IF(COUNTIF(L:L,J1032)=1,J1032,"") | O1032: =IF(N1032>$A$14,N1032,"")

Sheet 52
B1: ERIXITSU Index | O1: {=LOOKUP(2,1/(O:O<>""),O:O)} -> 46191.625 | P1: Expiry | Q1: 48001 | AC1: Last ER Date = | AD1: {=LOOKUP(2,1/(AB:AB<>""),AB:AB)} -> 46190
B2: Short Risk | C2: Long Risk | J2: Short Risk | K2: Long Risk | O2: {=_xlfn._xlws.SORT(_xlfn.UNIQUE(_xlfn._xlws.FILTER(N:N, ISNUMBER(N:N))))} -> 46177.625 | P2: Start Date | Q2: =K3 -> 46146.625 | AC2: Last CDX = | AD2: =VLOOKUP(AD1,Z:AA,2) -> 88.237
A3: Name= | B3: SUBFIN | C3: EUR GS 1% 32-33 | J3: {=_xll.avmDates(Q2,Q3,"EUR")} -> 46192.625 | K3: {=_xll.BDH(C4, "LAST_PRICE", "05/01/2026 15:00:00", "01/01/2035 17:00:00", "BarSize=120", "BarType=T", "RecurDaily=True", "TZ=London")} -> 46146.625 | L3: 83.719 | M3: =IF(COUNTIF(K:K,J3),J3,"") | N3: =IF(M3>$A$14,M3,"") | O3: 46178.625 | P3: End Date | Q3: =INT(TODAY()+1) + TIME(15,0,0) -> 46192.625 | X3: {=_xll.BDH(B1, "LAST_PRICE", "03/01/2026","")} -> 46083 | Y3: 163.0522 | Z3: {=_xll.BDH(B4, "LAST_PRICE", "03/01/2026", "")} -> 46083 | AA3: 101.932 | AB3: =IF(COUNTIF(Z:Z,X3),X3,"") -> 46083 | AC3: Last ER = | AD3: =VLOOKUP(AD1,X:Y,2) -> 165.6306
A4: BBG Ticker= | B4: SUBFIN CDSI GEN 5Y CORP | C4: XS2322254249@BGN Govt | J4: 46191.625 | K4: 46147.625 | L4: 83.953 | M4: =IF(COUNTIF(K:K,J4),J4,"") -> 46191.625 | N4: =IF(M4>$A$14,M4,"") -> 46191.625 | O4: 46181.625 | P4: Ticker | Q4: HSBC | X4: 46084 | Y4: 162.7362 | Z4: 46084 | AA4: 105.942 | AB4: =IF(COUNTIF(Z:Z,X4),X4,"") -> 46084 | AC4: Carry Days = | AD4: =INT(NOW())-INT(AD1) -> 1
A5: Not'l= | B5: =26*10^6 -> 26000000 | C5: =25*10^6 -> 25000000 | J5: 46190.625 | K5: 46148.625 | L5: 84.501 | M5: =IF(COUNTIF(K:K,J5),J5,"") -> 46190.625 | N5: =IF(M5>$A$14,M5,"") -> 46190.625 | O5: 46182.625 | P5: Ccy | Q5: EUR | X5: 46085 | Y5: 163.1687 | Z5: 46085 | AA5: 100.939 | AB5: =IF(COUNTIF(Z:Z,X5),X5,"") -> 46085
A6: Carry= | B6: 0.01 | C6: 0.01 | J6: 46189.625 | K6: 46149.625 | L6: 84.384 | M6: =IF(COUNTIF(K:K,J6),J6,"") -> 46189.625 | N6: =IF(M6>$A$14,M6,"") -> 46189.625 | O6: 46183.625 | P6: Tier | Q6: SNRFOR | X6: 46086 | Y6: 162.8128 | Z6: 46086 | AA6: 105.789 | AB6: =IF(COUNTIF(Z:Z,X6),X6,"") -> 46086
A7: Financing Rate= | B7: 0 | C7: 0.02299 | J7: 46188.625 | K7: 46150.625 | L7: 84.33 | M7: =IF(COUNTIF(K:K,J7),J7,"") -> 46188.625 | N7: =IF(M7>$A$14,M7,"") -> 46188.625 | O7: 46184.625 | P7: Doc | Q7: MM14 | X7: 46087 | Y7: 162.4176 | Z7: 46087 | AA7: 111.48 | AB7: =IF(COUNTIF(Z:Z,X7),X7,"") -> 46087
A8: Initial Duration= | B8: 4.659 | J8: 46185.625 | K8: 46153.625 | L8: 84.144 | M8: =IF(COUNTIF(K:K,J8),J8,"") -> 46185.625 | N8: =IF(M8>$A$14,M8,"") -> 46185.625 | O8: 46185.625 | X8: 46090 | Y8: 162.4972 | Z8: 46090 | AA8: 110.625 | AB8: =IF(COUNTIF(Z:Z,X8),X8,"") -> 46090
A9: Live BBG PX= | B9: {=_xll.BDP(B4,"PX_LAST")} -> 88.30507 | C9: {=_xll.BDP(C4,"PX_LAST")} -> 84.685 | J9: 46184.625 | K9: 46154.625 | L9: 83.761 | M9: =IF(COUNTIF(K:K,J9),J9,"") -> 46184.625 | N9: =IF(M9>$A$14,M9,"") -> 46184.625 | O9: 46188.625 | X9: 46091 | Y9: 163.0507 | Z9: 46091 | AA9: 102.888 | AB9: =IF(COUNTIF(Z:Z,X9),X9,"") -> 46091
A10: Live ER = | B10: =AD3*(1-(B9-AD2)*B8*10^-4+B6*AD4/360) -> 165.62995 | J10: 46183.625 | K10: 46155.625 | L10: 83.805 | M10: =IF(COUNTIF(K:K,J10),J10,"") -> 46183.625 | N10: =IF(M10>$A$14,M10,"") -> 46183.625 | O10: 46189.625 | X10: 46092 | Y10: 162.6857 | Z10: 46092 | AA10: 108.107 | AB10: =IF(COUNTIF(Z:Z,X10),X10,"") -> 46092
J11: 46182.625 | K11: 46156.625 | L11: 84.148 | M11: =IF(COUNTIF(K:K,J11),J11,"") -> 46182.625 | N11: =IF(M11>$A$14,M11,"") -> 46182.625 | O11: 46190.625 | X11: 46093 | Y11: 162.3456 | Z11: 46093 | AA11: 113.35 | AB11: =IF(COUNTIF(Z:Z,X11),X11,"") -> 46093
