Workbook

Sheet Dividends
A1: DIVIDEND HISTORY (live BDS — Bloomberg, Ex-Date + Amount)
A3: EMB | D3: VCIT | G3: IHYG
A4: EMB US EQUITY | D4: VCIT US EQUITY | G4: IHYG LN EQUITY
A5: Ex-Date | B5: Amount | D5: Ex-Date | E5: Amount | G5: Ex-Date | H5: Amount
A6: {=_xlfn.CHOOSECOLS(_xll.BDS($A$4,"DVD_HIST_ALL","DVD_START_DT=20240101","DVD_END_DT=20351231","HEADERS=N"),2,5)} -> 46174 | B6: 0.407041 | D6: {=_xlfn.CHOOSECOLS(_xll.BDS($D$4,"DVD_HIST_ALL","DVD_START_DT=20240101","DVD_END_DT=20351231","HEADERS=N"),2,5)} -> 46174 | E6: 0.3412 | G6: {=_xlfn.CHOOSECOLS(_xll.BDS($G$4,"DVD_HIST_ALL","DVD_START_DT=20240101","DVD_END_DT=20351231","HEADERS=N"),2,5)} -> 46191 | H6: 1.1646
A7: 46143 | B7: 0.410076 | D7: 46143 | E7: 0.3262 | G7: 46100 | H7: 2.3303
A8: 46113 | B8: 0.455397 | D8: 46113 | E8: 0.3438 | G8: 45911 | H8: 2.4173
A9: 46083 | B9: 0.402963 | D9: 46083 | E9: 0.3026 | G9: 45729 | H9: 2.6722
A10: 46055 | B10: 0.41458 | D10: 46055 | E10: 0.33 | G10: 45547 | H10: 2.8229
A11: 46010 | B11: 0.382893 | D11: 46009 | E11: 0.3358 | G11: 45365 | H11: 2.9
A12: 45992 | B12: 0.372202 | D12: 45992 | E12: 0.3223
A13: 45964 | B13: 0.417558 | D13: 45964 | E13: 0.334
A14: 45931 | B14: 0.392529 | D14: 45931 | E14: 0.326
A15: 45902 | B15: 0.401921 | D15: 45902 | E15: 0.3279
A16: 45870 | B16: 0.411035 | D16: 45870 | E16: 0.3408
A17: 45839 | B17: 0.379909 | D17: 45839 | E17: 0.3207
A18: 45810 | B18: 0.405383 | D18: 45810 | E18: 0.328
A19: 45778 | B19: 0.402288 | D19: 45778 | E19: 0.3151
A20: 45748 | B20: 0.399904 | D20: 45748 | E20: 0.3189
A21: 45719 | B21: 0.385564 | D21: 45719 | E21: 0.2865
A22: 45691 | B22: 0.440929 | D22: 45691 | E22: 0.3129
A23: 45656 | B23: 0.254515 | D23: 45650 | E23: 0.3119
... A34: 45352 | B34: 0.385713 | D34: 45323 | E34: 0.281
A35: 45323 | B35: 0.367262

Sheet 13a
D1: ERIXITXO INDEX | W1: {=LOOKUP(2,1/(W:W<>""),W:W)} -> 46190.625 | AE1: Last ER Date = | AF1: {=LOOKUP(2,1/(AD:AD<>""),AD:AD)} -> 46198
B2: Long Risk | C2: Short Risk | D2: Short Risk | G2: Value of 1pt | H2: Single Contract Notional at Start | I2: # of contracts | O2: Long Risk | Q2: Short Risk | S2: Short Risk | W2: {=_xlfn._xlws.SORT(_xlfn.UNIQUE(_xlfn._xlws.FILTER(V:V, ISNUMBER(V:V))))} -> 46094.625 | AE2: Last CDX = | AF2: =VLOOKUP(AF1,AB:AC,2) -> 247.307
A3: Name= | B3: EUR HY Fut | C3: OBL 2.4% 10/28 | D3: Xover S44 | F3: Eur HY Fut= | G3: 200 | H3: =200*B14 -> 62752 | I3: =INT(B5/H3) -> 478 | O3: {=_xll.BDH(B4, "LAST_PRICE", "01/26/2026 15:00:00", "01/26/2035 16:00:00", "BarSize=60", "BarType=T", "RecurDaily=True", "TZ=London")} -> 46094.625 | P3: 306.42 | Q3: {=_xll.BDH(C4, "LAST_PRICE", "01/26/2026 15:00:00", "01/01/2035 16:00:00", "BarSize=60", "BarType=T", "RecurDaily=True", "TZ=London")} -> 46048.625 | R3: 100.566 | S3: {=_xll.BDH(D4, "LAST_PRICE", "01/26/2026 15:00:00", "01/01/2035 16:00:00", "BarSize=60", "BarType=T", "RecurDaily=True", "TZ=London")} -> 46048.625 | T3: 242.329 | U3: =IF(COUNTIF(Q:Q,O3)*COUNTIF(S:S,O3),O3,"") -> 46094.625 | V3: =IF(U3>$A$14,U3,"") -> 46094.625 | W3: 46097.625 | Z3: {=_xll.BDH(D1, "LAST_PRICE", "05/01/2025","")} -> 45778 | AA3: 231.3922 | AB3: {=_xll.BDH(D4, "LAST_PRICE", "05/01/2025", "")} -> 45778 | AC3: 343.699 | AD3: =IF(COUNTIF(AB:AB,Z3),Z3,"") -> 45778 | AE3: Last ER = | AF3: =VLOOKUP(AF1,Z:AA,2) -> 255.5413
A4: BBG Ticker= | B4: AHWM6 Index | C4: ZK885444@BGN Corp | D4: ITRX XOVER CDSI GEN 5Y CORP | O4: 46097.625 | P4: 306.38 | Q4: 46049.625 | R4: 100.59 | S4: 46049.625 | T4: 241.372 | U4: =IF(COUNTIF(Q:Q,O4)*COUNTIF(S:S,O4),O4,"") -> 46097.625 | V4: =IF(U4>$A$14,U4,"") -> 46097.625 | W4: 46098.625 | X4: {=_xll.BDH("ERIXILXO Index", "PX_LAST", "01/22/2026", "")} -> 46044 | Y4: 264.1611 | Z4: 45779 | AA4: 232.4699 | AB4: 45779 | AC4: 333.964 | AD4: =IF(COUNTIF(AB:AB,Z4),Z4,"") -> 45779 | AE4: Carry Days = | AF4: =INT(NOW())-INT(AF1) -> 0
A5: Not'l= | B5: =30*10^6 -> 30000000 | C5: =26*10^6 -> 26000000 | D5: =18.7*10^6 -> 18700000 | O5: 46098.625 | P5: 307.76 | Q5: 46050.625 | R5: 100.65 | S5: 46050.625 | T5: 244.391 | U5: =IF(COUNTIF(Q:Q,O5)*COUNTIF(S:S,O5),O5,"") -> 46098.625 | V5: =IF(U5>$A$14,U5,"") -> 46098.625 | W5: 46099.625 | X5: 46045 | Y5: 263.9462 | Z5: 45783 | AA5: 232.7954 | AB5: 45783 | AC5: 331.257 | AD5: =IF(COUNTIF(AB:AB,Z5),Z5,"") -> 45783
A6: Carry= | B6: 0 | C6: 0.024 | D6: 0.05 | O6: 46099.625 | P6: 307.34 | Q6: 46051.625 | R6: 100.706 | S6: 46051.625 | T6: 249.25 | U6: =IF(COUNTIF(Q:Q,O6)*COUNTIF(S:S,O6),O6,"") -> 46099.625 | V6: =IF(U6>$A$14,U6,"") -> 46099.625 | W6: 46100.625 | X6: 46048 | Y6: 264.0295 | Z6: 45784 | AA6: 232.8287 | AB6: 45784 | AC6: 330.319 | AD6: =IF(COUNTIF(AB:AB,Z6),Z6,"") -> 45784
A7: Financing Rate= | B7: 0 | C7: {=_xll.BDP("EURR002W INDEX","PX_LAST")/100} -> 0.024 | D7: 0 | O7: 46100.625 | P7: 306.06 | Q7: 46052.625 | R7: 100.675 | S7: 46052.625 | T7: 246.12 | U7: =IF(COUNTIF(Q:Q,O7)*COUNTIF(S:S,O7),O7,"") -> 46100.625 | V7: =IF(U7>$A$14,U7,"") -> 46100.625 | W7: 46101.625 | X7: 46049 | Y7: 264.1769 | Z7: 45785 | AA7: 233.9237 | AB7: 45785 | AC7: 319.942 | AD7: =IF(COUNTIF(AB:AB,Z7),Z7,"") -> 45785
A8: Initial Duration= | B8: - | C8: - | D8: 4.859 | O8: 46101.625 | P8: 304.02 | Q8: 46055.625 | R8: 100.607 | S8: 46055.625 | T8: 243.642 | U8: =IF(COUNTIF(Q:Q,O8)*COUNTIF(S:S,O8),O8,"") -> 46101.625 | V8: =IF(U8>$A$14,U8,"") -> 46101.625 | W8: 46104.625 | X8: 46050 | Y8: 263.7748 | Z8: 45786 | AA8: 233.9268 | AB8: 45786 | AC8: 320.065 | AD8: =IF(COUNTIF(AB:AB,Z8),Z8,"") -> 45786
A9: Live PX= | B9: {=_xll.BDP(B4,"PX_LAST")} -> 313.66 | C9: {=_xll.BDP(C4,"PX_LAST")} -> 99.747 | D9: {=_xll.BDP(D4,"PX_LAST")} -> 247.3067 | O9: 46104.625 | P9: 305 | Q9: 46056.625 | R9: 100.576 | S9: 46056.625 | T9: 243.64 | U9: =IF(COUNTIF(Q:Q,O9)*COUNTIF(S:S,O9),O9,"") -> 46104.625 | V9: =IF(U9>$A$14,U9,"") -> 46104.625 | W9: 46105.625 | X9: 46051 | Y9: 263.4651 | Z9: 45789 | AA9: 235.5827 | AB9: 45789 | AC9: 306.82 | AD9: =IF(COUNTIF(AB:AB,Z9),Z9,"") -> 45789
A10: Live ER = | O10: 46105.625 | P10: 304.52 | Q10: 46057.625 | R10: 100.637 | S10: 46057.625 | T10: 244.557 | U10: =IF(COUNTIF(Q:Q,O10)*COUNTIF(S:S,O10),O10,"") -> 46105.625 | V10: =IF(U10>$A$14,U10,"") -> 46105.625 | W10: 46106.625 | X10: 46052 | Y10: 263.6153 | Z10: 45790 | AA10: 236.7813 | AB10: 45790 | AC10: 295.552 | AD10: =IF(COUNTIF(AB:AB,Z10),Z10,"") -> 45790
O11: 46106.625 | P11: 306.12 | Q11: 46058.625 | R11: 100.67 | S11: 46058.625 | T11: 249.851 | U11: =IF(COUNTIF(Q:Q,O11)*COUNTIF(S:S,O11),O11,"") -> 46106.625 | V11: =IF(U11>$A$14,U11,"") -> 46106.625 | W11: 46107.625 | X11: 46055 | Y11: 264.1297 | Z11: 45791 | AA11: 236.4158 | AB11: 45791 | AC11: 299.078 | AD11: =IF(COUNTIF(AB:AB,Z11),Z11,"") -> 45791
A12: Date | B12: Long Risk | E12: Short Risk | H12: Short Risk | L12: IHYG Dvd | M12: Net P/L | O12: 46107.625 | P12: 304.82 | Q12: 46059.625 | R12: 100.67 | S12: 46059.625 | T12: 244.11 | U12: =IF(COUNTIF(Q:Q,O12)*COUNTIF(S:S,O12),O12,"") -> 46107.625 | V12: =IF(U12>$A$14,U12,"") -> 46107.625 | W12: 46108.625 | X12: 46056 | Y12: 264 | Z12: 45792 | AA12: 236.2761 | AB12: 45792 | AC12: 300.107 | AD12: =IF(COUNTIF(AB:AB,Z12),Z12,"") -> 45792
B13: Price | C13: Price P/L | D13: Carry P/L | E13: Price | F13: Price P/L | G13: Carry P/L | H13: Sprd | I13: Index | J13: Adj. Index | K13: P/L | O13: 46108.625 | P13: 303.5 | Q13: 46062.625 | R13: 100.702 | S13: 46062.625 | T13: 241.44 | U13: =IF(COUNTIF(Q:Q,O13)*COUNTIF(S:S,O13),O13,"") -> 46108.625 | V13: =IF(U13>$A$14,U13,"") -> 46108.625 | W13: 46111.625 | X13: 46057 | Y13: 263.8195 | Z13: 45793 | AA13: 236.2916 | AB13: 45793 | AC13: 301.295 | AD13: =IF(COUNTIF(AB:AB,Z13),Z13,"") -> 45793
A14: 46049.625 | B14: 313.76 | E14: =IF(COUNTIF($W$2:W999,A14)=1,VLOOKUP(A14,Q:R,2), IF(COUNTIF($W$2:W999,A14)=0,$C$9,"")) -> 99.747 | H14: 241.372 | I14: 264.18 | J14: =IF(ISERROR(H14-2),"",I14) -> 264.18 | M14: 0 | O14: 46111.625 | P14: 302.92 | Q14: 46063.625 | R14: 100.736 | S14: 46063.625 | T14: 241.986 | U14: =IF(COUNTIF(Q:Q,O14)*COUNTIF(S:S,O14),O14,"") -> 46111.625 | V14: =IF(U14>$A$14,U14,"") -> 46111.625 | W14: 46112.625 | X14: 46058 | Y14: 263.5473 | Z14: 45796 | AA14: 236.3481 | AB14: 45796 | AC14: 299.938 | AD14: =IF(COUNTIF(AB:AB,Z14),Z14,"") -> 45796
A15: =IF(AND(ISBLANK(W4), A14 = $W$1),NOW(),IF(ISBLANK(W4),"",W4)) -> 46098.625 | B15: =IF(COUNTIF($W$2:W1000,A15)=1,VLOOKUP(A15,O:P,2), IF(COUNTIF($W$2:W1000,A15)=0,$B$9,"")) -> 307.76 | C15: =IF(ISERROR(B15-2),"",(B15-$B$14)*$G$3*$I$3) -> -573600 | E15: =IF(COUNTIF($W$2:W1000,A15)=1,VLOOKUP(A15,Q:R,2), IF(COUNTIF($W$2:W1000,A15)=0,$C$9,"")) -> 99.993 | F15: =IF(ISERROR(B15-2),"",(E15-$E$14)/100*$C$5) -> 63960 | G15: =IF(ISERROR(B15-2),"",(INT(A15)-INT($A$14))/360*$C$6*$C$5-(INT(A15)-INT($A$14))/360*$C$7*$C$5*$E$14/100) -> 214.88133 | H15: =IF(COUNTIF($W$2:W1000,A15)=1,VLOOKUP(A15,S:T,2), IF(COUNTIF($W$2:W1000,A15)=0,$D$9,"")) -> 294.984 | I15: =IF(COUNTIF($X$2:X1000,INT(A15))=1,VLOOKUP(INT(A15),X:Y,2), IF(ISERROR(H15-2),"",I14*(1-$D$8*(H15-H14)*0.0001))) -> 258.8311 | J15: =IF(ISERROR(H15-2),"",I15) -> 258.8311 | K15: =IF(ISERROR(H15-2),"",(J15/$J$14-1)*$D$5) -> -378622.27 | M15: =IF(ISERROR(B15-2),"",C15+D15-F15-G15-K15+SUM($L$14:L15)) -> -259152.62 | O15: 46112.625 | P15: 304.16 | Q15: 46064.625 | R15: 100.73 | S15: 46064.625 | T15: 242.796 | U15: =IF(COUNTIF(Q:Q,O15)*COUNTIF(S:S,O15),O15,"") -> 46112.625 | V15: =IF(U15>$A$14,U15,"") -> 46112.625 | W15: 46113.625 | X15: 46059 | Y15: 264.1749 | Z15: 45797 | AA15: 236.8784 | AB15: 45797 | AC15: 295.737 | AD15: =IF(COUNTIF(AB:AB,Z15),Z15,"") -> 45797
A16: =IF(AND(ISBLANK(W5), A15 = $W$1),NOW(),IF(ISBLANK(W5),"",W5)) -> 46099.625 | B16: =IF(COUNTIF($W$2:W1001,A16)=1,VLOOKUP(A16,O:P,2), IF(COUNTIF($W$2:W1001,A16)=0,$B$9,"")) -> 307.34 | C16: =IF(ISERROR(B16-2),"",(B16-$B$14)*$G$3*$I$3) -> -613752 | E16: =IF(COUNTIF($W$2:W1001,A16)=1,VLOOKUP(A16,Q:R,2), IF(COUNTIF($W$2:W1001,A16)=0,$C$9,"")) -> 99.842 | F16: =IF(ISERROR(B16-2),"",(E16-$E$14)/100*$C$5) -> 24700 | G16: =IF(ISERROR(B16-2),"",(INT(A16)-INT($A$14))/360*$C$6*$C$5-(INT(A16)-INT($A$14))/360*$C$7*$C$5*$E$14/100) -> 219.26667 | H16: =IF(COUNTIF($W$2:W1001,A16)=1,VLOOKUP(A16,S:T,2), IF(COUNTIF($W$2:W1001,A16)=0,$D$9,"")) -> 298.827 | I16: =IF(COUNTIF($X$2:X1001,INT(A16))=1,VLOOKUP(INT(A16),X:Y,2), IF(ISERROR(H16-2),"",I15*(1-$D$8*(H16-H15)*0.0001))) -> 258.3931 | J16: =IF(ISERROR(H16-2),"",I16) -> 258.3931 | K16: =IF(ISERROR(H16-2),"",(J16/$J$14-1)*$D$5) -> -409626.13 | M16: =IF(ISERROR(B16-2),"",C16+D16-F16-G16-K16+SUM($L$14:L16)) -> -229045.14 | O16: 46113.625 | P16: 306.24 | Q16: 46065.625 | R16: 100.751 | S16: 46065.625 | T16: 244.618 | U16: =IF(COUNTIF(Q:Q,O16)*COUNTIF(S:S,O16),O16,"") -> 46113.625 | V16: =IF(U16>$A$14,U16,"") -> 46113.625 | W16: 46114.625 | X16: 46062 | Y16: 264.5603 | Z16: 45798 | AA16: 236.6263 | AB16: 45798 | AC16: 298.613 | AD16: =IF(COUNTIF(AB:AB,Z16),Z16,"") -> 45798
A17: =IF(AND(ISBLANK(W6), A16 = $W$1),NOW(),IF(ISBLANK(W6),"",W6)) -> 46100.625 | B17: =IF(COUNTIF($W$2:W1002,A17)=1,VLOOKUP(A17,O:P,2), IF(COUNTIF($W$2:W1002,A17)=0,$B$9,"")) -> 306.06 | C17: =IF(ISERROR(B17-2),"",(B17-$B$14)*$G$3*$I$3) -> -736120 | E17: =IF(COUNTIF($W$2:W1002,A17)=1,VLOOKUP(A17,Q:R,2), IF(COUNTIF($W$2:W1002,A17)=0,$C$9,"")) -> 99.639 | F17: =IF(ISERROR(B17-2),"",(E17-$E$14)/100*$C$5) -> -28080 | G17: =IF(ISERROR(B17-2),"",(INT(A17)-INT($A$14))/360*$C$6*$C$5-(INT(A17)-INT($A$14))/360*$C$7*$C$5*$E$14/100) -> 223.652 | H17: =IF(COUNTIF($W$2:W1002,A17)=1,VLOOKUP(A17,S:T,2), IF(COUNTIF($W$2:W1002,A17)=0,$D$9,"")) -> 309.039 | I17: =IF(COUNTIF($X$2:X1002,INT(A17))=1,VLOOKUP(INT(A17),X:Y,2), IF(ISERROR(H17-2),"",I16*(1-$D$8*(H17-H16)*0.0001))) -> 257.0634 | J17: =IF(ISERROR(H17-2),"",I17) -> 257.0634 | K17: =IF(ISERROR(H17-2),"",(J17/$J$14-1)*$D$5) -> -503749.03 | M17: =IF(ISERROR(B17-2),"",C17+D17-F17-G17-K17+SUM($L$14:L17)) -> -204514.62 | O17: 46114.625 | P17: 306.5 | Q17: 46066.625 | R17: 100.819 | S17: 46066.625 | T17: 247.573 | U17: =IF(COUNTIF(Q:Q,O17)*COUNTIF(S:S,O17),O17,"") -> 46114.625 | V17: =IF(U17>$A$14,U17,"") -> 46114.625 | W17: 46119.625 | X17: 46063 | Y17: 264.468 | Z17: 45799 | AA17: 236.1527 | AB17: 45799 | AC17: 302.621 | AD17: =IF(COUNTIF(AB:AB,Z17),Z17,"") -> 45799
A18: =IF(AND(ISBLANK(W7), A17 = $W$1),NOW(),IF(ISBLANK(W7),"",W7)) -> 46101.625 | B18: =IF(COUNTIF($W$2:W1003,A18)=1,VLOOKUP(A18,O:P,2), IF(COUNTIF($W$2:W1003,A18)=0,$B$9,"")) -> 304.02 | C18: =IF(ISERROR(B18-2),"",(B18-$B$14)*$G$3*$I$3) -> -931144 | E18: =IF(COUNTIF($W$2:W1003,A18)=1,VLOOKUP(A18,Q:R,2), IF(COUNTIF($W$2:W1003,A18)=0,$C$9,"")) -> 99.41 | F18: =IF(ISERROR(B18-2),"",(E18-$E$14)/100*$C$5) -> -87620 | G18: =IF(ISERROR(B18-2),"",(INT(A18)-INT($A$14))/360*$C$6*$C$5-(INT(A18)-INT($A$14))/360*$C$7*$C$5*$E$14/100) -> 228.03733 | H18: =IF(COUNTIF($W$2:W1003,A18)=1,VLOOKUP(A18,S:T,2), IF(COUNTIF($W$2:W1003,A18)=0,$D$9,"")) -> 350.866 | I18: =IF(COUNTIF($X$2:X1003,INT(A18))=1,VLOOKUP(INT(A18),X:Y,2), IF(ISERROR(H18-2),"",I17*(1-$D$8*(H18-H17)*0.0001))) -> 255.8712 | J18: =IF(ISERROR(H18-2),"",I18) -> 255.8712 | K18: =IF(ISERROR(H18-2),"",(J18/$J$14-1)*$D$5) -> -588139 | M18: =IF(ISERROR(B18-2),"",C18+D18-F18-G18-K18+SUM($L$14:L18)) -> -255613.04 | O18: 46119.625 | P18: 305.86 | Q18: 46069.625 | R18: 100.827 | S18: 46069.625 | T18: 248.949 | U18: =IF(COUNTIF(Q:Q,O18)*COUNTIF(S:S,O18),O18,"") -> 46119.625 | V18: =IF(U18>$A$14,U18,"") -> 46119.625 | W18: 46120.625 | X18: 46064 | Y18: 264.3549 | Z18: 45800 | AA18: 234.8886 | AB18: 45800 | AC18: 315.955 | AD18: =IF(COUNTIF(AB:AB,Z18),Z18,"") -> 45800
A19: =IF(AND(ISBLANK(W8), A18 = $W$1),NOW(),IF(ISBLANK(W8),"",W8)) -> 46104.625 | B19: =IF(COUNTIF($W$2:W1004,A19)=1,VLOOKUP(A19,O:P,2), IF(COUNTIF($W$2:W1004,A19)=0,$B$9,"")) -> 305 | C19: =IF(ISERROR(B19-2),"",(B19-$B$14)*$G$3*$I$3) -> -837456 | E19: =IF(COUNTIF($W$2:W1004,A19)=1,VLOOKUP(A19,Q:R,2), IF(COUNTIF($W$2:W1004,A19)=0,$C$9,"")) -> 99.53 | F19: =IF(ISERROR(B19-2),"",(E19-$E$14)/100*$C$5) -> -56420 | G19: =IF(ISERROR(B19-2),"",(INT(A19)-INT($A$14))/360*$C$6*$C$5-(INT(A19)-INT($A$14))/360*$C$7*$C$5*$E$14/100) -> 241.19333 | H19: =IF(COUNTIF($W$2:W1004,A19)=1,VLOOKUP(A19,S:T,2), IF(COUNTIF($W$2:W1004,A19)=0,$D$9,"")) -> 341.823 | I19: =IF(COUNTIF($X$2:X1004,INT(A19))=1,VLOOKUP(INT(A19),X:Y,2), IF(ISERROR(H19-2),"",I18*(1-$D$8*(H19-H18)*0.0001))) -> 256.7421 | J19: =IF(ISERROR(H19-2),"",I19) -> 256.7421 | K19: =IF(ISERROR(H19-2),"",(J19/$J$14-1)*$D$5) -> -526492.28 | M19: =IF(ISERROR(B19-2),"",C19+D19-F19-G19-K19+SUM($L$14:L19)) -> -254784.92 | O19: 46120.625 | P19: 309.58 | Q19: 46070.625 | R19: 100.844 | S19: 46070.625 | T19: 252.082 | U19: =IF(COUNTIF(Q:Q,O19)*COUNTIF(S:S,O19),O19,"") -> 46120.625 | V19: =IF(U19>$A$14,U19,"") -> 46120.625 | W19: 46122.625 | X19: 46065 | Y19: 264.0449 | Z19: 45804 | AA19: 236.6034 | AB19: 45804 | AC19: 300.109 | AD19: =IF(COUNTIF(AB:AB,Z19),Z19,"") -> 45804
A20: =IF(AND(ISBLANK(W9), A19 = $W$1),NOW(),IF(ISBLANK(W9),"",W9)) -> 46105.625 | B20: =IF(COUNTIF($W$2:W1005,A20)=1,VLOOKUP(A20,O:P,2), IF(COUNTIF($W$2:W1005,A20)=0,$B$9,"")) -> 304.52 | C20: =IF(ISERROR(B20-2),"",(B20-$B$14)*$G$3*$I$3) -> -883344 | E20: =IF(COUNTIF($W$2:W1005,A20)=1,VLOOKUP(A20,Q:R,2), IF(COUNTIF($W$2:W1005,A20)=0,$C$9,"")) -> 99.401 | F20: =IF(ISERROR(B20-2),"",(E20-$E$14)/100*$C$5) -> -89960 | G20: =IF(ISERROR(B20-2),"",(INT(A20)-INT($A$14))/360*$C$6*$C$5-(INT(A20)-INT($A$14))/360*$C$7*$C$5*$E$14/100) -> 245.57867 | H20: =IF(COUNTIF($W$2:W1005,A20)=1,VLOOKUP(A20,S:T,2), IF(COUNTIF($W$2:W1005,A20)=0,$D$9,"")) -> 342.434 | I20: =IF(COUNTIF($X$2:X1005,INT(A20))=1,VLOOKUP(INT(A20),X:Y,2), IF(ISERROR(H20-2),"",I19*(1-$D$8*(H20-H19)*0.0001))) -> 256.9957 | J20: =IF(ISERROR(H20-2),"",I20) -> 256.9957 | K20: =IF(ISERROR(H20-2),"",(J20/$J$14-1)*$D$5) -> -508541.18 | M20: =IF(ISERROR(B20-2),"",C20+D20-F20-G20-K20+SUM($L$14:L20)) -> -285088.39 | O20: 46122.625 | P20: 309.46 | Q20: 46071.625 | R20: 100.795 | S20: 46071.625 | T20: 245.436 | U20: =IF(COUNTIF(Q:Q,O20)*COUNTIF(S:S,O20),O20,"") -> 46122.625 | V20: =IF(U20>$A$14,U20,"") -> 46122.625 | W20: 46126.625 | X20: 46066 | Y20: 263.8886 | Z20: 45805 | AA20: 236.6898 | AB20: 45805 | AC20: 300.604 | AD20: =IF(COUNTIF(AB:AB,Z20),Z20,"") -> 45805
A21: =IF(AND(ISBLANK(W10), A20 = $W$1),NOW(),IF(ISBLANK(W10),"",W10)) -> 46106.625 | B21: =IF(COUNTIF($W$2:W1006,A21)=1,VLOOKUP(A21,O:P,2), IF(COUNTIF($W$2:W1006,A21)=0,$B$9,"")) -> 306.12 | C21: =IF(ISERROR(B21-2),"",(B21-$B$14)*$G$3*$I$3) -> -730384 | E21: =IF(COUNTIF($W$2:W1006,A21)=1,VLOOKUP(A21,Q:R,2), IF(COUNTIF($W$2:W1006,A21)=0,$C$9,"")) -> 99.501 | F21: =IF(ISERROR(B21-2),"",(E21-$E$14)/100*$C$5) -> -63960 | G21: =IF(ISERROR(B21-2),"",(INT(A21)-INT($A$14))/360*$C$6*$C$5-(INT(A21)-INT($A$14))/360*$C$7*$C$5*$E$14/100) -> 249.964 | H21: =IF(COUNTIF($W$2:W1006,A21)=1,VLOOKUP(A21,S:T,2), IF(COUNTIF($W$2:W1006,A21)=0,$D$9,"")) -> 334.504 | I21: =IF(COUNTIF($X$2:X1006,INT(A21))=1,VLOOKUP(INT(A21),X:Y,2), IF(ISERROR(H21-2),"",I20*(1-$D$8*(H21-H20)*0.0001))) -> 258.2086 | J21: =IF(ISERROR(H21-2),"",I21) -> 258.2086 | K21: =IF(ISERROR(H21-2),"",(J21/$J$14-1)*$D$5) -> -422685.97 | M21: =IF(ISERROR(B21-2),"",C21+D21-F21-G21-K21+SUM($L$14:L21)) -> -243987.99 | O21: 46126.625 | P21: 309.9 | Q21: 46072.625 | R21: 100.789 | S21: 46072.625 | T21: 249.529 | U21: =IF(COUNTIF(Q:Q,O21)*COUNTIF(S:S,O21),O21,"") -> 46126.625 | V21: =IF(U21>$A$14,U21,"") -> 46126.625 | W21: 46127.625 | X21: 46069 | Y21: 263.7609 | Z21: 45806 | AA21: 236.8452 | AB21: 45806 | AC21: 300.02 | AD21: =IF(COUNTIF(AB:AB,Z21),Z21,"") -> 45806
A22: =IF(AND(ISBLANK(W11), A21 = $W$1),NOW(),IF(ISBLANK(W11),"",W11)) -> 46107.625 | B22: =IF(COUNTIF($W$2:W1007,A22)=1,VLOOKUP(A22,O:P,2), IF(COUNTIF($W$2:W1007,A22)=0,$B$9,"")) -> 304.82 | C22: =IF(ISERROR(B22-2),"",(B22-$B$14)*$G$3*$I$3) -> -854664 | E22: =IF(COUNTIF($W$2:W1007,A22)=1,VLOOKUP(A22,Q:R,2), IF(COUNTIF($W$2:W1007,A22)=0,$C$9,"")) -> 99.313 | F22: =IF(ISERROR(B22-2),"",(E22-$E$14)/100*$C$5) -> -112840 | G22: =IF(ISERROR(B22-2),"",(INT(A22)-INT($A$14))/360*$C$6*$C$5-(INT(A22)-INT($A$14))/360*$C$7*$C$5*$E$14/100) -> 254.34933 | H22: =IF(COUNTIF($W$2:W1007,A22)=1,VLOOKUP(A22,S:T,2), IF(COUNTIF($W$2:W1007,A22)=0,$D$9,"")) -> 344.472 | I22: =IF(COUNTIF($X$2:X1007,INT(A22))=1,VLOOKUP(INT(A22),X:Y,2), IF(ISERROR(H22-2),"",I21*(1-$D$8*(H22-H21)*0.0001))) -> 255.9935 | J22: =IF(ISERROR(H22-2),"",I22) -> 255.9935 | K22: =IF(ISERROR(H22-2),"",(J22/$J$14-1)*$D$5) -> -579481.98 | M22: =IF(ISERROR(B22-2),"",C22+D22-F22-G22-K22+SUM($L$14:L22)) -> -162596.37 | O22: 46127.625 | P22: 310.42 | Q22: 46073.625 | R22: 100.775 | S22: 46073.625 | T22: 246.545 | U22: =IF(COUNTIF(Q:Q,O22)*COUNTIF(S:S,O22),O22,"") -> 46127.625 | V22: =IF(U22>$A$14,U22,"") -> 46127.625 | W22: 46128.625 | X22: 46070 | Y22: 263.6029 | Z22: 45807 | AA22: 236.7066 | AB22: 45807 | AC22: 300.049 | AD22: =IF(COUNTIF(AB:AB,Z22),Z22,"") -> 45807
A23: =IF(AND(ISBLANK(W12), A22 = $W$1),NOW(),IF(ISBLANK(W12),"",W12)) -> 46108.625 | B23: =IF(COUNTIF($W$2:W1008,A23)=1,VLOOKUP(A23,O:P,2), IF(COUNTIF($W$2:W1008,A23)=0,$B$9,"")) -> 303.5 | C23: =IF(ISERROR(B23-2),"",(B23-$B$14)*$G$3*$I$3) -> -980856 | E23: =IF(COUNTIF($W$2:W1008,A23)=1,VLOOKUP(A23,Q:R,2), IF(COUNTIF($W$2:W1008,A23)=0,$C$9,"")) -> 99.304 | F23: =IF(ISERROR(B23-2),"",(E23-$E$14)/100*$C$5) -> -115180 | G23: =IF(ISERROR(B23-2),"",(INT(A23)-INT($A$14))/360*$C$6*$C$5-(INT(A23)-INT($A$14))/360*$C$7*$C$5*$E$14/100) -> 258.73467 | H23: =IF(COUNTIF($W$2:W1008,A23)=1,VLOOKUP(A23,S:T,2), IF(COUNTIF($W$2:W1008,A23)=0,$D$9,"")) -> 361.33 | I23: =IF(COUNTIF($X$2:X1008,INT(A23))=1,VLOOKUP(INT(A23),X:Y,2), IF(ISERROR(H23-2),"",I22*(1-$D$8*(H23-H22)*0.0001))) -> 254.5716 | J23: =IF(ISERROR(H23-2),"",I23) -> 254.5716 | K23: =IF(ISERROR(H23-2),"",(J23/$J$14-1)*$D$5) -> -680131.27 | M23: =IF(ISERROR(B23-2),"",C23+D23-F23-G23-K23+SUM($L$14:L23)) -> -185803.46 | O23: 46128.625 | P23: 310.64 | Q23: 46076.625 | R23: 100.827 | S23: 46076.625 | T23: 249.638 | U23: =IF(COUNTIF(Q:Q,O23)*COUNTIF(S:S,O23),O23,"") -> 46128.625 | V23: =IF(U23>$A$14,U23,"") -> 46128.625 | W23: 46129.625 | X23: 46071 | Y23: 264.2651 | Z23: 45810 | AA23: 236.8003 | AB23: 45810 | AC23: 299.909 | AD23: =IF(COUNTIF(AB:AB,Z23),Z23,"") -> 45810
A24: =IF(AND(ISBLANK(W13), A23 = $W$1),NOW(),IF(ISBLANK(W13),"",W13)) -> 46111.625 | B24: =IF(COUNTIF($W$2:W1009,A24)=1,VLOOKUP(A24,O:P,2), IF(COUNTIF($W$2:W1009,A24)=0,$B$9,"")) -> 302.92 | C24: =IF(ISERROR(B24-2),"",(B24-$B$14)*$G$3*$I$3) -> -1036304 | E24: =IF(COUNTIF($W$2:W1009,A24)=1,VLOOKUP(A24,Q:R,2), IF(COUNTIF($W$2:W1009,A24)=0,$C$9,"")) -> 99.467 | F24: =IF(ISERROR(B24-2),"",(E24-$E$14)/100*$C$5) -> -72800 | G24: =IF(ISERROR(B24-2),"",(INT(A24)-INT($A$14))/360*$C$6*$C$5-(INT(A24)-INT($A$14))/360*$C$7*$C$5*$E$14/100) -> 271.89067 | H24: =IF(COUNTIF($W$2:W1009,A24)=1,VLOOKUP(A24,S:T,2), IF(COUNTIF($W$2:W1009,A24)=0,$D$9,"")) -> 364.034 | I24: =IF(COUNTIF($X$2:X1009,INT(A24))=1,VLOOKUP(INT(A24),X:Y,2), IF(ISERROR(H24-2),"",I23*(1-$D$8*(H24-H23)*0.0001))) -> 254.6893 | J24: =IF(ISERROR(H24-2),"",I24) -> 254.6893 | K24: =IF(ISERROR(H24-2),"",(J24/$J$14-1)*$D$5) -> -671799.87 | M24: =IF(ISERROR(B24-2),"",C24+D24-F24-G24-K24+SUM($L$14:L24)) -> -291976.02 | O24: 46129.625 | P24: 312.38 | Q24: 46077.625 | R24: 100.815 | S24: 46077.625 | T24: 252.336 | U24: =IF(COUNTIF(Q:Q,O24)*COUNTIF(S:S,O24),O24,"") -> 46129.625 | V24: =IF(U24>$A$14,U24,"") -> 46129.625 | W24: 46132.625 | X24: 46072 | Y24: 263.7488 | Z24: 45811 | AA24: 237.2446 | AB24: 45811 | AC24: 295.498 | AD24: =IF(COUNTIF(AB:AB,Z24),Z24,"") -> 45811
A25: =IF(AND(ISBLANK(W14), A24 = $W$1),NOW(),IF(ISBLANK(W14),"",W14)) -> 46112.625 | B25: =IF(COUNTIF($W$2:W1010,A25)=1,VLOOKUP(A25,O:P,2), IF(COUNTIF($W$2:W1010,A25)=0,$B$9,"")) -> 304.16 | C25: =IF(ISERROR(B25-2),"",(B25-$B$14)*$G$3*$I$3) -> -917760 | E25: =IF(COUNTIF($W$2:W1010,A25)=1,VLOOKUP(A25,Q:R,2), IF(COUNTIF($W$2:W1010,A25)=0,$C$9,"")) -> 99.444 | F25: =IF(ISERROR(B25-2),"",(E25-$E$14)/100*$C$5) -> -78780 | G25: =IF(ISERROR(B25-2),"",(INT(A25)-INT($A$14))/360*$C$6*$C$5-(INT(A25)-INT($A$14))/360*$C$7*$C$5*$E$14/100) -> 276.276 | H25: =IF(COUNTIF($W$2:W1010,A25)=1,VLOOKUP(A25,S:T,2), IF(COUNTIF($W$2:W1010,A25)=0,$D$9,"")) -> 355.63 | I25: =IF(COUNTIF($X$2:X1010,INT(A25))=1,VLOOKUP(INT(A25),X:Y,2), IF(ISERROR(H25-2),"",I24*(1-$D$8*(H25-H24)*0.0001))) -> 255.8124 | J25: =IF(ISERROR(H25-2),"",I25) -> 255.8124 | K25: =IF(ISERROR(H25-2),"",(J25/$J$14-1)*$D$5) -> -592301.16 | M25: =IF(ISERROR(B25-2),"",C25+D25-F25-G25-K25+SUM($L$14:L25)) -> -246955.12 | O25: 46132.625 | P25: 311.66 | Q25: 46078.625 | R25: 100.824 | S25: 46078.625 | T25: 251.272 | U25: =IF(COUNTIF(Q:Q,O25)*COUNTIF(S:S,O25),O25,"") -> 46132.625 | V25: =IF(U25>$A$14,U25,"") -> 46132.625 | W25: 46133.625 | X25: 46073 | Y25: 264.066 | Z25: 45812 | AA25: 237.5259 | AB25: 45812 | AC25: 294.682 | AD25: =IF(COUNTIF(AB:AB,Z25),Z25,"") -> 45812
A26: =IF(AND(ISBLANK(W15), A25 = $W$1),NOW(),IF(ISBLANK(W15),"",W15)) -> 46113.625 | B26: =IF(COUNTIF($W$2:W1011,A26)=1,VLOOKUP(A26,O:P,2), IF(COUNTIF($W$2:W1011,A26)=0,$B$9,"")) -> 306.24 | C26: =IF(ISERROR(B26-2),"",(B26-$B$14)*$G$3*$I$3) -> -718912 | E26: =IF(COUNTIF($W$2:W1011,A26)=1,VLOOKUP(A26,Q:R,2), IF(COUNTIF($W$2:W1011,A26)=0,$C$9,"")) -> 99.511 | F26: =IF(ISERROR(B26-2),"",(E26-$E$14)/100*$C$5) -> -61360 | G26: =IF(ISERROR(B26-2),"",(INT(A26)-INT($A$14))/360*$C$6*$C$5-(INT(A26)-INT($A$14))/360*$C$7*$C$5*$E$14/100) -> 280.66133 | H26: =IF(COUNTIF($W$2:W1011,A26)=1,VLOOKUP(A26,S:T,2), IF(COUNTIF($W$2:W1011,A26)=0,$D$9,"")) -> 329.106 | I26: =IF(COUNTIF($X$2:X1011,INT(A26))=1,VLOOKUP(INT(A26),X:Y,2), IF(ISERROR(H26-2),"",I25*(1-$D$8*(H26-H25)*0.0001))) -> 258.7911 | J26: =IF(ISERROR(H26-2),"",I26) -> 258.7911 | K26: =IF(ISERROR(H26-2),"",(J26/$J$14-1)*$D$5) -> -381453.67 | M26: =IF(ISERROR(B26-2),"",C26+D26-F26-G26-K26+SUM($L$14:L26)) -> -276378.99 | O26: 46133.625 | P26: 311.4 | Q26: 46079.625 | R26: 100.834 | S26: 46079.625 | T26: 252.992 | U26: =IF(COUNTIF(Q:Q,O26)*COUNTIF(S:S,O26),O26,"") -> 46133.625 | V26: =IF(U26>$A$14,U26,"") -> 46133.625 | W26: 46134.625 | X26: 46076 | Y26: 263.8705 | Z26: 45813 | AA26: 237.5851 | AB26: 45813 | AC26: 292.914 | AD26: =IF(COUNTIF(AB:AB,Z26),Z26,"") -> 45813
... A52: =IF(AND(ISBLANK(W41), A51 = $W$1),NOW(),IF(ISBLANK(W41),"",W41)) -> 46163.625 | B52: =IF(COUNTIF($W$2:W1037,A52)=1,VLOOKUP(A52,O:P,2), IF(COUNTIF($W$2:W1037,A52)=0,$B$9,"")) -> 311.18 | C52: =IF(ISERROR(B52-2),"",(B52-$B$14)*$G$3*$I$3) -> -246648 | E52: =IF(COUNTIF($W$2:W1037,A52)=1,VLOOKUP(A52,Q:R,2), IF(COUNTIF($W$2:W1037,A52)=0,$C$9,"")) -> 99.37 | F52: =IF(ISERROR(B52-2),"",(E52-$E$14)/100*$C$5) -> -98020 | G52: =IF(ISERROR(B52-2),"",(INT(A52)-INT($A$14))/360*$C$6*$C$5-(INT(A52)-INT($A$14))/360*$C$7*$C$5*$E$14/100) -> 499.928 | H52: =IF(COUNTIF($W$2:W1037,A52)=1,VLOOKUP(A52,S:T,2), IF(COUNTIF($W$2:W1037,A52)=0,$D$9,"")) -> 279.541 | I52: =IF(COUNTIF($X$2:X1037,INT(A52))=1,VLOOKUP(INT(A52),X:Y,2), IF(ISERROR(H52-2),"",I51*(1-$D$8*(H52-H51)*0.0001))) -> 265.8161 | J52: =IF(ISERROR(H52-2),"",I52) -> 265.8161 | K52: =IF(ISERROR(H52-2),"",(J52/$J$14-1)*$D$5) -> 115811.45 | M52: =IF(ISERROR(B52-2),"",C52+D52-F52-G52-K52+SUM($L$14:L52)) -> -264939.38 | O52: 46182.625 | P52: 313.3 | Q52: 46119.625 | R52: 99.213 | S52: 46119.625 | T52: 333.967 | U52: =IF(COUNTIF(Q:Q,O52)*COUNTIF(S:S,O52),O52,"") -> 46182.625 | V52: =IF(U52>$A$14,U52,"") -> 46182.625 | W52: 46190.625 | X52: 46112 | Y52: 255.8124 | Z52: 45849 | AA52: 239.6415 | AB52: 45849 | AC52: 281.735 | AD52: =IF(COUNTIF(AB:AB,Z52),Z52,"") -> 45849
A53: =IF(AND(ISBLANK(W42), A52 = $W$1),NOW(),IF(ISBLANK(W42),"",W42)) -> 46168.625 | B53: =IF(COUNTIF($W$2:W1038,A53)=1,VLOOKUP(A53,O:P,2), IF(COUNTIF($W$2:W1038,A53)=0,$B$9,"")) -> 312.5 | C53: =IF(ISERROR(B53-2),"",(B53-$B$14)*$G$3*$I$3) -> -120456 | E53: =IF(COUNTIF($W$2:W1038,A53)=1,VLOOKUP(A53,Q:R,2), IF(COUNTIF($W$2:W1038,A53)=0,$C$9,"")) -> 99.56 | F53: =IF(ISERROR(B53-2),"",(E53-$E$14)/100*$C$5) -> -48620 | G53: =IF(ISERROR(B53-2),"",(INT(A53)-INT($A$14))/360*$C$6*$C$5-(INT(A53)-INT($A$14))/360*$C$7*$C$5*$E$14/100) -> 521.85467 | H53: =IF(COUNTIF($W$2:W1038,A53)=1,VLOOKUP(A53,S:T,2), IF(COUNTIF($W$2:W1038,A53)=0,$D$9,"")) -> 268.835 | I53: =IF(COUNTIF($X$2:X1038,INT(A53))=1,VLOOKUP(INT(A53),X:Y,2), IF(ISERROR(H53-2),"",I52*(1-$D$8*(H53-H52)*0.0001))) -> 267.4075 | J53: =IF(ISERROR(H53-2),"",I53) -> 267.4075 | K53: =IF(ISERROR(H53-2),"",(J53/$J$14-1)*$D$5) -> 228458.82 | M53: =IF(ISERROR(B53-2),"",C53+D53-F53-G53-K53+SUM($L$14:L53)) -> -300816.67 | O53: 46188.625 | P53: 314.28 | Q53: 46120.625 | R53: 99.777 | S53: 46120.625 | T53: 301.619 | U53: =IF(COUNTIF(Q:Q,O53)*COUNTIF(S:S,O53),O53,"") -> 46188.625 | V53: =IF(U53>$A$14,U53,"") -> 46188.625 | X53: 46113 | Y53: 258.7911 | Z53: 45852 | AA53: 239.5692 | AB53: 45852 | AC53: 282.806 | AD53: =IF(COUNTIF(AB:AB,Z53),Z53,"") -> 45852
A54: =IF(AND(ISBLANK(W43), A53 = $W$1),NOW(),IF(ISBLANK(W43),"",W43)) -> 46169.625 | B54: =IF(COUNTIF($W$2:W1039,A54)=1,VLOOKUP(A54,O:P,2), IF(COUNTIF($W$2:W1039,A54)=0,$B$9,"")) -> 312.84 | C54: =IF(ISERROR(B54-2),"",(B54-$B$14)*$G$3*$I$3) -> -87952 | E54: =IF(COUNTIF($W$2:W1039,A54)=1,VLOOKUP(A54,Q:R,2), IF(COUNTIF($W$2:W1039,A54)=0,$C$9,"")) -> 99.589 | F54: =IF(ISERROR(B54-2),"",(E54-$E$14)/100*$C$5) -> -41080 | G54: =IF(ISERROR(B54-2),"",(INT(A54)-INT($A$14))/360*$C$6*$C$5-(INT(A54)-INT($A$14))/360*$C$7*$C$5*$E$14/100) -> 526.24 | H54: =IF(COUNTIF($W$2:W1039,A54)=1,VLOOKUP(A54,S:T,2), IF(COUNTIF($W$2:W1039,A54)=0,$D$9,"")) -> 266.559 | I54: =IF(COUNTIF($X$2:X1039,INT(A54))=1,VLOOKUP(INT(A54),X:Y,2), IF(ISERROR(H54-2),"",I53*(1-$D$8*(H54-H53)*0.0001))) -> 267.6639 | J54: =IF(ISERROR(H54-2),"",I54) -> 267.6639 | K54: =IF(ISERROR(H54-2),"",(J54/$J$14-1)*$D$5) -> 246608.11 | M54: =IF(ISERROR(B54-2),"",C54+D54-F54-G54-K54+SUM($L$14:L54)) -> -294006.35 | O54: 46189.625 | P54: 314.16 | Q54: 46121.625 | R54: 99.577 | S54: 46121.625 | T54: 299.792 | U54: =IF(COUNTIF(Q:Q,O54)*COUNTIF(S:S,O54),O54,"") -> 46189.625 | V54: =IF(U54>$A$14,U54,"") -> 46189.625 | X54: 46114 | Y54: 259.0143 | Z54: 45853 | AA54: 239.5731 | AB54: 45853 | AC54: 282.986 | AD54: =IF(COUNTIF(AB:AB,Z54),Z54,"") -> 45853
A55: =IF(AND(ISBLANK(W44), A54 = $W$1),NOW(),IF(ISBLANK(W44),"",W44)) -> 46170.625 | B55: =IF(COUNTIF($W$2:W1040,A55)=1,VLOOKUP(A55,O:P,2), IF(COUNTIF($W$2:W1040,A55)=0,$B$9,"")) -> 312.7 | C55: =IF(ISERROR(B55-2),"",(B55-$B$14)*$G$3*$I$3) -> -101336 | E55: =IF(COUNTIF($W$2:W1040,A55)=1,VLOOKUP(A55,Q:R,2), IF(COUNTIF($W$2:W1040,A55)=0,$C$9,"")) -> 99.654 | F55: =IF(ISERROR(B55-2),"",(E55-$E$14)/100*$C$5) -> -24180 | G55: =IF(ISERROR(B55-2),"",(INT(A55)-INT($A$14))/360*$C$6*$C$5-(INT(A55)-INT($A$14))/360*$C$7*$C$5*$E$14/100) -> 530.62533 | H55: =IF(COUNTIF($W$2:W1040,A55)=1,VLOOKUP(A55,S:T,2), IF(COUNTIF($W$2:W1040,A55)=0,$D$9,"")) -> 264.232 | I55: =IF(COUNTIF($X$2:X1040,INT(A55))=1,VLOOKUP(INT(A55),X:Y,2), IF(ISERROR(H55-2),"",I54*(1-$D$8*(H55-H54)*0.0001))) -> 268.2162 | J55: =IF(ISERROR(H55-2),"",I55) -> 268.2162 | K55: =IF(ISERROR(H55-2),"",(J55/$J$14-1)*$D$5) -> 285702.7 | M55: =IF(ISERROR(B55-2),"",C55+D55-F55-G55-K55+SUM($L$14:L55)) -> -363389.33 | O55: 46190.625 | P55: 313.66 | Q55: 46122.625 | R55: 99.55 | S55: 46122.625 | T55: 291.343 | U55: =IF(COUNTIF(Q:Q,O55)*COUNTIF(S:S,O55),O55,"") -> 46190.625 | V55: =IF(U55>$A$14,U55,"") -> 46190.625 | X55: 46119 | Y55: 258.062 | Z55: 45854 | AA55: 239.2413 | AB55: 45854 | AC55: 285.261 | AD55: =IF(COUNTIF(AB:AB,Z55),Z55,"") -> 45854
A56: =IF(AND(ISBLANK(W45), A55 = $W$1),NOW(),IF(ISBLANK(W45),"",W45)) -> 46171.625 | B56: =IF(COUNTIF($W$2:W1041,A56)=1,VLOOKUP(A56,O:P,2), IF(COUNTIF($W$2:W1041,A56)=0,$B$9,"")) -> 313.78 | C56: =IF(ISERROR(B56-2),"",(B56-$B$14)*$G$3*$I$3) -> 1912 | E56: =IF(COUNTIF($W$2:W1041,A56)=1,VLOOKUP(A56,Q:R,2), IF(COUNTIF($W$2:W1041,A56)=0,$C$9,"")) -> 99.679 | F56: =IF(ISERROR(B56-2),"",(E56-$E$14)/100*$C$5) -> -17680 | G56: =IF(ISERROR(B56-2),"",(INT(A56)-INT($A$14))/360*$C$6*$C$5-(INT(A56)-INT($A$14))/360*$C$7*$C$5*$E$14/100) -> 535.01067 | H56: =IF(COUNTIF($W$2:W1041,A56)=1,VLOOKUP(A56,S:T,2), IF(COUNTIF($W$2:W1041,A56)=0,$D$9,"")) -> 258.706 | I56: =IF(COUNTIF($X$2:X1041,INT(A56))=1,VLOOKUP(INT(A56),X:Y,2), IF(ISERROR(H56-2),"",I55*(1-$D$8*(H56-H55)*0.0001))) -> 268.7623 | J56: =IF(ISERROR(H56-2),"",I56) -> 268.7623 | K56: =IF(ISERROR(H56-2),"",(J56/$J$14-1)*$D$5) -> 324358.43 | M56: =IF(ISERROR(B56-2),"",C56+D56-F56-G56-K56+SUM($L$14:L56)) -> -305301.44 | Q56: 46125.625 | R56: 99.418 | S56: 46125.625 | T56: 294.253 | U56: =IF(COUNTIF(Q:Q,O56)*COUNTIF(S:S,O56),O56,"") | V56: =IF(U56>$A$14,U56,"") | X56: 46120 | Y56: 262.3835 | Z56: 45855 | AA56: 240.1303 | AB56: 45855 | AC56: 278.768 | AD56: =IF(COUNTIF(AB:AB,Z56),Z56,"") -> 45855
A57: =IF(AND(ISBLANK(W46), A56 = $W$1),NOW(),IF(ISBLANK(W46),"",W46)) -> 46174.625 | B57: =IF(COUNTIF($W$2:W1042,A57)=1,VLOOKUP(A57,O:P,2), IF(COUNTIF($W$2:W1042,A57)=0,$B$9,"")) -> 312.84 | C57: =IF(ISERROR(B57-2),"",(B57-$B$14)*$G$3*$I$3) -> -87952 | E57: =IF(COUNTIF($W$2:W1042,A57)=1,VLOOKUP(A57,Q:R,2), IF(COUNTIF($W$2:W1042,A57)=0,$C$9,"")) -> 99.451 | F57: =IF(ISERROR(B57-2),"",(E57-$E$14)/100*$C$5) -> -76960 | G57: =IF(ISERROR(B57-2),"",(INT(A57)-INT($A$14))/360*$C$6*$C$5-(INT(A57)-INT($A$14))/360*$C$7*$C$5*$E$14/100) -> 548.16667 | H57: =IF(COUNTIF($W$2:W1042,A57)=1,VLOOKUP(A57,S:T,2), IF(COUNTIF($W$2:W1042,A57)=0,$D$9,"")) -> 265.436 | I57: =IF(COUNTIF($X$2:X1042,INT(A57))=1,VLOOKUP(INT(A57),X:Y,2), IF(ISERROR(H57-2),"",I56*(1-$D$8*(H57-H56)*0.0001))) -> 268.3984 | J57: =IF(ISERROR(H57-2),"",I57) -> 268.3984 | K57: =IF(ISERROR(H57-2),"",(J57/$J$14-1)*$D$5) -> 298599.74 | M57: =IF(ISERROR(B57-2),"",C57+D57-F57-G57-K57+SUM($L$14:L57)) -> -310139.91 | Q57: 46126.625 | R57: 99.619 | S57: 46126.625 | T57: 282.697 | U57: =IF(COUNTIF(Q:Q,O57)*COUNTIF(S:S,O57),O57,"") | V57: =IF(U57>$A$14,U57,"") | X57: 46121 | Y57: 263.2626 | Z57: 45856 | AA57: 240.3284 | AB57: 45856 | AC57: 277.186 | AD57: =IF(COUNTIF(AB:AB,Z57),Z57,"") -> 45856
A58: =IF(AND(ISBLANK(W47), A57 = $W$1),NOW(),IF(ISBLANK(W47),"",W47)) -> 46176.625 | B58: =IF(COUNTIF($W$2:W1043,A58)=1,VLOOKUP(A58,O:P,2), IF(COUNTIF($W$2:W1043,A58)=0,$B$9,"")) -> 313.08 | C58: =IF(ISERROR(B58-2),"",(B58-$B$14)*$G$3*$I$3) -> -65008 | E58: =IF(COUNTIF($W$2:W1043,A58)=1,VLOOKUP(A58,Q:R,2), IF(COUNTIF($W$2:W1043,A58)=0,$C$9,"")) -> 99.422 | F58: =IF(ISERROR(B58-2),"",(E58-$E$14)/100*$C$5) -> -84500 | G58: =IF(ISERROR(B58-2),"",(INT(A58)-INT($A$14))/360*$C$6*$C$5-(INT(A58)-INT($A$14))/360*$C$7*$C$5*$E$14/100) -> 556.93733 | H58: =IF(COUNTIF($W$2:W1043,A58)=1,VLOOKUP(A58,S:T,2), IF(COUNTIF($W$2:W1043,A58)=0,$D$9,"")) -> 261.796 | I58: =IF(COUNTIF($X$2:X1043,INT(A58))=1,VLOOKUP(INT(A58),X:Y,2), IF(ISERROR(H58-2),"",I57*(1-$D$8*(H58-H57)*0.0001))) -> 268.4079 | J58: =IF(ISERROR(H58-2),"",I58) -> 268.4079 | K58: =IF(ISERROR(H58-2),"",(J58/$J$14-1)*$D$5) -> 299272.2 | M58: =IF(ISERROR(B58-2),"",C58+D58-F58-G58-K58+SUM($L$14:L58)) -> -280337.14 | Q58: 46127.625 | R58: 99.654 | S58: 46127.625 | T58: 282.519 | U58: =IF(COUNTIF(Q:Q,O58)*COUNTIF(S:S,O58),O58,"") | V58: =IF(U58>$A$14,U58,"") | X58: 46122 | Y58: 263.2931 | Z58: 45859 | AA58: 240.3394 | AB58: 45859 | AC58: 277.458 | AD58: =IF(COUNTIF(AB:AB,Z58),Z58,"") -> 45859
A59: =IF(AND(ISBLANK(W48), A58 = $W$1),NOW(),IF(ISBLANK(W48),"",W48)) -> 46177.625 | B59: =IF(COUNTIF($W$2:W1044,A59)=1,VLOOKUP(A59,O:P,2), IF(COUNTIF($W$2:W1044,A59)=0,$B$9,"")) -> 313.04 | C59: =IF(ISERROR(B59-2),"",(B59-$B$14)*$G$3*$I$3) -> -68832 | E59: =IF(COUNTIF($W$2:W1044,A59)=1,VLOOKUP(A59,Q:R,2), IF(COUNTIF($W$2:W1044,A59)=0,$C$9,"")) -> 99.431 | F59: =IF(ISERROR(B59-2),"",(E59-$E$14)/100*$C$5) -> -82160 | G59: =IF(ISERROR(B59-2),"",(INT(A59)-INT($A$14))/360*$C$6*$C$5-(INT(A59)-INT($A$14))/360*$C$7*$C$5*$E$14/100) -> 561.32267 | H59: =IF(COUNTIF($W$2:W1044,A59)=1,VLOOKUP(A59,S:T,2), IF(COUNTIF($W$2:W1044,A59)=0,$D$9,"")) -> 261.392 | I59: =IF(COUNTIF($X$2:X1044,INT(A59))=1,VLOOKUP(INT(A59),X:Y,2), IF(ISERROR(H59-2),"",I58*(1-$D$8*(H59-H58)*0.0001))) -> 268.6451 | J59: =IF(ISERROR(H59-2),"",I59) -> 268.6451 | K59: =IF(ISERROR(H59-2),"",(J59/$J$14-1)*$D$5) -> 316062.42 | M59: =IF(ISERROR(B59-2),"",C59+D59-F59-G59-K59+SUM($L$14:L59)) -> -303295.74 | Q59: 46128.625 | R59: 99.677 | S59: 46128.625 | T59: 286.733 | U59: =IF(COUNTIF(Q:Q,O59)*COUNTIF(S:S,O59),O59,"") | V59: =IF(U59>$A$14,U59,"") | X59: 46125 | Y59: 263.0391 | Z59: 45860 | AA59: 240.1245 | AB59: 45860 | AC59: 279.557 | AD59: =IF(COUNTIF(AB:AB,Z59),Z59,"") -> 45860
A60: =IF(AND(ISBLANK(W49), A59 = $W$1),NOW(),IF(ISBLANK(W49),"",W49)) -> 46182.625 | B60: =IF(COUNTIF($W$2:W1045,A60)=1,VLOOKUP(A60,O:P,2), IF(COUNTIF($W$2:W1045,A60)=0,$B$9,"")) -> 313.3 | C60: =IF(ISERROR(B60-2),"",(B60-$B$14)*$G$3*$I$3) -> -43976 | E60: =IF(COUNTIF($W$2:W1045,A60)=1,VLOOKUP(A60,Q:R,2), IF(COUNTIF($W$2:W1045,A60)=0,$C$9,"")) -> 99.396 | F60: =IF(ISERROR(B60-2),"",(E60-$E$14)/100*$C$5) -> -91260 | G60: =IF(ISERROR(B60-2),"",(INT(A60)-INT($A$14))/360*$C$6*$C$5-(INT(A60)-INT($A$14))/360*$C$7*$C$5*$E$14/100) -> 583.24933 | H60: =IF(COUNTIF($W$2:W1045,A60)=1,VLOOKUP(A60,S:T,2), IF(COUNTIF($W$2:W1045,A60)=0,$D$9,"")) -> 261.05 | I60: =IF(COUNTIF($X$2:X1045,INT(A60))=1,VLOOKUP(INT(A60),X:Y,2), IF(ISERROR(H60-2),"",I59*(1-$D$8*(H60-H59)*0.0001))) -> 268.3329 | J60: =IF(ISERROR(H60-2),"",I60) -> 268.3329 | K60: =IF(ISERROR(H60-2),"",(J60/$J$14-1)*$D$5) -> 293963.32 | M60: =IF(ISERROR(B60-2),"",C60+D60-F60-G60-K60+SUM($L$14:L60)) -> -247262.57 | Q60: 46129.625 | R60: 99.954 | S60: 46129.625 | T60: 275.168 | U60: =IF(COUNTIF(Q:Q,O60)*COUNTIF(S:S,O60),O60,"") | V60: =IF(U60>$A$14,U60,"") | X60: 46126 | Y60: 264.6927 | Z60: 45861 | AA60: 240.6497 | AB60: 45861 | AC60: 273.141 | AD60: =IF(COUNTIF(AB:AB,Z60),Z60,"") -> 45861
A61: =IF(AND(ISBLANK(W50), A60 = $W$1),NOW(),IF(ISBLANK(W50),"",W50)) -> 46188.625 | B61: =IF(COUNTIF($W$2:W1046,A61)=1,VLOOKUP(A61,O:P,2), IF(COUNTIF($W$2:W1046,A61)=0,$B$9,"")) -> 314.28 | C61: =IF(ISERROR(B61-2),"",(B61-$B$14)*$G$3*$I$3) -> 49712 | E61: =IF(COUNTIF($W$2:W1046,A61)=1,VLOOKUP(A61,Q:R,2), IF(COUNTIF($W$2:W1046,A61)=0,$C$9,"")) -> 99.631 | F61: =IF(ISERROR(B61-2),"",(E61-$E$14)/100*$C$5) -> -30160 | G61: =IF(ISERROR(B61-2),"",(INT(A61)-INT($A$14))/360*$C$6*$C$5-(INT(A61)-INT($A$14))/360*$C$7*$C$5*$E$14/100) -> 609.56133 | H61: =IF(COUNTIF($W$2:W1046,A61)=1,VLOOKUP(A61,S:T,2), IF(COUNTIF($W$2:W1046,A61)=0,$D$9,"")) -> 248.518 | I61: =IF(COUNTIF($X$2:X1046,INT(A61))=1,VLOOKUP(INT(A61),X:Y,2), IF(ISERROR(H61-2),"",I60*(1-$D$8*(H61-H60)*0.0001))) -> 270.4706 | J61: =IF(ISERROR(H61-2),"",I61) -> 270.4706 | K61: =IF(ISERROR(H61-2),"",(J61/$J$14-1)*$D$5) -> 445280.57 | M61: =IF(ISERROR(B61-2),"",C61+D61-F61-G61-K61+SUM($L$14:L61)) -> -366018.13 | Q61: 46132.625 | R61: 99.831 | S61: 46132.625 | T61: 280.364 | U61: =IF(COUNTIF(Q:Q,O61)*COUNTIF(S:S,O61),O61,"") | V61: =IF(U61>$A$14,U61,"") | X61: 46127 | Y61: 264.629 | Z61: 45862 | AA61: 241.2562 | AB61: 45862 | AC61: 270.698 | AD61: =IF(COUNTIF(AB:AB,Z61),Z61,"") -> 45862
A62: =IF(AND(ISBLANK(W51), A61 = $W$1),NOW(),IF(ISBLANK(W51),"",W51)) -> 46189.625 | B62: =IF(COUNTIF($W$2:W1047,A62)=1,VLOOKUP(A62,O:P,2), IF(COUNTIF($W$2:W1047,A62)=0,$B$9,"")) -> 314.16 | C62: =IF(ISERROR(B62-2),"",(B62-$B$14)*$G$3*$I$3) -> 38240 | E62: =IF(COUNTIF($W$2:W1047,A62)=1,VLOOKUP(A62,Q:R,2), IF(COUNTIF($W$2:W1047,A62)=0,$C$9,"")) -> 99.625 | F62: =IF(ISERROR(B62-2),"",(E62-$E$14)/100*$C$5) -> -31720 | G62: =IF(ISERROR(B62-2),"",(INT(A62)-INT($A$14))/360*$C$6*$C$5-(INT(A62)-INT($A$14))/360*$C$7*$C$5*$E$14/100) -> 613.94667 | H62: =IF(COUNTIF($W$2:W1047,A62)=1,VLOOKUP(A62,S:T,2), IF(COUNTIF($W$2:W1047,A62)=0,$D$9,"")) -> 249.794 | I62: =IF(COUNTIF($X$2:X1047,INT(A62))=1,VLOOKUP(INT(A62),X:Y,2), IF(ISERROR(H62-2),"",I61*(1-$D$8*(H62-H61)*0.0001))) -> 270.3356 | J62: =IF(ISERROR(H62-2),"",I62) -> 270.3356 | K62: =IF(ISERROR(H62-2),"",(J62/$J$14-1)*$D$5) -> 435724.58 | M62: =IF(ISERROR(B62-2),"",C62+D62-F62-G62-K62+SUM($L$14:L62)) -> -366378.53 | Q62: 46133.625 | R62: 99.708 | S62: 46133.625 | T62: 285.448 | U62: =IF(COUNTIF(Q:Q,O62)*COUNTIF(S:S,O62),O62,"") | V62: =IF(U62>$A$14,U62,"") | X62: 46128 | Y62: 264.2442 | Z62: 45863 | AA62: 241.3281 | AB62: 45863 | AC62: 269.244 | AD62: =IF(COUNTIF(AB:AB,Z62),Z62,"") -> 45863
A63: =IF(AND(ISBLANK(W52), A62 = $W$1),NOW(),IF(ISBLANK(W52),"",W52)) -> 46190.625 | B63: =IF(COUNTIF($W$2:W1048,A63)=1,VLOOKUP(A63,O:P,2), IF(COUNTIF($W$2:W1048,A63)=0,$B$9,"")) -> 313.66 | C63: =IF(ISERROR(B63-2),"",(B63-$B$14)*$G$3*$I$3) -> -9560 | E63: =IF(COUNTIF($W$2:W1048,A63)=1,VLOOKUP(A63,Q:R,2), IF(COUNTIF($W$2:W1048,A63)=0,$C$9,"")) -> 99.601 | F63: =IF(ISERROR(B63-2),"",(E63-$E$14)/100*$C$5) -> -37960 | G63: =IF(ISERROR(B63-2),"",(INT(A63)-INT($A$14))/360*$C$6*$C$5-(INT(A63)-INT($A$14))/360*$C$7*$C$5*$E$14/100) -> 618.332 | H63: =IF(COUNTIF($W$2:W1048,A63)=1,VLOOKUP(A63,S:T,2), IF(COUNTIF($W$2:W1048,A63)=0,$D$9,"")) -> 252.459 | I63: =IF(COUNTIF($X$2:X1048,INT(A63))=1,VLOOKUP(INT(A63),X:Y,2), IF(ISERROR(H63-2),"",I62*(1-$D$8*(H63-H62)*0.0001))) -> 270.1644 | J63: =IF(ISERROR(H63-2),"",I63) -> 270.1644 | K63: =IF(ISERROR(H63-2),"",(J63/$J$14-1)*$D$5) -> 423606.18 | M63: =IF(ISERROR(B63-2),"",C63+D63-F63-G63-K63+SUM($L$14:L63)) -> -395824.51 | Q63: 46134.625 | R63: 99.655 | S63: 46134.625 | T63: 285.535 | U63: =IF(COUNTIF(Q:Q,O63)*COUNTIF(S:S,O63),O63,"") | V63: =IF(U63>$A$14,U63,"") | X63: 46129 | Y63: 265.6018 | Z63: 45866 | AA63: 241.5315 | AB63: 45866 | AC63: 267.811 | AD63: =IF(COUNTIF(AB:AB,Z63),Z63,"") -> 45866
A64: =IF(AND(ISBLANK(W53), A63 = $W$1),NOW(),IF(ISBLANK(W53),"",W53)) -> 46198.782 | B64: =IF(COUNTIF($W$2:W1049,A64)=1,VLOOKUP(A64,O:P,2), IF(COUNTIF($W$2:W1049,A64)=0,$B$9,"")) -> 313.66 | C64: =IF(ISERROR(B64-2),"",(B64-$B$14)*$G$3*$I$3) -> -9560 | E64: =IF(COUNTIF($W$2:W1049,A64)=1,VLOOKUP(A64,Q:R,2), IF(COUNTIF($W$2:W1049,A64)=0,$C$9,"")) -> 99.747 | F64: =IF(ISERROR(B64-2),"",(E64-$E$14)/100*$C$5) -> 0 | G64: =IF(ISERROR(B64-2),"",(INT(A64)-INT($A$14))/360*$C$6*$C$5-(INT(A64)-INT($A$14))/360*$C$7*$C$5*$E$14/100) -> 653.41467 | H64: =IF(COUNTIF($W$2:W1049,A64)=1,VLOOKUP(A64,S:T,2), IF(COUNTIF($W$2:W1049,A64)=0,$D$9,"")) -> 247.3067 | I64: =IF(COUNTIF($X$2:X1049,INT(A64))=1,VLOOKUP(INT(A64),X:Y,2), IF(ISERROR(H64-2),"",I63*(1-$D$8*(H64-H63)*0.0001))) -> 270.9793 | J64: =IF(ISERROR(H64-2),"",I64) -> 270.9793 | K64: =IF(ISERROR(H64-2),"",(J64/$J$14-1)*$D$5) -> 481288.93 | M64: =IF(ISERROR(B64-2),"",C64+D64-F64-G64-K64+SUM($L$14:L64)) -> -491502.35 | Q64: 46135.625 | R64: 99.627 | S64: 46135.625 | T64: 284.408 | U64: =IF(COUNTIF(Q:Q,O64)*COUNTIF(S:S,O64),O64,"") | V64: =IF(U64>$A$14,U64,"") | X64: 46132 | Y64: 265.2414 | Z64: 45867 | AA64: 241.9485 | AB64: 45867 | AC64: 264.292 | AD64: =IF(COUNTIF(AB:AB,Z64),Z64,"") -> 45867
A65: =IF(AND(ISBLANK(W54), A64 = $W$1),NOW(),IF(ISBLANK(W54),"",W54)) | B65: =IF(COUNTIF($W$2:W1050,A65)=1,VLOOKUP(A65,O:P,2), IF(COUNTIF($W$2:W1050,A65)=0,$B$9,"")) | C65: =IF(ISERROR(B65-2),"",(B65-$B$14)*$G$3*$I$3) | E65: =IF(COUNTIF($W$2:W1050,A65)=1,VLOOKUP(A65,Q:R,2), IF(COUNTIF($W$2:W1050,A65)=0,$C$9,"")) | F65: =IF(ISERROR(B65-2),"",(E65-$E$14)/100*$C$5) | G65: =IF(ISERROR(B65-2),"",(INT(A65)-INT($A$14))/360*$C$6*$C$5-(INT(A65)-INT($A$14))/360*$C$7*$C$5*$E$14/100) | H65: =IF(COUNTIF($W$2:W1050,A65)=1,VLOOKUP(A65,S:T,2), IF(COUNTIF($W$2:W1050,A65)=0,$D$9,"")) | I65: =IF(COUNTIF($X$2:X1050,INT(A65))=1,VLOOKUP(INT(A65),X:Y,2), IF(ISERROR(H65-2),"",I64*(1-$D$8*(H65-H64)*0.0001))) | J65: =IF(ISERROR(H65-2),"",I65) | K65: =IF(ISERROR(H65-2),"",(J65/$J$14-1)*$D$5) | M65: =IF(ISERROR(B65-2),"",C65+D65-F65-G65-K65+SUM($L$14:L65)) | Q65: 46136.625 | R65: 99.637 | S65: 46136.625 | T65: 288.863 | U65: =IF(COUNTIF(Q:Q,O65)*COUNTIF(S:S,O65),O65,"") | V65: =IF(U65>$A$14,U65,"") | X65: 46133 | Y65: 264.6036 | Z65: 45868 | AA65: 241.7086 | AB65: 45868 | AC65: 266.432 | AD65: =IF(COUNTIF(AB:AB,Z65),Z65,"") -> 45868
A66: =IF(AND(ISBLANK(W55), A65 = $W$1),NOW(),IF(ISBLANK(W55),"",W55)) | B66: =IF(COUNTIF($W$2:W1051,A66)=1,VLOOKUP(A66,O:P,2), IF(COUNTIF($W$2:W1051,A66)=0,$B$9,"")) | C66: =IF(ISERROR(B66-2),"",(B66-$B$14)*$G$3*$I$3) | E66: =IF(COUNTIF($W$2:W1051,A66)=1,VLOOKUP(A66,Q:R,2), IF(COUNTIF($W$2:W1051,A66)=0,$C$9,"")) | F66: =IF(ISERROR(B66-2),"",(E66-$E$14)/100*$C$5) | G66: =IF(ISERROR(B66-2),"",(INT(A66)-INT($A$14))/360*$C$6*$C$5-(INT(A66)-INT($A$14))/360*$C$7*$C$5*$E$14/100) | H66: =IF(COUNTIF($W$2:W1051,A66)=1,VLOOKUP(A66,S:T,2), IF(COUNTIF($W$2:W1051,A66)=0,$D$9,"")) | I66: =IF(COUNTIF($X$2:X1051,INT(A66))=1,VLOOKUP(INT(A66),X:Y,2), IF(ISERROR(H66-2),"",I65*(1-$D$8*(H66-H65)*0.0001))) | J66: =IF(ISERROR(H66-2),"",I66) | K66: =IF(ISERROR(H66-2),"",(J66/$J$14-1)*$D$5) | M66: =IF(ISERROR(B66-2),"",C66+D66-F66-G66-K66+SUM($L$14:L66)) | Q66: 46139.625 | R66: 99.608 | S66: 46139.625 | T66: 289.209 | U66: =IF(COUNTIF(Q:Q,O66)*COUNTIF(S:S,O66),O66,"") | V66: =IF(U66>$A$14,U66,"") | X66: 46134 | Y66: 264.5534 | Z66: 45869 | AA66: 241.5101 | AB66: 45869 | AC66: 268.469 | AD66: =IF(COUNTIF(AB:AB,Z66),Z66,"") -> 45869
A67: =IF(AND(ISBLANK(W56), A66 = $W$1),NOW(),IF(ISBLANK(W56),"",W56)) | B67: =IF(COUNTIF($W$2:W1052,A67)=1,VLOOKUP(A67,O:P,2), IF(COUNTIF($W$2:W1052,A67)=0,$B$9,"")) | C67: =IF(ISERROR(B67-2),"",(B67-$B$14)*$G$3*$I$3) | E67: =IF(COUNTIF($W$2:W1052,A67)=1,VLOOKUP(A67,Q:R,2), IF(COUNTIF($W$2:W1052,A67)=0,$C$9,"")) | F67: =IF(ISERROR(B67-2),"",(E67-$E$14)/100*$C$5) | G67: =IF(ISERROR(B67-2),"",(INT(A67)-INT($A$14))/360*$C$6*$C$5-(INT(A67)-INT($A$14))/360*$C$7*$C$5*$E$14/100) | H67: =IF(COUNTIF($W$2:W1052,A67)=1,VLOOKUP(A67,S:T,2), IF(COUNTIF($W$2:W1052,A67)=0,$D$9,"")) | I67: =IF(COUNTIF($X$2:X1052,INT(A67))=1,VLOOKUP(INT(A67),X:Y,2), IF(ISERROR(H67-2),"",I66*(1-$D$8*(H67-H66)*0.0001))) | J67: =IF(ISERROR(H67-2),"",I67) | K67: =IF(ISERROR(H67-2),"",(J67/$J$14-1)*$D$5) | M67: =IF(ISERROR(B67-2),"",C67+D67-F67-G67-K67+SUM($L$14:L67)) | Q67: 46140.625 | R67: 99.456 | S67: 46140.625 | T67: 291.657 | U67: =IF(COUNTIF(Q:Q,O67)*COUNTIF(S:S,O67),O67,"") | V67: =IF(U67>$A$14,U67,"") | X67: 46135 | Y67: 264.3816 | Z67: 45870 | AA67: 240.1619 | AB67: 45870 | AC67: 279.928 | AD67: =IF(COUNTIF(AB:AB,Z67),Z67,"") -> 45870
... A107: =IF(AND(ISBLANK(W96), A106 = $W$1),NOW(),IF(ISBLANK(W96),"",W96)) | B107: =IF(COUNTIF($W$2:W1092,A107)=1,VLOOKUP(A107,O:P,2), IF(COUNTIF($W$2:W1092,A107)=0,$B$9,"")) | C107: =IF(ISERROR(B107-2),"",(B107-$B$14)*$G$3*$I$3) | E107: =IF(COUNTIF($W$2:W1092,A107)=1,VLOOKUP(A107,Q:R,2), IF(COUNTIF($W$2:W1092,A107)=0,$C$9,"")) | F107: =IF(ISERROR(B107-2),"",(E107-$E$14)/100*$C$5) | G107: =IF(ISERROR(B107-2),"",(INT(A107)-INT($A$14))/360*$C$6*$C$5-(INT(A107)-INT($A$14))/360*$C$7*$C$5*$E$14/100) | H107: =IF(COUNTIF($W$2:W1092,A107)=1,VLOOKUP(A107,S:T,2), IF(COUNTIF($W$2:W1092,A107)=0,$D$9,"")) | I107: =IF(COUNTIF($X$2:X1092,INT(A107))=1,VLOOKUP(INT(A107),X:Y,2), IF(ISERROR(H107-2),"",I106*(1-$D$8*(H107-H106)*0.0001))) | J107: =IF(ISERROR(H107-2),"",I107) | K107: =IF(ISERROR(H107-2),"",(J107/$J$14-1)*$D$5) | M107: =IF(ISERROR(B107-2),"",C107+D107-F107-G107-K107+SUM($L$14:L107)) | Q107: 46197.625 | R107: 99.725 | S107: 46198.625 | T107: 246.717 | U107: =IF(COUNTIF(Q:Q,O107)*COUNTIF(S:S,O107),O107,"") | V107: =IF(U107>$A$14,U107,"") | X107: 46195 | Y107: 270.8584 | Z107: 45929 | AA107: 244.4105 | AB107: 45929 | AC107: 262.722 | AD107: =IF(COUNTIF(AB:AB,Z107),Z107,"") -> 45929
A108: =IF(AND(ISBLANK(W97), A107 = $W$1),NOW(),IF(ISBLANK(W97),"",W97)) | B108: =IF(COUNTIF($W$2:W1093,A108)=1,VLOOKUP(A108,O:P,2), IF(COUNTIF($W$2:W1093,A108)=0,$B$9,"")) | C108: =IF(ISERROR(B108-2),"",(B108-$B$14)*$G$3*$I$3) | E108: =IF(COUNTIF($W$2:W1093,A108)=1,VLOOKUP(A108,Q:R,2), IF(COUNTIF($W$2:W1093,A108)=0,$C$9,"")) | F108: =IF(ISERROR(B108-2),"",(E108-$E$14)/100*$C$5) | G108: =IF(ISERROR(B108-2),"",(INT(A108)-INT($A$14))/360*$C$6*$C$5-(INT(A108)-INT($A$14))/360*$C$7*$C$5*$E$14/100) | H108: =IF(COUNTIF($W$2:W1093,A108)=1,VLOOKUP(A108,S:T,2), IF(COUNTIF($W$2:W1093,A108)=0,$D$9,"")) | I108: =IF(COUNTIF($X$2:X1093,INT(A108))=1,VLOOKUP(INT(A108),X:Y,2), IF(ISERROR(H108-2),"",I107*(1-$D$8*(H108-H107)*0.0001))) | J108: =IF(ISERROR(H108-2),"",I108) | K108: =IF(ISERROR(H108-2),"",(J108/$J$14-1)*$D$5) | M108: =IF(ISERROR(B108-2),"",C108+D108-F108-G108-K108+SUM($L$14:L108)) | Q108: 46198.625 | R108: 99.749 | U108: =IF(COUNTIF(Q:Q,O108)*COUNTIF(S:S,O108),O108,"") | V108: =IF(U108>$A$14,U108,"") | X108: 46196 | Y108: 270.7033 | Z108: 45930 | AA108: 244.4126 | AB108: 45930 | AC108: 262.266 | AD108: =IF(COUNTIF(AB:AB,Z108),Z108,"") -> 45930
A109: =IF(AND(ISBLANK(W98), A108 = $W$1),NOW(),IF(ISBLANK(W98),"",W98)) | B109: =IF(COUNTIF($W$2:W1094,A109)=1,VLOOKUP(A109,O:P,2), IF(COUNTIF($W$2:W1094,A109)=0,$B$9,"")) | C109: =IF(ISERROR(B109-2),"",(B109-$B$14)*$G$3*$I$3) | E109: =IF(COUNTIF($W$2:W1094,A109)=1,VLOOKUP(A109,Q:R,2), IF(COUNTIF($W$2:W1094,A109)=0,$C$9,"")) | F109: =IF(ISERROR(B109-2),"",(E109-$E$14)/100*$C$5) | G109: =IF(ISERROR(B109-2),"",(INT(A109)-INT($A$14))/360*$C$6*$C$5-(INT(A109)-INT($A$14))/360*$C$7*$C$5*$E$14/100) | H109: =IF(COUNTIF($W$2:W1094,A109)=1,VLOOKUP(A109,S:T,2), IF(COUNTIF($W$2:W1094,A109)=0,$D$9,"")) | I109: =IF(COUNTIF($X$2:X1094,INT(A109))=1,VLOOKUP(INT(A109),X:Y,2), IF(ISERROR(H109-2),"",I108*(1-$D$8*(H109-H108)*0.0001))) | J109: =IF(ISERROR(H109-2),"",I109) | K109: =IF(ISERROR(H109-2),"",(J109/$J$14-1)*$D$5) | M109: =IF(ISERROR(B109-2),"",C109+D109-F109-G109-K109+SUM($L$14:L109)) | U109: =IF(COUNTIF(Q:Q,O109)*COUNTIF(S:S,O109),O109,"") | V109: =IF(U109>$A$14,U109,"") | X109: 46197 | Y109: 270.8029 | Z109: 45931 | AA109: 244.6811 | AB109: 45931 | AC109: 260.63 | AD109: =IF(COUNTIF(AB:AB,Z109),Z109,"") -> 45931
A110: =IF(AND(ISBLANK(W99), A109 = $W$1),NOW(),IF(ISBLANK(W99),"",W99)) | B110: =IF(COUNTIF($W$2:W1095,A110)=1,VLOOKUP(A110,O:P,2), IF(COUNTIF($W$2:W1095,A110)=0,$B$9,"")) | C110: =IF(ISERROR(B110-2),"",(B110-$B$14)*$G$3*$I$3) | E110: =IF(COUNTIF($W$2:W1095,A110)=1,VLOOKUP(A110,Q:R,2), IF(COUNTIF($W$2:W1095,A110)=0,$C$9,"")) | F110: =IF(ISERROR(B110-2),"",(E110-$E$14)/100*$C$5) | G110: =IF(ISERROR(B110-2),"",(INT(A110)-INT($A$14))/360*$C$6*$C$5-(INT(A110)-INT($A$14))/360*$C$7*$C$5*$E$14/100) | H110: =IF(COUNTIF($W$2:W1095,A110)=1,VLOOKUP(A110,S:T,2), IF(COUNTIF($W$2:W1095,A110)=0,$D$9,"")) | I110: =IF(COUNTIF($X$2:X1095,INT(A110))=1,VLOOKUP(INT(A110),X:Y,2), IF(ISERROR(H110-2),"",I109*(1-$D$8*(H110-H109)*0.0001))) | J110: =IF(ISERROR(H110-2),"",I110) | K110: =IF(ISERROR(H110-2),"",(J110/$J$14-1)*$D$5) | M110: =IF(ISERROR(B110-2),"",C110+D110-F110-G110-K110+SUM($L$14:L110)) | U110: =IF(COUNTIF(Q:Q,O110)*COUNTIF(S:S,O110),O110,"") | V110: =IF(U110>$A$14,U110,"") | X110: 46198 | Y110: 270.9793 | Z110: 45932 | AA110: 245.0173 | AB110: 45932 | AC110: 257.889 | AD110: =IF(COUNTIF(AB:AB,Z110),Z110,"") -> 45932
A111: =IF(AND(ISBLANK(W100), A110 = $W$1),NOW(),IF(ISBLANK(W100),"",W100)) | B111: =IF(COUNTIF($W$2:W1096,A111)=1,VLOOKUP(A111,O:P,2), IF(COUNTIF($W$2:W1096,A111)=0,$B$9,"")) | C111: =IF(ISERROR(B111-2),"",(B111-$B$14)*$G$3*$I$3) | E111: =IF(COUNTIF($W$2:W1096,A111)=1,VLOOKUP(A111,Q:R,2), IF(COUNTIF($W$2:W1096,A111)=0,$C$9,"")) | F111: =IF(ISERROR(B111-2),"",(E111-$E$14)/100*$C$5) | G111: =IF(ISERROR(B111-2),"",(INT(A111)-INT($A$14))/360*$C$6*$C$5-(INT(A111)-INT($A$14))/360*$C$7*$C$5*$E$14/100) | H111: =IF(COUNTIF($W$2:W1096,A111)=1,VLOOKUP(A111,S:T,2), IF(COUNTIF($W$2:W1096,A111)=0,$D$9,"")) | I111: =IF(COUNTIF($X$2:X1096,INT(A111))=1,VLOOKUP(INT(A111),X:Y,2), IF(ISERROR(H111-2),"",I110*(1-$D$8*(H111-H110)*0.0001))) | J111: =IF(ISERROR(H111-2),"",I111) | K111: =IF(ISERROR(H111-2),"",(J111/$J$14-1)*$D$5) | M111: =IF(ISERROR(B111-2),"",C111+D111-F111-G111-K111+SUM($L$14:L111)) | U111: =IF(COUNTIF(Q:Q,O111)*COUNTIF(S:S,O111),O111,"") | V111: =IF(U111>$A$14,U111,"") | Z111: 45933 | AA111: 244.9651 | AB111: 45933 | AC111: 258.346 | AD111: =IF(COUNTIF(AB:AB,Z111),Z111,"") -> 45933
A112: =IF(AND(ISBLANK(W101), A111 = $W$1),NOW(),IF(ISBLANK(W101),"",W101)) | B112: =IF(COUNTIF($W$2:W1097,A112)=1,VLOOKUP(A112,O:P,2), IF(COUNTIF($W$2:W1097,A112)=0,$B$9,"")) | C112: =IF(ISERROR(B112-2),"",(B112-$B$14)*$G$3*$I$3) | E112: =IF(COUNTIF($W$2:W1097,A112)=1,VLOOKUP(A112,Q:R,2), IF(COUNTIF($W$2:W1097,A112)=0,$C$9,"")) | F112: =IF(ISERROR(B112-2),"",(E112-$E$14)/100*$C$5) | G112: =IF(ISERROR(B112-2),"",(INT(A112)-INT($A$14))/360*$C$6*$C$5-(INT(A112)-INT($A$14))/360*$C$7*$C$5*$E$14/100) | H112: =IF(COUNTIF($W$2:W1097,A112)=1,VLOOKUP(A112,S:T,2), IF(COUNTIF($W$2:W1097,A112)=0,$D$9,"")) | I112: =IF(COUNTIF($X$2:X1097,INT(A112))=1,VLOOKUP(INT(A112),X:Y,2), IF(ISERROR(H112-2),"",I111*(1-$D$8*(H112-H111)*0.0001))) | J112: =IF(ISERROR(H112-2),"",I112) | K112: =IF(ISERROR(H112-2),"",(J112/$J$14-1)*$D$5) | M112: =IF(ISERROR(B112-2),"",C112+D112-F112-G112-K112+SUM($L$14:L112)) | U112: =IF(COUNTIF(Q:Q,O112)*COUNTIF(S:S,O112),O112,"") | V112: =IF(U112>$A$14,U112,"") | Z112: 45936 | AA112: 244.7215 | AB112: 45936 | AC112: 261.209 | AD112: =IF(COUNTIF(AB:AB,Z112),Z112,"") -> 45936
A113: =IF(AND(ISBLANK(W102), A112 = $W$1),NOW(),IF(ISBLANK(W102),"",W102)) | B113: =IF(COUNTIF($W$2:W1098,A113)=1,VLOOKUP(A113,O:P,2), IF(COUNTIF($W$2:W1098,A113)=0,$B$9,"")) | C113: =IF(ISERROR(B113-2),"",(B113-$B$14)*$G$3*$I$3) | E113: =IF(COUNTIF($W$2:W1098,A113)=1,VLOOKUP(A113,Q:R,2), IF(COUNTIF($W$2:W1098,A113)=0,$C$9,"")) | F113: =IF(ISERROR(B113-2),"",(E113-$E$14)/100*$C$5) | G113: =IF(ISERROR(B113-2),"",(INT(A113)-INT($A$14))/360*$C$6*$C$5-(INT(A113)-INT($A$14))/360*$C$7*$C$5*$E$14/100) | H113: =IF(COUNTIF($W$2:W1098,A113)=1,VLOOKUP(A113,S:T,2), IF(COUNTIF($W$2:W1098,A113)=0,$D$9,"")) | I113: =IF(COUNTIF($X$2:X1098,INT(A113))=1,VLOOKUP(INT(A113),X:Y,2), IF(ISERROR(H113-2),"",I112*(1-$D$8*(H113-H112)*0.0001))) | J113: =IF(ISERROR(H113-2),"",I113) | K113: =IF(ISERROR(H113-2),"",(J113/$J$14-1)*$D$5) | M113: =IF(ISERROR(B113-2),"",C113+D113-F113-G113-K113+SUM($L$14:L113)) | U113: =IF(COUNTIF(Q:Q,O113)*COUNTIF(S:S,O113),O113,"") | V113: =IF(U113>$A$14,U113,"") | Z113: 45937 | AA113: 244.3331 | AB113: 45937 | AC113: 265.352 | AD113: =IF(COUNTIF(AB:AB,Z113),Z113,"") -> 45937
A114: =IF(AND(ISBLANK(W103), A113 = $W$1),NOW(),IF(ISBLANK(W103),"",W103)) | B114: =IF(COUNTIF($W$2:W1099,A114)=1,VLOOKUP(A114,O:P,2), IF(COUNTIF($W$2:W1099,A114)=0,$B$9,"")) | C114: =IF(ISERROR(B114-2),"",(B114-$B$14)*$G$3*$I$3) | E114: =IF(COUNTIF($W$2:W1099,A114)=1,VLOOKUP(A114,Q:R,2), IF(COUNTIF($W$2:W1099,A114)=0,$C$9,"")) | F114: =IF(ISERROR(B114-2),"",(E114-$E$14)/100*$C$5) | G114: =IF(ISERROR(B114-2),"",(INT(A114)-INT($A$14))/360*$C$6*$C$5-(INT(A114)-INT($A$14))/360*$C$7*$C$5*$E$14/100) | H114: =IF(COUNTIF($W$2:W1099,A114)=1,VLOOKUP(A114,S:T,2), IF(COUNTIF($W$2:W1099,A114)=0,$D$9,"")) | I114: =IF(COUNTIF($X$2:X1099,INT(A114))=1,VLOOKUP(INT(A114),X:Y,2), IF(ISERROR(H114-2),"",I113*(1-$D$8*(H114-H113)*0.0001))) | J114: =IF(ISERROR(H114-2),"",I114) | K114: =IF(ISERROR(H114-2),"",(J114/$J$14-1)*$D$5) | M114: =IF(ISERROR(B114-2),"",C114+D114-F114-G114-K114+SUM($L$14:L114)) | U114: =IF(COUNTIF(Q:Q,O114)*COUNTIF(S:S,O114),O114,"") | V114: =IF(U114>$A$14,U114,"") | Z114: 45938 | AA114: 244.2356 | AB114: 45938 | AC114: 265.353 | AD114: =IF(COUNTIF(AB:AB,Z114),Z114,"") -> 45938
A115: =IF(AND(ISBLANK(W104), A114 = $W$1),NOW(),IF(ISBLANK(W104),"",W104)) | B115: =IF(COUNTIF($W$2:W1100,A115)=1,VLOOKUP(A115,O:P,2), IF(COUNTIF($W$2:W1100,A115)=0,$B$9,"")) | C115: =IF(ISERROR(B115-2),"",(B115-$B$14)*$G$3*$I$3) | E115: =IF(COUNTIF($W$2:W1100,A115)=1,VLOOKUP(A115,Q:R,2), IF(COUNTIF($W$2:W1100,A115)=0,$C$9,"")) | F115: =IF(ISERROR(B115-2),"",(E115-$E$14)/100*$C$5) | G115: =IF(ISERROR(B115-2),"",(INT(A115)-INT($A$14))/360*$C$6*$C$5-(INT(A115)-INT($A$14))/360*$C$7*$C$5*$E$14/100) | H115: =IF(COUNTIF($W$2:W1100,A115)=1,VLOOKUP(A115,S:T,2), IF(COUNTIF($W$2:W1100,A115)=0,$D$9,"")) | I115: =IF(COUNTIF($X$2:X1100,INT(A115))=1,VLOOKUP(INT(A115),X:Y,2), IF(ISERROR(H115-2),"",I114*(1-$D$8*(H115-H114)*0.0001))) | J115: =IF(ISERROR(H115-2),"",I115) | K115: =IF(ISERROR(H115-2),"",(J115/$J$14-1)*$D$5) | M115: =IF(ISERROR(B115-2),"",C115+D115-F115-G115-K115+SUM($L$14:L115)) | U115: =IF(COUNTIF(Q:Q,O115)*COUNTIF(S:S,O115),O115,"") | V115: =IF(U115>$A$14,U115,"") | Z115: 45939 | AA115: 243.4687 | AB115: 45939 | AC115: 271.958 | AD115: =IF(COUNTIF(AB:AB,Z115),Z115,"") -> 45939
A116: =IF(AND(ISBLANK(W105), A115 = $W$1),NOW(),IF(ISBLANK(W105),"",W105)) | B116: =IF(COUNTIF($W$2:W1101,A116)=1,VLOOKUP(A116,O:P,2), IF(COUNTIF($W$2:W1101,A116)=0,$B$9,"")) | C116: =IF(ISERROR(B116-2),"",(B116-$B$14)*$G$3*$I$3) | E116: =IF(COUNTIF($W$2:W1101,A116)=1,VLOOKUP(A116,Q:R,2), IF(COUNTIF($W$2:W1101,A116)=0,$C$9,"")) | F116: =IF(ISERROR(B116-2),"",(E116-$E$14)/100*$C$5) | G116: =IF(ISERROR(B116-2),"",(INT(A116)-INT($A$14))/360*$C$6*$C$5-(INT(A116)-INT($A$14))/360*$C$7*$C$5*$E$14/100) | H116: =IF(COUNTIF($W$2:W1101,A116)=1,VLOOKUP(A116,S:T,2), IF(COUNTIF($W$2:W1101,A116)=0,$D$9,"")) | I116: =IF(COUNTIF($X$2:X1101,INT(A116))=1,VLOOKUP(INT(A116),X:Y,2), IF(ISERROR(H116-2),"",I115*(1-$D$8*(H116-H115)*0.0001))) | J116: =IF(ISERROR(H116-2),"",I116) | K116: =IF(ISERROR(H116-2),"",(J116/$J$14-1)*$D$5) | M116: =IF(ISERROR(B116-2),"",C116+D116-F116-G116-K116+SUM($L$14:L116)) | U116: =IF(COUNTIF(Q:Q,O116)*COUNTIF(S:S,O116),O116,"") | V116: =IF(U116>$A$14,U116,"") | Z116: 45940 | AA116: 242.1329 | AB116: 45940 | AC116: 283.275 | AD116: =IF(COUNTIF(AB:AB,Z116),Z116,"") -> 45940
A117: =IF(AND(ISBLANK(W106), A116 = $W$1),NOW(),IF(ISBLANK(W106),"",W106)) | B117: =IF(COUNTIF($W$2:W1102,A117)=1,VLOOKUP(A117,O:P,2), IF(COUNTIF($W$2:W1102,A117)=0,$B$9,"")) | C117: =IF(ISERROR(B117-2),"",(B117-$B$14)*$G$3*$I$3) | E117: =IF(COUNTIF($W$2:W1102,A117)=1,VLOOKUP(A117,Q:R,2), IF(COUNTIF($W$2:W1102,A117)=0,$C$9,"")) | F117: =IF(ISERROR(B117-2),"",(E117-$E$14)/100*$C$5) | G117: =IF(ISERROR(B117-2),"",(INT(A117)-INT($A$14))/360*$C$6*$C$5-(INT(A117)-INT($A$14))/360*$C$7*$C$5*$E$14/100) | H117: =IF(COUNTIF($W$2:W1102,A117)=1,VLOOKUP(A117,S:T,2), IF(COUNTIF($W$2:W1102,A117)=0,$D$9,"")) | I117: =IF(COUNTIF($X$2:X1102,INT(A117))=1,VLOOKUP(INT(A117),X:Y,2), IF(ISERROR(H117-2),"",I116*(1-$D$8*(H117-H116)*0.0001))) | J117: =IF(ISERROR(H117-2),"",I117) | K117: =IF(ISERROR(H117-2),"",(J117/$J$14-1)*$D$5) | M117: =IF(ISERROR(B117-2),"",C117+D117-F117-G117-K117+SUM($L$14:L117)) | U117: =IF(COUNTIF(Q:Q,O117)*COUNTIF(S:S,O117),O117,"") | V117: =IF(U117>$A$14,U117,"") | Z117: 45943 | AA117: 242.5072 | AB117: 45943 | AC117: 280.701 | AD117: =IF(COUNTIF(AB:AB,Z117),Z117,"") -> 45943
A118: =IF(AND(ISBLANK(W107), A117 = $W$1),NOW(),IF(ISBLANK(W107),"",W107)) | B118: =IF(COUNTIF($W$2:W1103,A118)=1,VLOOKUP(A118,O:P,2), IF(COUNTIF($W$2:W1103,A118)=0,$B$9,"")) | C118: =IF(ISERROR(B118-2),"",(B118-$B$14)*$G$3*$I$3) | E118: =IF(COUNTIF($W$2:W1103,A118)=1,VLOOKUP(A118,Q:R,2), IF(COUNTIF($W$2:W1103,A118)=0,$C$9,"")) | F118: =IF(ISERROR(B118-2),"",(E118-$E$14)/100*$C$5) | G118: =IF(ISERROR(B118-2),"",(INT(A118)-INT($A$14))/360*$C$6*$C$5-(INT(A118)-INT($A$14))/360*$C$7*$C$5*$E$14/100) | H118: =IF(COUNTIF($W$2:W1103,A118)=1,VLOOKUP(A118,S:T,2), IF(COUNTIF($W$2:W1103,A118)=0,$D$9,"")) | I118: =IF(COUNTIF($X$2:X1103,INT(A118))=1,VLOOKUP(INT(A118),X:Y,2), IF(ISERROR(H118-2),"",I117*(1-$D$8*(H118-H117)*0.0001))) | J118: =IF(ISERROR(H118-2),"",I118) | K118: =IF(ISERROR(H118-2),"",(J118/$J$14-1)*$D$5) | M118: =IF(ISERROR(B118-2),"",C118+D118-F118-G118-K118+SUM($L$14:L118)) | U118: =IF(COUNTIF(Q:Q,O118)*COUNTIF(S:S,O118),O118,"") | V118: =IF(U118>$A$14,U118,"") | Z118: 45944 | AA118: 242.9716 | AB118: 45944 | AC118: 275.898 | AD118: =IF(COUNTIF(AB:AB,Z118),Z118,"") -> 45944
A119: =IF(AND(ISBLANK(W108), A118 = $W$1),NOW(),IF(ISBLANK(W108),"",W108)) | B119: =IF(COUNTIF($W$2:W1104,A119)=1,VLOOKUP(A119,O:P,2), IF(COUNTIF($W$2:W1104,A119)=0,$B$9,"")) | C119: =IF(ISERROR(B119-2),"",(B119-$B$14)*$G$3*$I$3) | E119: =IF(COUNTIF($W$2:W1104,A119)=1,VLOOKUP(A119,Q:R,2), IF(COUNTIF($W$2:W1104,A119)=0,$C$9,"")) | F119: =IF(ISERROR(B119-2),"",(E119-$E$14)/100*$C$5) | G119: =IF(ISERROR(B119-2),"",(INT(A119)-INT($A$14))/360*$C$6*$C$5-(INT(A119)-INT($A$14))/360*$C$7*$C$5*$E$14/100) | H119: =IF(COUNTIF($W$2:W1104,A119)=1,VLOOKUP(A119,S:T,2), IF(COUNTIF($W$2:W1104,A119)=0,$D$9,"")) | I119: =IF(COUNTIF($X$2:X1104,INT(A119))=1,VLOOKUP(INT(A119),X:Y,2), IF(ISERROR(H119-2),"",I118*(1-$D$8*(H119-H118)*0.0001))) | J119: =IF(ISERROR(H119-2),"",I119) | K119: =IF(ISERROR(H119-2),"",(J119/$J$14-1)*$D$5) | M119: =IF(ISERROR(B119-2),"",C119+D119-F119-G119-K119+SUM($L$14:L119)) | U119: =IF(COUNTIF(Q:Q,O119)*COUNTIF(S:S,O119),O119,"") | V119: =IF(U119>$A$14,U119,"") | Z119: 45945 | AA119: 244.0896 | AB119: 45945 | AC119: 269.797 | AD119: =IF(COUNTIF(AB:AB,Z119),Z119,"") -> 45945
A120: =IF(AND(ISBLANK(W109), A119 = $W$1),NOW(),IF(ISBLANK(W109),"",W109)) | B120: =IF(COUNTIF($W$2:W1105,A120)=1,VLOOKUP(A120,O:P,2), IF(COUNTIF($W$2:W1105,A120)=0,$B$9,"")) | C120: =IF(ISERROR(B120-2),"",(B120-$B$14)*$G$3*$I$3) | E120: =IF(COUNTIF($W$2:W1105,A120)=1,VLOOKUP(A120,Q:R,2), IF(COUNTIF($W$2:W1105,A120)=0,$C$9,"")) | F120: =IF(ISERROR(B120-2),"",(E120-$E$14)/100*$C$5) | G120: =IF(ISERROR(B120-2),"",(INT(A120)-INT($A$14))/360*$C$6*$C$5-(INT(A120)-INT($A$14))/360*$C$7*$C$5*$E$14/100) | H120: =IF(COUNTIF($W$2:W1105,A120)=1,VLOOKUP(A120,S:T,2), IF(COUNTIF($W$2:W1105,A120)=0,$D$9,"")) | I120: =IF(COUNTIF($X$2:X1105,INT(A120))=1,VLOOKUP(INT(A120),X:Y,2), IF(ISERROR(H120-2),"",I119*(1-$D$8*(H120-H119)*0.0001))) | J120: =IF(ISERROR(H120-2),"",I120) | K120: =IF(ISERROR(H120-2),"",(J120/$J$14-1)*$D$5) | M120: =IF(ISERROR(B120-2),"",C120+D120-F120-G120-K120+SUM($L$14:L120)) | U120: =IF(COUNTIF(Q:Q,O120)*COUNTIF(S:S,O120),O120,"") | V120: =IF(U120>$A$14,U120,"") | Z120: 45946 | AA120: 243.5917 | AB120: 45946 | AC120: 273.655 | AD120: =IF(COUNTIF(AB:AB,Z120),Z120,"") -> 45946
A121: =IF(AND(ISBLANK(W110), A120 = $W$1),NOW(),IF(ISBLANK(W110),"",W110)) | B121: =IF(COUNTIF($W$2:W1106,A121)=1,VLOOKUP(A121,O:P,2), IF(COUNTIF($W$2:W1106,A121)=0,$B$9,"")) | C121: =IF(ISERROR(B121-2),"",(B121-$B$14)*$G$3*$I$3) | E121: =IF(COUNTIF($W$2:W1106,A121)=1,VLOOKUP(A121,Q:R,2), IF(COUNTIF($W$2:W1106,A121)=0,$C$9,"")) | F121: =IF(ISERROR(B121-2),"",(E121-$E$14)/100*$C$5) | G121: =IF(ISERROR(B121-2),"",(INT(A121)-INT($A$14))/360*$C$6*$C$5-(INT(A121)-INT($A$14))/360*$C$7*$C$5*$E$14/100) | H121: =IF(COUNTIF($W$2:W1106,A121)=1,VLOOKUP(A121,S:T,2), IF(COUNTIF($W$2:W1106,A121)=0,$D$9,"")) | I121: =IF(COUNTIF($X$2:X1106,INT(A121))=1,VLOOKUP(INT(A121),X:Y,2), IF(ISERROR(H121-2),"",I120*(1-$D$8*(H121-H120)*0.0001))) | J121: =IF(ISERROR(H121-2),"",I121) | K121: =IF(ISERROR(H121-2),"",(J121/$J$14-1)*$D$5) | M121: =IF(ISERROR(B121-2),"",C121+D121-F121-G121-K121+SUM($L$14:L121)) | U121: =IF(COUNTIF(Q:Q,O121)*COUNTIF(S:S,O121),O121,"") | V121: =IF(U121>$A$14,U121,"") | Z121: 45947 | AA121: 243.0658 | AB121: 45947 | AC121: 277.446 | AD121: =IF(COUNTIF(AB:AB,Z121),Z121,"") -> 45947
A122: =IF(AND(ISBLANK(W111), A121 = $W$1),NOW(),IF(ISBLANK(W111),"",W111)) | B122: =IF(COUNTIF($W$2:W1107,A122)=1,VLOOKUP(A122,O:P,2), IF(COUNTIF($W$2:W1107,A122)=0,$B$9,"")) | C122: =IF(ISERROR(B122-2),"",(B122-$B$14)*$G$3*$I$3) | E122: =IF(COUNTIF($W$2:W1107,A122)=1,VLOOKUP(A122,Q:R,2), IF(COUNTIF($W$2:W1107,A122)=0,$C$9,"")) | F122: =IF(ISERROR(B122-2),"",(E122-$E$14)/100*$C$5) | G122: =IF(ISERROR(B122-2),"",(INT(A122)-INT($A$14))/360*$C$6*$C$5-(INT(A122)-INT($A$14))/360*$C$7*$C$5*$E$14/100) | H122: =IF(COUNTIF($W$2:W1107,A122)=1,VLOOKUP(A122,S:T,2), IF(COUNTIF($W$2:W1107,A122)=0,$D$9,"")) | I122: =IF(COUNTIF($X$2:X1107,INT(A122))=1,VLOOKUP(INT(A122),X:Y,2), IF(ISERROR(H122-2),"",I121*(1-$D$8*(H122-H121)*0.0001))) | J122: =IF(ISERROR(H122-2),"",I122) | K122: =IF(ISERROR(H122-2),"",(J122/$J$14-1)*$D$5) | M122: =IF(ISERROR(B122-2),"",C122+D122-F122-G122-K122+SUM($L$14:L122)) | U122: =IF(COUNTIF(Q:Q,O122)*COUNTIF(S:S,O122),O122,"") | V122: =IF(U122>$A$14,U122,"") | Z122: 45950 | AA122: 244.0598 | AB122: 45950 | AC122: 269.544 | AD122: =IF(COUNTIF(AB:AB,Z122),Z122,"") -> 45950
... A167: =IF(AND(ISBLANK(W156), A166 = $W$1),NOW(),IF(ISBLANK(W156),"",W156)) | B167: =IF(COUNTIF($W$2:W1152,A167)=1,VLOOKUP(A167,O:P,2), IF(COUNTIF($W$2:W1152,A167)=0,$B$9,"")) | C167: =IF(ISERROR(B167-2),"",(B167-$B$14)*$G$3*$I$3) | E167: =IF(COUNTIF($W$2:W1152,A167)=1,VLOOKUP(A167,Q:R,2), IF(COUNTIF($W$2:W1152,A167)=0,$C$9,"")) | F167: =IF(ISERROR(B167-2),"",(E167-$E$14)/100*$C$5) | G167: =IF(ISERROR(B167-2),"",(INT(A167)-INT($A$14))/360*$C$6*$C$5-(INT(A167)-INT($A$14))/360*$C$7*$C$5*$E$14/100) | H167: =IF(COUNTIF($W$2:W1152,A167)=1,VLOOKUP(A167,S:T,2), IF(COUNTIF($W$2:W1152,A167)=0,$D$9,"")) | I167: =IF(COUNTIF($X$2:X1152,INT(A167))=1,VLOOKUP(INT(A167),X:Y,2), IF(ISERROR(H167-2),"",I166*(1-$D$8*(H167-H166)*0.0001))) | J167: =IF(ISERROR(H167-2),"",I167) | K167: =IF(ISERROR(H167-2),"",(J167/$J$14-1)*$D$5) | M167: =IF(ISERROR(B167-2),"",C167+D167-F167-G167-K167+SUM($L$14:L167)) | U167: =IF(COUNTIF(Q:Q,O167)*COUNTIF(S:S,O167),O167,"") | V167: =IF(U167>$A$14,U167,"") | Z167: 46013 | AA167: 248.3845 | AB167: 46013 | AC167: 244.008 | AD167: =IF(COUNTIF(AB:AB,Z167),Z167,"") -> 46013
U168: =IF(COUNTIF(Q:Q,O168)*COUNTIF(S:S,O168),O168,"") | V168: =IF(U168>$A$14,U168,"") | Z168: 46014 | AA168: 248.2798 | AB168: 46014 | AC168: 244.649 | AD168: =IF(COUNTIF(AB:AB,Z168),Z168,"") -> 46014
U169: =IF(COUNTIF(Q:Q,O169)*COUNTIF(S:S,O169),O169,"") | V169: =IF(U169>$A$14,U169,"") | Z169: 46015 | AA169: 248.3295 | AB169: 46015 | AC169: 244.442 | AD169: =IF(COUNTIF(AB:AB,Z169),Z169,"") -> 46015
U170: =IF(COUNTIF(Q:Q,O170)*COUNTIF(S:S,O170),O170,"") | V170: =IF(U170>$A$14,U170,"") | Z170: 46020 | AA170: 248.321 | AB170: 46020 | AC170: 245.09 | AD170: =IF(COUNTIF(AB:AB,Z170),Z170,"") -> 46020
U171: =IF(COUNTIF(Q:Q,O171)*COUNTIF(S:S,O171),O171,"") | V171: =IF(U171>$A$14,U171,"") | Z171: 46021 | AA171: 248.6404 | AB171: 46021 | AC171: 244.199 | AD171: =IF(COUNTIF(AB:AB,Z171),Z171,"") -> 46021
U172: =IF(COUNTIF(Q:Q,O172)*COUNTIF(S:S,O172),O172,"") | V172: =IF(U172>$A$14,U172,"") | Z172: 46022 | AA172: 248.5951 | AB172: 46022 | AC172: 244.239 | AD172: =IF(COUNTIF(AB:AB,Z172),Z172,"") -> 46022
U173: =IF(COUNTIF(Q:Q,O173)*COUNTIF(S:S,O173),O173,"") | V173: =IF(U173>$A$14,U173,"") | Z173: 46024 | AA173: 248.6541 | AB173: 46024 | AC173: 243.732 | AD173: =IF(COUNTIF(AB:AB,Z173),Z173,"") -> 46024
U174: =IF(COUNTIF(Q:Q,O174)*COUNTIF(S:S,O174),O174,"") | V174: =IF(U174>$A$14,U174,"") | Z174: 46027 | AA174: 248.8352 | AB174: 46027 | AC174: 242.146 | AD174: =IF(COUNTIF(AB:AB,Z174),Z174,"") -> 46027
U175: =IF(COUNTIF(Q:Q,O175)*COUNTIF(S:S,O175),O175,"") | V175: =IF(U175>$A$14,U175,"") | Z175: 46028 | AA175: 248.9125 | AB175: 46028 | AC175: 242.204 | AD175: =IF(COUNTIF(AB:AB,Z175),Z175,"") -> 46028
U176: =IF(COUNTIF(Q:Q,O176)*COUNTIF(S:S,O176),O176,"") | V176: =IF(U176>$A$14,U176,"") | Z176: 46029 | AA176: 248.8612 | AB176: 46029 | AC176: 242.517 | AD176: =IF(COUNTIF(AB:AB,Z176),Z176,"") -> 46029
U177: =IF(COUNTIF(Q:Q,O177)*COUNTIF(S:S,O177),O177,"") | V177: =IF(U177>$A$14,U177,"") | Z177: 46030 | AA177: 248.8498 | AB177: 46030 | AC177: 242.678 | AD177: =IF(COUNTIF(AB:AB,Z177),Z177,"") -> 46030
U178: =IF(COUNTIF(Q:Q,O178)*COUNTIF(S:S,O178),O178,"") | V178: =IF(U178>$A$14,U178,"") | Z178: 46031 | AA178: 249.1305 | AB178: 46031 | AC178: 240.936 | AD178: =IF(COUNTIF(AB:AB,Z178),Z178,"") -> 46031
U179: =IF(COUNTIF(Q:Q,O179)*COUNTIF(S:S,O179),O179,"") | V179: =IF(U179>$A$14,U179,"") | Z179: 46034 | AA179: 249.2547 | AB179: 46034 | AC179: 240.258 | AD179: =IF(COUNTIF(AB:AB,Z179),Z179,"") -> 46034
... U293: =IF(COUNTIF(Q:Q,O293)*COUNTIF(S:S,O293),O293,"") | V293: =IF(U293>$A$14,U293,"") | Z293: 46198 | AA293: 255.5413 | AB293: 46198 | AC293: 247.307 | AD293: =IF(COUNTIF(AB:AB,Z293),Z293,"") -> 46198
U294: =IF(COUNTIF(Q:Q,O294)*COUNTIF(S:S,O294),O294,"") | V294: =IF(U294>$A$14,U294,"") | AD294: =IF(COUNTIF(AB:AB,Z294),Z294,"")
U295: =IF(COUNTIF(Q:Q,O295)*COUNTIF(S:S,O295),O295,"") | V295: =IF(U295>$A$14,U295,"") | AD295: =IF(COUNTIF(AB:AB,Z295),Z295,"")
U296: =IF(COUNTIF(Q:Q,O296)*COUNTIF(S:S,O296),O296,"") | V296: =IF(U296>$A$14,U296,"") | AD296: =IF(COUNTIF(AB:AB,Z296),Z296,"")
U297: =IF(COUNTIF(Q:Q,O297)*COUNTIF(S:S,O297),O297,"") | V297: =IF(U297>$A$14,U297,"") | AD297: =IF(COUNTIF(AB:AB,Z297),Z297,"")
U298: =IF(COUNTIF(Q:Q,O298)*COUNTIF(S:S,O298),O298,"") | V298: =IF(U298>$A$14,U298,"") | AD298: =IF(COUNTIF(AB:AB,Z298),Z298,"")
U299: =IF(COUNTIF(Q:Q,O299)*COUNTIF(S:S,O299),O299,"") | V299: =IF(U299>$A$14,U299,"") | AD299: =IF(COUNTIF(AB:AB,Z299),Z299,"")
U300: =IF(COUNTIF(Q:Q,O300)*COUNTIF(S:S,O300),O300,"") | V300: =IF(U300>$A$14,U300,"") | AD300: =IF(COUNTIF(AB:AB,Z300),Z300,"")
U301: =IF(COUNTIF(Q:Q,O301)*COUNTIF(S:S,O301),O301,"") | V301: =IF(U301>$A$14,U301,"") | AD301: =IF(COUNTIF(AB:AB,Z301),Z301,"")
U302: =IF(COUNTIF(Q:Q,O302)*COUNTIF(S:S,O302),O302,"") | V302: =IF(U302>$A$14,U302,"") | AD302: =IF(COUNTIF(AB:AB,Z302),Z302,"")
U303: =IF(COUNTIF(Q:Q,O303)*COUNTIF(S:S,O303),O303,"") | V303: =IF(U303>$A$14,U303,"") | AD303: =IF(COUNTIF(AB:AB,Z303),Z303,"")
U304: =IF(COUNTIF(Q:Q,O304)*COUNTIF(S:S,O304),O304,"") | V304: =IF(U304>$A$14,U304,"") | AD304: =IF(COUNTIF(AB:AB,Z304),Z304,"")
U305: =IF(COUNTIF(Q:Q,O305)*COUNTIF(S:S,O305),O305,"") | V305: =IF(U305>$A$14,U305,"") | AD305: =IF(COUNTIF(AB:AB,Z305),Z305,"")
... U421: =IF(COUNTIF(Q:Q,O421)*COUNTIF(S:S,O421),O421,"") | V421: =IF(U421>$A$14,U421,"") | AD421: =IF(COUNTIF(AB:AB,Z421),Z421,"")
U422: =IF(COUNTIF(Q:Q,O422)*COUNTIF(S:S,O422),O422,"") | V422: =IF(U422>$A$14,U422,"")
U423: =IF(COUNTIF(Q:Q,O423)*COUNTIF(S:S,O423),O423,"") | V423: =IF(U423>$A$14,U423,"")
U424: =IF(COUNTIF(Q:Q,O424)*COUNTIF(S:S,O424),O424,"") | V424: =IF(U424>$A$14,U424,"")
U425: =IF(COUNTIF(Q:Q,O425)*COUNTIF(S:S,O425),O425,"") | V425: =IF(U425>$A$14,U425,"")
U426: =IF(COUNTIF(Q:Q,O426)*COUNTIF(S:S,O426),O426,"") | V426: =IF(U426>$A$14,U426,"")
U427: =IF(COUNTIF(Q:Q,O427)*COUNTIF(S:S,O427),O427,"") | V427: =IF(U427>$A$14,U427,"")
U428: =IF(COUNTIF(Q:Q,O428)*COUNTIF(S:S,O428),O428,"") | V428: =IF(U428>$A$14,U428,"")
U429: =IF(COUNTIF(Q:Q,O429)*COUNTIF(S:S,O429),O429,"") | V429: =IF(U429>$A$14,U429,"")
U430: =IF(COUNTIF(Q:Q,O430)*COUNTIF(S:S,O430),O430,"") | V430: =IF(U430>$A$14,U430,"")
U431: =IF(COUNTIF(Q:Q,O431)*COUNTIF(S:S,O431),O431,"") | V431: =IF(U431>$A$14,U431,"")
U432: =IF(COUNTIF(Q:Q,O432)*COUNTIF(S:S,O432),O432,"") | V432: =IF(U432>$A$14,U432,"")
U433: =IF(COUNTIF(Q:Q,O433)*COUNTIF(S:S,O433),O433,"") | V433: =IF(U433>$A$14,U433,"")
... U569: =IF(COUNTIF(Q:Q,O569)*COUNTIF(S:S,O569),O569,"") | V569: =IF(U569>$A$14,U569,"")

Sheet 13
D1: ERIXITXO INDEX | W1: {=LOOKUP(2,1/(W:W<>""),W:W)} -> 46198.625 | AE1: Last ER Date = | AF1: {=LOOKUP(2,1/(AD:AD<>""),AD:AD)} -> 46198
B2: Long Risk | C2: Short Risk | D2: Short Risk | G2: IHYG Units | H2: =B5/B14 -> 320034.14 | O2: Long Risk | Q2: Short Risk | S2: Short Risk | W2: {=_xlfn.UNIQUE(V:V)} -> 0 | AE2: Last CDX = | AF2: =VLOOKUP(AF1,AB:AC,2) -> 247.307
A3: Name= | B3: IHYG | C3: OBL 2.4% 10/28 | D3: Xover S44 | H3: Dvd | O3: {=_xll.BDH(B4, "LAST_PRICE", "01/26/2026 15:00:00", "01/26/2035 16:00:00", "BarSize=60", "BarType=T", "RecurDaily=True", "TZ=London")} -> 46048.625 | P3: 93.62 | Q3: {=_xll.BDH(C4, "LAST_PRICE", "01/26/2026 15:00:00", "01/01/2035 16:00:00", "BarSize=60", "BarType=T", "RecurDaily=True", "TZ=London")} -> 46048.625 | R3: 100.566 | S3: {=_xll.BDH(D4, "LAST_PRICE", "01/26/2026 15:00:00", "01/01/2035 16:00:00", "BarSize=60", "BarType=T", "RecurDaily=True", "TZ=London")} -> 46048.625 | T3: 242.329 | U3: =IF(COUNTIF(Q:Q,O3)*COUNTIF(S:S,O3),O3,"") -> 46048.625 | V3: =IF(U3>$A$14,U3,"") | Z3: {=_xll.BDH(D1, "LAST_PRICE", "05/01/2025","")} -> 45778 | AA3: 231.3922 | AB3: {=_xll.BDH(D4, "LAST_PRICE", "05/01/2025", "")} -> 45778 | AC3: 343.699 | AD3: =IF(COUNTIF(AB:AB,Z3),Z3,"") -> 45778 | AE3: Last ER = | AF3: =VLOOKUP(AF1,Z:AA,2) -> 255.5413
A4: BBG Ticker= | B4: IHYG LN EQUITY | C4: ZK885444@BGN Corp | D4: ITRX XOVER CDSI GEN 5Y CORP | H4: 46100 | I4: IHYG | J4: 2.3303 | O4: 46049.625 | P4: 93.74 | Q4: 46049.625 | R4: 100.59 | S4: 46049.625 | T4: 241.372 | U4: =IF(COUNTIF(Q:Q,O4)*COUNTIF(S:S,O4),O4,"") -> 46049.625 | V4: =IF(U4>$A$14,U4,"") | W4: 46050.625 | X4: {=_xll.BDH("ERIXILXO Index", "PX_LAST", "01/22/2026", "")} -> 46044 | Y4: 264.1611 | Z4: 45779 | AA4: 232.4699 | AB4: 45779 | AC4: 333.964 | AD4: =IF(COUNTIF(AB:AB,Z4),Z4,"") -> 45779 | AE4: Carry Days = | AF4: =INT(NOW())-INT(AF1) -> 0
A5: Not'l= | B5: =30*10^6 -> 30000000 | C5: =26*10^6 -> 26000000 | D5: =18.7*10^6 -> 18700000 | O5: 46050.625 | P5: 93.63 | Q5: 46050.625 | R5: 100.65 | S5: 46050.625 | T5: 244.391 | U5: =IF(COUNTIF(Q:Q,O5)*COUNTIF(S:S,O5),O5,"") -> 46050.625 | V5: =IF(U5>$A$14,U5,"") -> 46050.625 | W5: 46051.625 | X5: 46045 | Y5: 263.9462 | Z5: 45783 | AA5: 232.7954 | AB5: 45783 | AC5: 331.257 | AD5: =IF(COUNTIF(AB:AB,Z5),Z5,"") -> 45783
A6: Carry= | B6: 0 | C6: 0.024 | D6: 0.05 | O6: 46051.625 | P6: 93.53 | Q6: 46051.625 | R6: 100.706 | S6: 46051.625 | T6: 249.25 | U6: =IF(COUNTIF(Q:Q,O6)*COUNTIF(S:S,O6),O6,"") -> 46051.625 | V6: =IF(U6>$A$14,U6,"") -> 46051.625 | W6: 46052.625 | X6: 46048 | Y6: 264.0295 | Z6: 45784 | AA6: 232.8287 | AB6: 45784 | AC6: 330.319 | AD6: =IF(COUNTIF(AB:AB,Z6),Z6,"") -> 45784
A7: Financing Rate= | B7: {=_xll.BDP("EURR002W INDEX","PX_LAST")/100+0.25/100} -> 0.0265 | C7: {=_xll.BDP("EURR002W INDEX","PX_LAST")/100} -> 0.024 | D7: 0 | O7: 46052.625 | P7: 93.62 | Q7: 46052.625 | R7: 100.675 | S7: 46052.625 | T7: 246.12 | U7: =IF(COUNTIF(Q:Q,O7)*COUNTIF(S:S,O7),O7,"") -> 46052.625 | V7: =IF(U7>$A$14,U7,"") -> 46052.625 | W7: 46055.625 | X7: 46049 | Y7: 264.1769 | Z7: 45785 | AA7: 233.9237 | AB7: 45785 | AC7: 319.942 | AD7: =IF(COUNTIF(AB:AB,Z7),Z7,"") -> 45785
A8: Initial Duration= | B8: - | C8: - | D8: 4.859 | O8: 46055.625 | P8: 93.64 | Q8: 46055.625 | R8: 100.607 | S8: 46055.625 | T8: 243.642 | U8: =IF(COUNTIF(Q:Q,O8)*COUNTIF(S:S,O8),O8,"") -> 46055.625 | V8: =IF(U8>$A$14,U8,"") -> 46055.625 | W8: 46056.625 | X8: 46050 | Y8: 263.7748 | Z8: 45786 | AA8: 233.9268 | AB8: 45786 | AC8: 320.065 | AD8: =IF(COUNTIF(AB:AB,Z8),Z8,"") -> 45786
A9: Live PX= | B9: {=_xll.BDP(B4,"PX_LAST")} -> 91.16 | C9: {=_xll.BDP(C4,"PX_LAST")} -> 99.747 | D9: {=_xll.BDP(D4,"PX_LAST")} -> 247.3067 | O9: 46056.625 | P9: 93.64 | Q9: 46056.625 | R9: 100.576 | S9: 46056.625 | T9: 243.64 | U9: =IF(COUNTIF(Q:Q,O9)*COUNTIF(S:S,O9),O9,"") -> 46056.625 | V9: =IF(U9>$A$14,U9,"") -> 46056.625 | W9: 46057.625 | X9: 46051 | Y9: 263.4651 | Z9: 45789 | AA9: 235.5827 | AB9: 45789 | AC9: 306.82 | AD9: =IF(COUNTIF(AB:AB,Z9),Z9,"") -> 45789
A10: Live ER = | O10: 46057.625 | P10: 93.61 | Q10: 46057.625 | R10: 100.637 | S10: 46057.625 | T10: 244.557 | U10: =IF(COUNTIF(Q:Q,O10)*COUNTIF(S:S,O10),O10,"") -> 46057.625 | V10: =IF(U10>$A$14,U10,"") -> 46057.625 | W10: 46058.625 | X10: 46052 | Y10: 263.6153 | Z10: 45790 | AA10: 236.7813 | AB10: 45790 | AC10: 295.552 | AD10: =IF(COUNTIF(AB:AB,Z10),Z10,"") -> 45790
O11: 46058.625 | P11: 93.49 | Q11: 46058.625 | R11: 100.67 | S11: 46058.625 | T11: 249.851 | U11: =IF(COUNTIF(Q:Q,O11)*COUNTIF(S:S,O11),O11,"") -> 46058.625 | V11: =IF(U11>$A$14,U11,"") -> 46058.625 | W11: 46059.625 | X11: 46055 | Y11: 264.1297 | Z11: 45791 | AA11: 236.4158 | AB11: 45791 | AC11: 299.078 | AD11: =IF(COUNTIF(AB:AB,Z11),Z11,"") -> 45791
A12: Date | B12: Long Risk | E12: Short Risk | H12: Short Risk | L12: IHYG Dvd | M12: Net P/L | O12: 46059.625 | P12: 93.62 | Q12: 46059.625 | R12: 100.67 | S12: 46059.625 | T12: 244.11 | U12: =IF(COUNTIF(Q:Q,O12)*COUNTIF(S:S,O12),O12,"") -> 46059.625 | V12: =IF(U12>$A$14,U12,"") -> 46059.625 | W12: 46062.625 | X12: 46056 | Y12: 264 | Z12: 45792 | AA12: 236.2761 | AB12: 45792 | AC12: 300.107 | AD12: =IF(COUNTIF(AB:AB,Z12),Z12,"") -> 45792
B13: Price | C13: Price P/L | D13: Carry P/L | E13: Price | F13: Price P/L | G13: Carry P/L | H13: Sprd | I13: Index | J13: Adj. Index | K13: P/L | O13: 46062.625 | P13: 93.76 | Q13: 46062.625 | R13: 100.702 | S13: 46062.625 | T13: 241.44 | U13: =IF(COUNTIF(Q:Q,O13)*COUNTIF(S:S,O13),O13,"") -> 46062.625 | V13: =IF(U13>$A$14,U13,"") -> 46062.625 | W13: 46064.625 | X13: 46057 | Y13: 263.8195 | Z13: 45793 | AA13: 236.2916 | AB13: 45793 | AC13: 301.295 | AD13: =IF(COUNTIF(AB:AB,Z13),Z13,"") -> 45793
A14: 46049.625 | B14: 93.74 | E14: 100.59 | H14: 241.372 | I14: 264.18 | J14: =IF(ISERROR(H14-2),"",I14) -> 264.18 | M14: 0 | O14: 46064.625 | P14: 93.63 | Q14: 46063.625 | R14: 100.736 | S14: 46063.625 | T14: 241.986 | U14: =IF(COUNTIF(Q:Q,O14)*COUNTIF(S:S,O14),O14,"") -> 46064.625 | V14: =IF(U14>$A$14,U14,"") -> 46064.625 | W14: 46065.625 | X14: 46058 | Y14: 263.5473 | Z14: 45796 | AA14: 236.3481 | AB14: 45796 | AC14: 299.938 | AD14: =IF(COUNTIF(AB:AB,Z14),Z14,"") -> 45796
A15: =IF(AND(ISBLANK(W4), A14 = $W$1),NOW(),IF(ISBLANK(W4),"",W4)) -> 46050.625 | B15: =IF(COUNTIF($W$2:W1000,A15)=1,VLOOKUP(A15,O:P,2), IF(COUNTIF($W$2:W1000,A15)=0,$B$9,"")) -> 93.63 | C15: =IF(ISERROR(B15-2),"",(B15/$B$14-1)*$B$5) -> -35203.755 | D15: =IF(ISERROR(B15-2),"",-1*(INT(A15)-INT($A$14))/360*$B$7*$B$5) -> -2208.3333 | E15: =IF(COUNTIF($W$2:W1000,A15)=1,VLOOKUP(A15,Q:R,2), IF(COUNTIF($W$2:W1000,A15)=0,$C$9,"")) -> 100.65 | F15: =IF(ISERROR(B15-2),"",(E15-$E$14)/100*$C$5) -> 15600 | G15: =IF(ISERROR(B15-2),"",(INT(A15)-INT($A$14))/360*$C$6*$C$5-(INT(A15)-INT($A$14))/360*$C$7*$C$5*$E$14/100) -> -10.226667 | H15: =IF(COUNTIF($W$2:W1000,A15)=1,VLOOKUP(A15,S:T,2), IF(COUNTIF($W$2:W1000,A15)=0,$D$9,"")) -> 244.391 | I15: =IF(COUNTIF($X$2:X1000,INT(A15))=1,VLOOKUP(INT(A15),X:Y,2), IF(ISERROR(H15-2),"",I14*(1-$D$8*(H15-H14)*0.0001))) -> 263.7748 | J15: =IF(ISERROR(H15-2),"",I15) -> 263.7748 | K15: =IF(ISERROR(H15-2),"",(J15/$J$14-1)*$D$5) -> -28682.111 | L15: =IF($A15="","",IF(COUNTIFS(Dividends!$G:$G,">"&INT($A14),Dividends!$G:$G,"<="&INT($A15))=0,"",$H$2*SUMIFS(Dividends!$H:$H,Dividends!$G:$G,">"&INT($A14),Dividends!$G:$G,"<="&INT($A15)))) | M15: =IF(ISERROR(B15-2),"",C15+D15-F15-G15-K15+SUM($L$14:L15)) -> -24319.751 | O15: 46065.625 | P15: 93.65 | Q15: 46064.625 | R15: 100.73 | S15: 46064.625 | T15: 242.796 | U15: =IF(COUNTIF(Q:Q,O15)*COUNTIF(S:S,O15),O15,"") -> 46065.625 | V15: =IF(U15>$A$14,U15,"") -> 46065.625 | W15: 46066.625 | X15: 46059 | Y15: 264.1749 | Z15: 45797 | AA15: 236.8784 | AB15: 45797 | AC15: 295.737 | AD15: =IF(COUNTIF(AB:AB,Z15),Z15,"") -> 45797
A16: =IF(AND(ISBLANK(W5), A15 = $W$1),NOW(),IF(ISBLANK(W5),"",W5)) -> 46051.625 | B16: =IF(COUNTIF($W$2:W1001,A16)=1,VLOOKUP(A16,O:P,2), IF(COUNTIF($W$2:W1001,A16)=0,$B$9,"")) -> 93.53 | C16: =IF(ISERROR(B16-2),"",(B16/$B$14-1)*$B$5) -> -67207.169 | D16: =IF(ISERROR(B16-2),"",-1*(INT(A16)-INT($A$14))/360*$B$7*$B$5) -> -4416.6667 | E16: =IF(COUNTIF($W$2:W1001,A16)=1,VLOOKUP(A16,Q:R,2), IF(COUNTIF($W$2:W1001,A16)=0,$C$9,"")) -> 100.706 | F16: =IF(ISERROR(B16-2),"",(E16-$E$14)/100*$C$5) -> 30160 | G16: =IF(ISERROR(B16-2),"",(INT(A16)-INT($A$14))/360*$C$6*$C$5-(INT(A16)-INT($A$14))/360*$C$7*$C$5*$E$14/100) -> -20.453333 | H16: =IF(COUNTIF($W$2:W1001,A16)=1,VLOOKUP(A16,S:T,2), IF(COUNTIF($W$2:W1001,A16)=0,$D$9,"")) -> 249.25 | I16: =IF(COUNTIF($X$2:X1001,INT(A16))=1,VLOOKUP(INT(A16),X:Y,2), IF(ISERROR(H16-2),"",I15*(1-$D$8*(H16-H15)*0.0001))) -> 263.4651 | J16: =IF(ISERROR(H16-2),"",I16) -> 263.4651 | K16: =IF(ISERROR(H16-2),"",(J16/$J$14-1)*$D$5) -> -50604.247 | L16: =IF($A16="","",IF(COUNTIFS(Dividends!$G:$G,">"&INT($A15),Dividends!$G:$G,"<="&INT($A16))=0,"",$H$2*SUMIFS(Dividends!$H:$H,Dividends!$G:$G,">"&INT($A15),Dividends!$G:$G,"<="&INT($A16)))) | M16: =IF(ISERROR(B16-2),"",C16+D16-F16-G16-K16+SUM($L$14:L16)) -> -51159.135 | O16: 46066.625 | P16: 93.55 | Q16: 46065.625 | R16: 100.751 | S16: 46065.625 | T16: 244.618 | U16: =IF(COUNTIF(Q:Q,O16)*COUNTIF(S:S,O16),O16,"") -> 46066.625 | V16: =IF(U16>$A$14,U16,"") -> 46066.625 | W16: 46069.625 | X16: 46062 | Y16: 264.5603 | Z16: 45798 | AA16: 236.6263 | AB16: 45798 | AC16: 298.613 | AD16: =IF(COUNTIF(AB:AB,Z16),Z16,"") -> 45798
A17: =IF(AND(ISBLANK(W6), A16 = $W$1),NOW(),IF(ISBLANK(W6),"",W6)) -> 46052.625 | B17: =IF(COUNTIF($W$2:W1002,A17)=1,VLOOKUP(A17,O:P,2), IF(COUNTIF($W$2:W1002,A17)=0,$B$9,"")) -> 93.62 | C17: =IF(ISERROR(B17-2),"",(B17/$B$14-1)*$B$5) -> -38404.096 | D17: =IF(ISERROR(B17-2),"",-1*(INT(A17)-INT($A$14))/360*$B$7*$B$5) -> -6625 | E17: =IF(COUNTIF($W$2:W1002,A17)=1,VLOOKUP(A17,Q:R,2), IF(COUNTIF($W$2:W1002,A17)=0,$C$9,"")) -> 100.675 | F17: =IF(ISERROR(B17-2),"",(E17-$E$14)/100*$C$5) -> 22100 | G17: =IF(ISERROR(B17-2),"",(INT(A17)-INT($A$14))/360*$C$6*$C$5-(INT(A17)-INT($A$14))/360*$C$7*$C$5*$E$14/100) -> -30.68 | H17: =IF(COUNTIF($W$2:W1002,A17)=1,VLOOKUP(A17,S:T,2), IF(COUNTIF($W$2:W1002,A17)=0,$D$9,"")) -> 246.12 | I17: =IF(COUNTIF($X$2:X1002,INT(A17))=1,VLOOKUP(INT(A17),X:Y,2), IF(ISERROR(H17-2),"",I16*(1-$D$8*(H17-H16)*0.0001))) -> 263.6153 | J17: =IF(ISERROR(H17-2),"",I17) -> 263.6153 | K17: =IF(ISERROR(H17-2),"",(J17/$J$14-1)*$D$5) -> -39972.329 | L17: =IF($A17="","",IF(COUNTIFS(Dividends!$G:$G,">"&INT($A16),Dividends!$G:$G,"<="&INT($A17))=0,"",$H$2*SUMIFS(Dividends!$H:$H,Dividends!$G:$G,">"&INT($A16),Dividends!$G:$G,"<="&INT($A17)))) | M17: =IF(ISERROR(B17-2),"",C17+D17-F17-G17-K17+SUM($L$14:L17)) -> -27126.087 | O17: 46069.625 | P17: 93.55 | Q17: 46066.625 | R17: 100.819 | S17: 46066.625 | T17: 247.573 | U17: =IF(COUNTIF(Q:Q,O17)*COUNTIF(S:S,O17),O17,"") -> 46069.625 | V17: =IF(U17>$A$14,U17,"") -> 46069.625 | W17: 46070.625 | X17: 46063 | Y17: 264.468 | Z17: 45799 | AA17: 236.1527 | AB17: 45799 | AC17: 302.621 | AD17: =IF(COUNTIF(AB:AB,Z17),Z17,"") -> 45799
A18: =IF(AND(ISBLANK(W7), A17 = $W$1),NOW(),IF(ISBLANK(W7),"",W7)) -> 46055.625 | B18: =IF(COUNTIF($W$2:W1003,A18)=1,VLOOKUP(A18,O:P,2), IF(COUNTIF($W$2:W1003,A18)=0,$B$9,"")) -> 93.64 | C18: =IF(ISERROR(B18-2),"",(B18/$B$14-1)*$B$5) -> -32003.414 | D18: =IF(ISERROR(B18-2),"",-1*(INT(A18)-INT($A$14))/360*$B$7*$B$5) -> -13250 | E18: =IF(COUNTIF($W$2:W1003,A18)=1,VLOOKUP(A18,Q:R,2), IF(COUNTIF($W$2:W1003,A18)=0,$C$9,"")) -> 100.607 | F18: =IF(ISERROR(B18-2),"",(E18-$E$14)/100*$C$5) -> 4420 | G18: =IF(ISERROR(B18-2),"",(INT(A18)-INT($A$14))/360*$C$6*$C$5-(INT(A18)-INT($A$14))/360*$C$7*$C$5*$E$14/100) -> -61.36 | H18: =IF(COUNTIF($W$2:W1003,A18)=1,VLOOKUP(A18,S:T,2), IF(COUNTIF($W$2:W1003,A18)=0,$D$9,"")) -> 243.642 | I18: =IF(COUNTIF($X$2:X1003,INT(A18))=1,VLOOKUP(INT(A18),X:Y,2), IF(ISERROR(H18-2),"",I17*(1-$D$8*(H18-H17)*0.0001))) -> 264.1297 | J18: =IF(ISERROR(H18-2),"",I18) -> 264.1297 | K18: =IF(ISERROR(H18-2),"",(J18/$J$14-1)*$D$5) -> -3560.4891 | L18: =IF($A18="","",IF(COUNTIFS(Dividends!$G:$G,">"&INT($A17),Dividends!$G:$G,"<="&INT($A18))=0,"",$H$2*SUMIFS(Dividends!$H:$H,Dividends!$G:$G,">"&INT($A17),Dividends!$G:$G,"<="&INT($A18)))) | M18: =IF(ISERROR(B18-2),"",C18+D18-F18-G18-K18+SUM($L$14:L18)) -> -46051.565 | O18: 46070.625 | P18: 93.48 | Q18: 46069.625 | R18: 100.827 | S18: 46069.625 | T18: 248.949 | U18: =IF(COUNTIF(Q:Q,O18)*COUNTIF(S:S,O18),O18,"") -> 46070.625 | V18: =IF(U18>$A$14,U18,"") -> 46070.625 | W18: 46071.625 | X18: 46064 | Y18: 264.3549 | Z18: 45800 | AA18: 234.8886 | AB18: 45800 | AC18: 315.955 | AD18: =IF(COUNTIF(AB:AB,Z18),Z18,"") -> 45800
A19: =IF(AND(ISBLANK(W8), A18 = $W$1),NOW(),IF(ISBLANK(W8),"",W8)) -> 46056.625 | B19: =IF(COUNTIF($W$2:W1004,A19)=1,VLOOKUP(A19,O:P,2), IF(COUNTIF($W$2:W1004,A19)=0,$B$9,"")) -> 93.64 | C19: =IF(ISERROR(B19-2),"",(B19/$B$14-1)*$B$5) -> -32003.414 | D19: =IF(ISERROR(B19-2),"",-1*(INT(A19)-INT($A$14))/360*$B$7*$B$5) -> -15458.333 | E19: =IF(COUNTIF($W$2:W1004,A19)=1,VLOOKUP(A19,Q:R,2), IF(COUNTIF($W$2:W1004,A19)=0,$C$9,"")) -> 100.576 | F19: =IF(ISERROR(B19-2),"",(E19-$E$14)/100*$C$5) -> -3640 | G19: =IF(ISERROR(B19-2),"",(INT(A19)-INT($A$14))/360*$C$6*$C$5-(INT(A19)-INT($A$14))/360*$C$7*$C$5*$E$14/100) -> -71.586667 | H19: =IF(COUNTIF($W$2:W1004,A19)=1,VLOOKUP(A19,S:T,2), IF(COUNTIF($W$2:W1004,A19)=0,$D$9,"")) -> 243.64 | I19: =IF(COUNTIF($X$2:X1004,INT(A19))=1,VLOOKUP(INT(A19),X:Y,2), IF(ISERROR(H19-2),"",I18*(1-$D$8*(H19-H18)*0.0001))) -> 264 | J19: =IF(ISERROR(H19-2),"",I19) -> 264 | K19: =IF(ISERROR(H19-2),"",(J19/$J$14-1)*$D$5) -> -12741.313 | L19: =IF($A19="","",IF(COUNTIFS(Dividends!$G:$G,">"&INT($A18),Dividends!$G:$G,"<="&INT($A19))=0,"",$H$2*SUMIFS(Dividends!$H:$H,Dividends!$G:$G,">"&INT($A18),Dividends!$G:$G,"<="&INT($A19)))) | M19: =IF(ISERROR(B19-2),"",C19+D19-F19-G19-K19+SUM($L$14:L19)) -> -31008.848 | O19: 46071.625 | P19: 93.67 | Q19: 46070.625 | R19: 100.844 | S19: 46070.625 | T19: 252.082 | U19: =IF(COUNTIF(Q:Q,O19)*COUNTIF(S:S,O19),O19,"") -> 46071.625 | V19: =IF(U19>$A$14,U19,"") -> 46071.625 | W19: 46072.625 | X19: 46065 | Y19: 264.0449 | Z19: 45804 | AA19: 236.6034 | AB19: 45804 | AC19: 300.109 | AD19: =IF(COUNTIF(AB:AB,Z19),Z19,"") -> 45804
A20: =IF(AND(ISBLANK(W9), A19 = $W$1),NOW(),IF(ISBLANK(W9),"",W9)) -> 46057.625 | B20: =IF(COUNTIF($W$2:W1005,A20)=1,VLOOKUP(A20,O:P,2), IF(COUNTIF($W$2:W1005,A20)=0,$B$9,"")) -> 93.61 | C20: =IF(ISERROR(B20-2),"",(B20/$B$14-1)*$B$5) -> -41604.438 | D20: =IF(ISERROR(B20-2),"",-1*(INT(A20)-INT($A$14))/360*$B$7*$B$5) -> -17666.667 | E20: =IF(COUNTIF($W$2:W1005,A20)=1,VLOOKUP(A20,Q:R,2), IF(COUNTIF($W$2:W1005,A20)=0,$C$9,"")) -> 100.637 | F20: =IF(ISERROR(B20-2),"",(E20-$E$14)/100*$C$5) -> 12220 | G20: =IF(ISERROR(B20-2),"",(INT(A20)-INT($A$14))/360*$C$6*$C$5-(INT(A20)-INT($A$14))/360*$C$7*$C$5*$E$14/100) -> -81.813333 | H20: =IF(COUNTIF($W$2:W1005,A20)=1,VLOOKUP(A20,S:T,2), IF(COUNTIF($W$2:W1005,A20)=0,$D$9,"")) -> 244.557 | I20: =IF(COUNTIF($X$2:X1005,INT(A20))=1,VLOOKUP(INT(A20),X:Y,2), IF(ISERROR(H20-2),"",I19*(1-$D$8*(H20-H19)*0.0001))) -> 263.8195 | J20: =IF(ISERROR(H20-2),"",I20) -> 263.8195 | K20: =IF(ISERROR(H20-2),"",(J20/$J$14-1)*$D$5) -> -25518.018 | L20: =IF($A20="","",IF(COUNTIFS(Dividends!$G:$G,">"&INT($A19),Dividends!$G:$G,"<="&INT($A20))=0,"",$H$2*SUMIFS(Dividends!$H:$H,Dividends!$G:$G,">"&INT($A19),Dividends!$G:$G,"<="&INT($A20)))) | M20: =IF(ISERROR(B20-2),"",C20+D20-F20-G20-K20+SUM($L$14:L20)) -> -45891.273 | O20: 46072.625 | P20: 93.64 | Q20: 46071.625 | R20: 100.795 | S20: 46071.625 | T20: 245.436 | U20: =IF(COUNTIF(Q:Q,O20)*COUNTIF(S:S,O20),O20,"") -> 46072.625 | V20: =IF(U20>$A$14,U20,"") -> 46072.625 | W20: 46073.625 | X20: 46066 | Y20: 263.8886 | Z20: 45805 | AA20: 236.6898 | AB20: 45805 | AC20: 300.604 | AD20: =IF(COUNTIF(AB:AB,Z20),Z20,"") -> 45805
A21: =IF(AND(ISBLANK(W10), A20 = $W$1),NOW(),IF(ISBLANK(W10),"",W10)) -> 46058.625 | B21: =IF(COUNTIF($W$2:W1006,A21)=1,VLOOKUP(A21,O:P,2), IF(COUNTIF($W$2:W1006,A21)=0,$B$9,"")) -> 93.49 | C21: =IF(ISERROR(B21-2),"",(B21/$B$14-1)*$B$5) -> -80008.534 | D21: =IF(ISERROR(B21-2),"",-1*(INT(A21)-INT($A$14))/360*$B$7*$B$5) -> -19875 | E21: =IF(COUNTIF($W$2:W1006,A21)=1,VLOOKUP(A21,Q:R,2), IF(COUNTIF($W$2:W1006,A21)=0,$C$9,"")) -> 100.67 | F21: =IF(ISERROR(B21-2),"",(E21-$E$14)/100*$C$5) -> 20800 | G21: =IF(ISERROR(B21-2),"",(INT(A21)-INT($A$14))/360*$C$6*$C$5-(INT(A21)-INT($A$14))/360*$C$7*$C$5*$E$14/100) -> -92.04 | H21: =IF(COUNTIF($W$2:W1006,A21)=1,VLOOKUP(A21,S:T,2), IF(COUNTIF($W$2:W1006,A21)=0,$D$9,"")) -> 249.851 | I21: =IF(COUNTIF($X$2:X1006,INT(A21))=1,VLOOKUP(INT(A21),X:Y,2), IF(ISERROR(H21-2),"",I20*(1-$D$8*(H21-H20)*0.0001))) -> 263.5473 | J21: =IF(ISERROR(H21-2),"",I21) -> 263.5473 | K21: =IF(ISERROR(H21-2),"",(J21/$J$14-1)*$D$5) -> -44785.714 | L21: =IF($A21="","",IF(COUNTIFS(Dividends!$G:$G,">"&INT($A20),Dividends!$G:$G,"<="&INT($A21))=0,"",$H$2*SUMIFS(Dividends!$H:$H,Dividends!$G:$G,">"&INT($A20),Dividends!$G:$G,"<="&INT($A21)))) | M21: =IF(ISERROR(B21-2),"",C21+D21-F21-G21-K21+SUM($L$14:L21)) -> -75805.78 | O21: 46073.625 | P21: 93.75 | Q21: 46072.625 | R21: 100.789 | S21: 46072.625 | T21: 249.529 | U21: =IF(COUNTIF(Q:Q,O21)*COUNTIF(S:S,O21),O21,"") -> 46073.625 | V21: =IF(U21>$A$14,U21,"") -> 46073.625 | W21: 46076.625 | X21: 46069 | Y21: 263.7609 | Z21: 45806 | AA21: 236.8452 | AB21: 45806 | AC21: 300.02 | AD21: =IF(COUNTIF(AB:AB,Z21),Z21,"") -> 45806
A22: =IF(AND(ISBLANK(W11), A21 = $W$1),NOW(),IF(ISBLANK(W11),"",W11)) -> 46059.625 | B22: =IF(COUNTIF($W$2:W1007,A22)=1,VLOOKUP(A22,O:P,2), IF(COUNTIF($W$2:W1007,A22)=0,$B$9,"")) -> 93.62 | C22: =IF(ISERROR(B22-2),"",(B22/$B$14-1)*$B$5) -> -38404.096 | D22: =IF(ISERROR(B22-2),"",-1*(INT(A22)-INT($A$14))/360*$B$7*$B$5) -> -22083.333 | E22: =IF(COUNTIF($W$2:W1007,A22)=1,VLOOKUP(A22,Q:R,2), IF(COUNTIF($W$2:W1007,A22)=0,$C$9,"")) -> 100.67 | F22: =IF(ISERROR(B22-2),"",(E22-$E$14)/100*$C$5) -> 20800 | G22: =IF(ISERROR(B22-2),"",(INT(A22)-INT($A$14))/360*$C$6*$C$5-(INT(A22)-INT($A$14))/360*$C$7*$C$5*$E$14/100) -> -102.26667 | H22: =IF(COUNTIF($W$2:W1007,A22)=1,VLOOKUP(A22,S:T,2), IF(COUNTIF($W$2:W1007,A22)=0,$D$9,"")) -> 244.11 | I22: =IF(COUNTIF($X$2:X1007,INT(A22))=1,VLOOKUP(INT(A22),X:Y,2), IF(ISERROR(H22-2),"",I21*(1-$D$8*(H22-H21)*0.0001))) -> 264.1749 | J22: =IF(ISERROR(H22-2),"",I22) -> 264.1749 | K22: =IF(ISERROR(H22-2),"",(J22/$J$14-1)*$D$5) -> -361.00386 | L22: =IF($A22="","",IF(COUNTIFS(Dividends!$G:$G,">"&INT($A21),Dividends!$G:$G,"<="&INT($A22))=0,"",$H$2*SUMIFS(Dividends!$H:$H,Dividends!$G:$G,">"&INT($A21),Dividends!$G:$G,"<="&INT($A22)))) | M22: =IF(ISERROR(B22-2),"",C22+D22-F22-G22-K22+SUM($L$14:L22)) -> -80824.159 | O22: 46076.625 | P22: 93.75 | Q22: 46073.625 | R22: 100.775 | S22: 46073.625 | T22: 246.545 | U22: =IF(COUNTIF(Q:Q,O22)*COUNTIF(S:S,O22),O22,"") -> 46076.625 | V22: =IF(U22>$A$14,U22,"") -> 46076.625 | W22: 46077.625 | X22: 46070 | Y22: 263.6029 | Z22: 45807 | AA22: 236.7066 | AB22: 45807 | AC22: 300.049 | AD22: =IF(COUNTIF(AB:AB,Z22),Z22,"") -> 45807
A23: =IF(AND(ISBLANK(W12), A22 = $W$1),NOW(),IF(ISBLANK(W12),"",W12)) -> 46062.625 | B23: =IF(COUNTIF($W$2:W1008,A23)=1,VLOOKUP(A23,O:P,2), IF(COUNTIF($W$2:W1008,A23)=0,$B$9,"")) -> 93.76 | C23: =IF(ISERROR(B23-2),"",(B23/$B$14-1)*$B$5) -> 6400.6827 | D23: =IF(ISERROR(B23-2),"",-1*(INT(A23)-INT($A$14))/360*$B$7*$B$5) -> -28708.333 | E23: =IF(COUNTIF($W$2:W1008,A23)=1,VLOOKUP(A23,Q:R,2), IF(COUNTIF($W$2:W1008,A23)=0,$C$9,"")) -> 100.702 | F23: =IF(ISERROR(B23-2),"",(E23-$E$14)/100*$C$5) -> 29120 | G23: =IF(ISERROR(B23-2),"",(INT(A23)-INT($A$14))/360*$C$6*$C$5-(INT(A23)-INT($A$14))/360*$C$7*$C$5*$E$14/100) -> -132.94667 | H23: =IF(COUNTIF($W$2:W1008,A23)=1,VLOOKUP(A23,S:T,2), IF(COUNTIF($W$2:W1008,A23)=0,$D$9,"")) -> 241.44 | I23: =IF(COUNTIF($X$2:X1008,INT(A23))=1,VLOOKUP(INT(A23),X:Y,2), IF(ISERROR(H23-2),"",I22*(1-$D$8*(H23-H22)*0.0001))) -> 264.5603 | J23: =IF(ISERROR(H23-2),"",I23) -> 264.5603 | K23: =IF(ISERROR(H23-2),"",(J23/$J$14-1)*$D$5) -> 26919.562 | L23: =IF($A23="","",IF(COUNTIFS(Dividends!$G:$G,">"&INT($A22),Dividends!$G:$G,"<="&INT($A23))=0,"",$H$2*SUMIFS(Dividends!$H:$H,Dividends!$G:$G,">"&INT($A22),Dividends!$G:$G,"<="&INT($A23)))) | M23: =IF(ISERROR(B23-2),"",C23+D23-F23-G23-K23+SUM($L$14:L23)) -> -78214.266 | O23: 46077.625 | P23: 93.71 | Q23: 46076.625 | R23: 100.827 | S23: 46076.625 | T23: 249.638 | U23: =IF(COUNTIF(Q:Q,O23)*COUNTIF(S:S,O23),O23,"") -> 46077.625 | V23: =IF(U23>$A$14,U23,"") -> 46077.625 | W23: 46078.625 | X23: 46071 | Y23: 264.2651 | Z23: 45810 | AA23: 236.8003 | AB23: 45810 | AC23: 299.909 | AD23: =IF(COUNTIF(AB:AB,Z23),Z23,"") -> 45810
A24: =IF(AND(ISBLANK(W13), A23 = $W$1),NOW(),IF(ISBLANK(W13),"",W13)) -> 46064.625 | B24: =IF(COUNTIF($W$2:W1009,A24)=1,VLOOKUP(A24,O:P,2), IF(COUNTIF($W$2:W1009,A24)=0,$B$9,"")) -> 93.63 | C24: =IF(ISERROR(B24-2),"",(B24/$B$14-1)*$B$5) -> -35203.755 | D24: =IF(ISERROR(B24-2),"",-1*(INT(A24)-INT($A$14))/360*$B$7*$B$5) -> -33125 | E24: =IF(COUNTIF($W$2:W1009,A24)=1,VLOOKUP(A24,Q:R,2), IF(COUNTIF($W$2:W1009,A24)=0,$C$9,"")) -> 100.73 | F24: =IF(ISERROR(B24-2),"",(E24-$E$14)/100*$C$5) -> 36400 | G24: =IF(ISERROR(B24-2),"",(INT(A24)-INT($A$14))/360*$C$6*$C$5-(INT(A24)-INT($A$14))/360*$C$7*$C$5*$E$14/100) -> -153.4 | H24: =IF(COUNTIF($W$2:W1009,A24)=1,VLOOKUP(A24,S:T,2), IF(COUNTIF($W$2:W1009,A24)=0,$D$9,"")) -> 242.796 | I24: =IF(COUNTIF($X$2:X1009,INT(A24))=1,VLOOKUP(INT(A24),X:Y,2), IF(ISERROR(H24-2),"",I23*(1-$D$8*(H24-H23)*0.0001))) -> 264.3549 | J24: =IF(ISERROR(H24-2),"",I24) -> 264.3549 | K24: =IF(ISERROR(H24-2),"",(J24/$J$14-1)*$D$5) -> 12380.309 | L24: =IF($A24="","",IF(COUNTIFS(Dividends!$G:$G,">"&INT($A23),Dividends!$G:$G,"<="&INT($A24))=0,"",$H$2*SUMIFS(Dividends!$H:$H,Dividends!$G:$G,">"&INT($A23),Dividends!$G:$G,"<="&INT($A24)))) | M24: =IF(ISERROR(B24-2),"",C24+D24-F24-G24-K24+SUM($L$14:L24)) -> -116955.66 | O24: 46078.625 | P24: 93.78 | Q24: 46077.625 | R24: 100.815 | S24: 46077.625 | T24: 252.336 | U24: =IF(COUNTIF(Q:Q,O24)*COUNTIF(S:S,O24),O24,"") -> 46078.625 | V24: =IF(U24>$A$14,U24,"") -> 46078.625 | W24: 46079.625 | X24: 46072 | Y24: 263.7488 | Z24: 45811 | AA24: 237.2446 | AB24: 45811 | AC24: 295.498 | AD24: =IF(COUNTIF(AB:AB,Z24),Z24,"") -> 45811
A25: =IF(AND(ISBLANK(W14), A24 = $W$1),NOW(),IF(ISBLANK(W14),"",W14)) -> 46065.625 | B25: =IF(COUNTIF($W$2:W1010,A25)=1,VLOOKUP(A25,O:P,2), IF(COUNTIF($W$2:W1010,A25)=0,$B$9,"")) -> 93.65 | C25: =IF(ISERROR(B25-2),"",(B25/$B$14-1)*$B$5) -> -28803.072 | D25: =IF(ISERROR(B25-2),"",-1*(INT(A25)-INT($A$14))/360*$B$7*$B$5) -> -35333.333 | E25: =IF(COUNTIF($W$2:W1010,A25)=1,VLOOKUP(A25,Q:R,2), IF(COUNTIF($W$2:W1010,A25)=0,$C$9,"")) -> 100.751 | F25: =IF(ISERROR(B25-2),"",(E25-$E$14)/100*$C$5) -> 41860 | G25: =IF(ISERROR(B25-2),"",(INT(A25)-INT($A$14))/360*$C$6*$C$5-(INT(A25)-INT($A$14))/360*$C$7*$C$5*$E$14/100) -> -163.62667 | H25: =IF(COUNTIF($W$2:W1010,A25)=1,VLOOKUP(A25,S:T,2), IF(COUNTIF($W$2:W1010,A25)=0,$D$9,"")) -> 244.618 | I25: =IF(COUNTIF($X$2:X1010,INT(A25))=1,VLOOKUP(INT(A25),X:Y,2), IF(ISERROR(H25-2),"",I24*(1-$D$8*(H25-H24)*0.0001))) -> 264.0449 | J25: =IF(ISERROR(H25-2),"",I25) -> 264.0449 | K25: =IF(ISERROR(H25-2),"",(J25/$J$14-1)*$D$5) -> -9563.0631 | L25: =IF($A25="","",IF(COUNTIFS(Dividends!$G:$G,">"&INT($A24),Dividends!$G:$G,"<="&INT($A25))=0,"",$H$2*SUMIFS(Dividends!$H:$H,Dividends!$G:$G,">"&INT($A24),Dividends!$G:$G,"<="&INT($A25)))) | M25: =IF(ISERROR(B25-2),"",C25+D25-F25-G25-K25+SUM($L$14:L25)) -> -96269.716 | O25: 46079.625 | P25: 93.67 | Q25: 46078.625 | R25: 100.824 | S25: 46078.625 | T25: 251.272 | U25: =IF(COUNTIF(Q:Q,O25)*COUNTIF(S:S,O25),O25,"") -> 46079.625 | V25: =IF(U25>$A$14,U25,"") -> 46079.625 | W25: 46080.625 | X25: 46073 | Y25: 264.066 | Z25: 45812 | AA25: 237.5259 | AB25: 45812 | AC25: 294.682 | AD25: =IF(COUNTIF(AB:AB,Z25),Z25,"") -> 45812
A26: =IF(AND(ISBLANK(W15), A25 = $W$1),NOW(),IF(ISBLANK(W15),"",W15)) -> 46066.625 | B26: =IF(COUNTIF($W$2:W1011,A26)=1,VLOOKUP(A26,O:P,2), IF(COUNTIF($W$2:W1011,A26)=0,$B$9,"")) -> 93.55 | C26: =IF(ISERROR(B26-2),"",(B26/$B$14-1)*$B$5) -> -60806.486 | D26: =IF(ISERROR(B26-2),"",-1*(INT(A26)-INT($A$14))/360*$B$7*$B$5) -> -37541.667 | E26: =IF(COUNTIF($W$2:W1011,A26)=1,VLOOKUP(A26,Q:R,2), IF(COUNTIF($W$2:W1011,A26)=0,$C$9,"")) -> 100.819 | F26: =IF(ISERROR(B26-2),"",(E26-$E$14)/100*$C$5) -> 59540 | G26: =IF(ISERROR(B26-2),"",(INT(A26)-INT($A$14))/360*$C$6*$C$5-(INT(A26)-INT($A$14))/360*$C$7*$C$5*$E$14/100) -> -173.85333 | H26: =IF(COUNTIF($W$2:W1011,A26)=1,VLOOKUP(A26,S:T,2), IF(COUNTIF($W$2:W1011,A26)=0,$D$9,"")) -> 247.573 | I26: =IF(COUNTIF($X$2:X1011,INT(A26))=1,VLOOKUP(INT(A26),X:Y,2), IF(ISERROR(H26-2),"",I25*(1-$D$8*(H26-H25)*0.0001))) -> 263.8886 | J26: =IF(ISERROR(H26-2),"",I26) -> 263.8886 | K26: =IF(ISERROR(H26-2),"",(J26/$J$14-1)*$D$5) -> -20626.77 | L26: =IF($A26="","",IF(COUNTIFS(Dividends!$G:$G,">"&INT($A25),Dividends!$G:$G,"<="&INT($A26))=0,"",$H$2*SUMIFS(Dividends!$H:$H,Dividends!$G:$G,">"&INT($A25),Dividends!$G:$G,"<="&INT($A26)))) | M26: =IF(ISERROR(B26-2),"",C26+D26-F26-G26-K26+SUM($L$14:L26)) -> -137087.53 | O26: 46080.625 | P26: 93.58 | Q26: 46079.625 | R26: 100.834 | S26: 46079.625 | T26: 252.992 | U26: =IF(COUNTIF(Q:Q,O26)*COUNTIF(S:S,O26),O26,"") -> 46080.625 | V26: =IF(U26>$A$14,U26,"") -> 46080.625 | W26: 46083.625 | X26: 46076 | Y26: 263.8705 | Z26: 45813 | AA26: 237.5851 | AB26: 45813 | AC26: 292.914 | AD26: =IF(COUNTIF(AB:AB,Z26),Z26,"") -> 45813
... A103: =IF(AND(ISBLANK(W92), A102 = $W$1),NOW(),IF(ISBLANK(W92),"",W92)) -> 46183.625 | B103: =IF(COUNTIF($W$2:W1088,A103)=1,VLOOKUP(A103,O:P,2), IF(COUNTIF($W$2:W1088,A103)=0,$B$9,"")) -> 91.62 | C103: =IF(ISERROR(B103-2),"",(B103/$B$14-1)*$B$5) -> -678472.37 | D103: =IF(ISERROR(B103-2),"",-1*(INT(A103)-INT($A$14))/360*$B$7*$B$5) -> -295916.67 | E103: =IF(COUNTIF($W$2:W1088,A103)=1,VLOOKUP(A103,Q:R,2), IF(COUNTIF($W$2:W1088,A103)=0,$C$9,"")) -> 99.338 | F103: =IF(ISERROR(B103-2),"",(E103-$E$14)/100*$C$5) -> -325520 | G103: =IF(ISERROR(B103-2),"",(INT(A103)-INT($A$14))/360*$C$6*$C$5-(INT(A103)-INT($A$14))/360*$C$7*$C$5*$E$14/100) -> -1370.3733 | H103: =IF(COUNTIF($W$2:W1088,A103)=1,VLOOKUP(A103,S:T,2), IF(COUNTIF($W$2:W1088,A103)=0,$D$9,"")) -> 264.82 | I103: =IF(COUNTIF($X$2:X1088,INT(A103))=1,VLOOKUP(INT(A103),X:Y,2), IF(ISERROR(H103-2),"",I102*(1-$D$8*(H103-H102)*0.0001))) -> 268.0398 | J103: =IF(ISERROR(H103-2),"",I103) -> 268.0398 | K103: =IF(ISERROR(H103-2),"",(J103/$J$14-1)*$D$5) -> 273216.22 | L103: =IF($A103="","",IF(COUNTIFS(Dividends!$G:$G,">"&INT($A102),Dividends!$G:$G,"<="&INT($A103))=0,"",$H$2*SUMIFS(Dividends!$H:$H,Dividends!$G:$G,">"&INT($A102),Dividends!$G:$G,"<="&INT($A103)))) | M103: =IF(ISERROR(B103-2),"",C103+D103-F103-G103-K103+SUM($L$14:L103)) -> -174939.33 | O103: 46197.625 | P103: 91.03 | Q103: 46191.625 | R103: 99.583 | S103: 46192.625 | T103: 249.206 | U103: =IF(COUNTIF(Q:Q,O103)*COUNTIF(S:S,O103),O103,"") -> 46197.625 | V103: =IF(U103>$A$14,U103,"") -> 46197.625 | W103: 46198.625 | X103: 46189 | Y103: 270.3356 | Z103: 45923 | AA103: 244.0994 | AB103: 45923 | AC103: 264.339 | AD103: =IF(COUNTIF(AB:AB,Z103),Z103,"") -> 45923
A104: =IF(AND(ISBLANK(W93), A103 = $W$1),NOW(),IF(ISBLANK(W93),"",W93)) -> 46184.625 | B104: =IF(COUNTIF($W$2:W1089,A104)=1,VLOOKUP(A104,O:P,2), IF(COUNTIF($W$2:W1089,A104)=0,$B$9,"")) -> 91.65 | C104: =IF(ISERROR(B104-2),"",(B104/$B$14-1)*$B$5) -> -668871.35 | D104: =IF(ISERROR(B104-2),"",-1*(INT(A104)-INT($A$14))/360*$B$7*$B$5) -> -298125 | E104: =IF(COUNTIF($W$2:W1089,A104)=1,VLOOKUP(A104,Q:R,2), IF(COUNTIF($W$2:W1089,A104)=0,$C$9,"")) -> 99.401 | F104: =IF(ISERROR(B104-2),"",(E104-$E$14)/100*$C$5) -> -309140 | G104: =IF(ISERROR(B104-2),"",(INT(A104)-INT($A$14))/360*$C$6*$C$5-(INT(A104)-INT($A$14))/360*$C$7*$C$5*$E$14/100) -> -1380.6 | H104: =IF(COUNTIF($W$2:W1089,A104)=1,VLOOKUP(A104,S:T,2), IF(COUNTIF($W$2:W1089,A104)=0,$D$9,"")) -> 263.569 | I104: =IF(COUNTIF($X$2:X1089,INT(A104))=1,VLOOKUP(INT(A104),X:Y,2), IF(ISERROR(H104-2),"",I103*(1-$D$8*(H104-H103)*0.0001))) -> 268.443 | J104: =IF(ISERROR(H104-2),"",I104) -> 268.443 | K104: =IF(ISERROR(H104-2),"",(J104/$J$14-1)*$D$5) -> 301756.76 | L104: =IF($A104="","",IF(COUNTIFS(Dividends!$G:$G,">"&INT($A103),Dividends!$G:$G,"<="&INT($A104))=0,"",$H$2*SUMIFS(Dividends!$H:$H,Dividends!$G:$G,">"&INT($A103),Dividends!$G:$G,"<="&INT($A104)))) | M104: =IF(ISERROR(B104-2),"",C104+D104-F104-G104-K104+SUM($L$14:L104)) -> -212456.95 | O104: 46198.625 | P104: 91.17 | Q104: 46192.625 | R104: 99.489 | S104: 46195.625 | T104: 246.902 | U104: =IF(COUNTIF(Q:Q,O104)*COUNTIF(S:S,O104),O104,"") -> 46198.625 | V104: =IF(U104>$A$14,U104,"") -> 46198.625 | X104: 46190 | Y104: 270.1644 | Z104: 45924 | AA104: 244.1028 | AB104: 45924 | AC104: 264.625 | AD104: =IF(COUNTIF(AB:AB,Z104),Z104,"") -> 45924
A105: =IF(AND(ISBLANK(W94), A104 = $W$1),NOW(),IF(ISBLANK(W94),"",W94)) -> 46185.625 | B105: =IF(COUNTIF($W$2:W1090,A105)=1,VLOOKUP(A105,O:P,2), IF(COUNTIF($W$2:W1090,A105)=0,$B$9,"")) -> 91.87 | C105: =IF(ISERROR(B105-2),"",(B105/$B$14-1)*$B$5) -> -598463.84 | D105: =IF(ISERROR(B105-2),"",-1*(INT(A105)-INT($A$14))/360*$B$7*$B$5) -> -300333.33 | E105: =IF(COUNTIF($W$2:W1090,A105)=1,VLOOKUP(A105,Q:R,2), IF(COUNTIF($W$2:W1090,A105)=0,$C$9,"")) -> 99.512 | F105: =IF(ISERROR(B105-2),"",(E105-$E$14)/100*$C$5) -> -280280 | G105: =IF(ISERROR(B105-2),"",(INT(A105)-INT($A$14))/360*$C$6*$C$5-(INT(A105)-INT($A$14))/360*$C$7*$C$5*$E$14/100) -> -1390.8267 | H105: =IF(COUNTIF($W$2:W1090,A105)=1,VLOOKUP(A105,S:T,2), IF(COUNTIF($W$2:W1090,A105)=0,$D$9,"")) -> 253.164 | I105: =IF(COUNTIF($X$2:X1090,INT(A105))=1,VLOOKUP(INT(A105),X:Y,2), IF(ISERROR(H105-2),"",I104*(1-$D$8*(H105-H104)*0.0001))) -> 269.7552 | J105: =IF(ISERROR(H105-2),"",I105) -> 269.7552 | K105: =IF(ISERROR(H105-2),"",(J105/$J$14-1)*$D$5) -> 394640.93 | L105: =IF($A105="","",IF(COUNTIFS(Dividends!$G:$G,">"&INT($A104),Dividends!$G:$G,"<="&INT($A105))=0,"",$H$2*SUMIFS(Dividends!$H:$H,Dividends!$G:$G,">"&INT($A104),Dividends!$G:$G,"<="&INT($A105)))) | M105: =IF(ISERROR(B105-2),"",C105+D105-F105-G105-K105+SUM($L$14:L105)) -> -265991.72 | Q105: 46195.625 | R105: 99.592 | S105: 46196.625 | T105: 248.29 | U105: =IF(COUNTIF(Q:Q,O105)*COUNTIF(S:S,O105),O105,"") | V105: =IF(U105>$A$14,U105,"") | X105: 46191 | Y105: 270.5043 | Z105: 45925 | AA105: 243.5741 | AB105: 45925 | AC105: 268.184 | AD105: =IF(COUNTIF(AB:AB,Z105),Z105,"") -> 45925
A106: =IF(AND(ISBLANK(W95), A105 = $W$1),NOW(),IF(ISBLANK(W95),"",W95)) -> 46188.625 | B106: =IF(COUNTIF($W$2:W1091,A106)=1,VLOOKUP(A106,O:P,2), IF(COUNTIF($W$2:W1091,A106)=0,$B$9,"")) -> 92.18 | C106: =IF(ISERROR(B106-2),"",(B106/$B$14-1)*$B$5) -> -499253.25 | D106: =IF(ISERROR(B106-2),"",-1*(INT(A106)-INT($A$14))/360*$B$7*$B$5) -> -306958.33 | E106: =IF(COUNTIF($W$2:W1091,A106)=1,VLOOKUP(A106,Q:R,2), IF(COUNTIF($W$2:W1091,A106)=0,$C$9,"")) -> 99.631 | F106: =IF(ISERROR(B106-2),"",(E106-$E$14)/100*$C$5) -> -249340 | G106: =IF(ISERROR(B106-2),"",(INT(A106)-INT($A$14))/360*$C$6*$C$5-(INT(A106)-INT($A$14))/360*$C$7*$C$5*$E$14/100) -> -1421.5067 | H106: =IF(COUNTIF($W$2:W1091,A106)=1,VLOOKUP(A106,S:T,2), IF(COUNTIF($W$2:W1091,A106)=0,$D$9,"")) -> 248.518 | I106: =IF(COUNTIF($X$2:X1091,INT(A106))=1,VLOOKUP(INT(A106),X:Y,2), IF(ISERROR(H106-2),"",I105*(1-$D$8*(H106-H105)*0.0001))) -> 270.4706 | J106: =IF(ISERROR(H106-2),"",I106) -> 270.4706 | K106: =IF(ISERROR(H106-2),"",(J106/$J$14-1)*$D$5) -> 445280.57 | L106: =IF($A106="","",IF(COUNTIFS(Dividends!$G:$G,">"&INT($A105),Dividends!$G:$G,"<="&INT($A106))=0,"",$H$2*SUMIFS(Dividends!$H:$H,Dividends!$G:$G,">"&INT($A105),Dividends!$G:$G,"<="&INT($A106)))) | M106: =IF(ISERROR(B106-2),"",C106+D106-F106-G106-K106+SUM($L$14:L106)) -> -254955.1 | Q106: 46196.625 | R106: 99.66 | S106: 46197.625 | T106: 247.875 | U106: =IF(COUNTIF(Q:Q,O106)*COUNTIF(S:S,O106),O106,"") | V106: =IF(U106>$A$14,U106,"") | X106: 46192 | Y106: 270.4404 | Z106: 45926 | AA106: 244.0089 | AB106: 45926 | AC106: 265.482 | AD106: =IF(COUNTIF(AB:AB,Z106),Z106,"") -> 45926
A107: =IF(AND(ISBLANK(W96), A106 = $W$1),NOW(),IF(ISBLANK(W96),"",W96)) -> 46189.625 | B107: =IF(COUNTIF($W$2:W1092,A107)=1,VLOOKUP(A107,O:P,2), IF(COUNTIF($W$2:W1092,A107)=0,$B$9,"")) -> 92.15 | C107: =IF(ISERROR(B107-2),"",(B107/$B$14-1)*$B$5) -> -508854.28 | D107: =IF(ISERROR(B107-2),"",-1*(INT(A107)-INT($A$14))/360*$B$7*$B$5) -> -309166.67 | E107: =IF(COUNTIF($W$2:W1092,A107)=1,VLOOKUP(A107,Q:R,2), IF(COUNTIF($W$2:W1092,A107)=0,$C$9,"")) -> 99.625 | F107: =IF(ISERROR(B107-2),"",(E107-$E$14)/100*$C$5) -> -250900 | G107: =IF(ISERROR(B107-2),"",(INT(A107)-INT($A$14))/360*$C$6*$C$5-(INT(A107)-INT($A$14))/360*$C$7*$C$5*$E$14/100) -> -1431.7333 | H107: =IF(COUNTIF($W$2:W1092,A107)=1,VLOOKUP(A107,S:T,2), IF(COUNTIF($W$2:W1092,A107)=0,$D$9,"")) -> 249.794 | I107: =IF(COUNTIF($X$2:X1092,INT(A107))=1,VLOOKUP(INT(A107),X:Y,2), IF(ISERROR(H107-2),"",I106*(1-$D$8*(H107-H106)*0.0001))) -> 270.3356 | J107: =IF(ISERROR(H107-2),"",I107) -> 270.3356 | K107: =IF(ISERROR(H107-2),"",(J107/$J$14-1)*$D$5) -> 435724.58 | L107: =IF($A107="","",IF(COUNTIFS(Dividends!$G:$G,">"&INT($A106),Dividends!$G:$G,"<="&INT($A107))=0,"",$H$2*SUMIFS(Dividends!$H:$H,Dividends!$G:$G,">"&INT($A106),Dividends!$G:$G,"<="&INT($A107)))) | M107: =IF(ISERROR(B107-2),"",C107+D107-F107-G107-K107+SUM($L$14:L107)) -> -255638.24 | Q107: 46197.625 | R107: 99.725 | S107: 46198.625 | T107: 246.717 | U107: =IF(COUNTIF(Q:Q,O107)*COUNTIF(S:S,O107),O107,"") | V107: =IF(U107>$A$14,U107,"") | X107: 46195 | Y107: 270.8584 | Z107: 45929 | AA107: 244.4105 | AB107: 45929 | AC107: 262.722 | AD107: =IF(COUNTIF(AB:AB,Z107),Z107,"") -> 45929
A108: =IF(AND(ISBLANK(W97), A107 = $W$1),NOW(),IF(ISBLANK(W97),"",W97)) -> 46190.625 | B108: =IF(COUNTIF($W$2:W1093,A108)=1,VLOOKUP(A108,O:P,2), IF(COUNTIF($W$2:W1093,A108)=0,$B$9,"")) -> 92.16 | C108: =IF(ISERROR(B108-2),"",(B108/$B$14-1)*$B$5) -> -505653.94 | D108: =IF(ISERROR(B108-2),"",-1*(INT(A108)-INT($A$14))/360*$B$7*$B$5) -> -311375 | E108: =IF(COUNTIF($W$2:W1093,A108)=1,VLOOKUP(A108,Q:R,2), IF(COUNTIF($W$2:W1093,A108)=0,$C$9,"")) -> 99.601 | F108: =IF(ISERROR(B108-2),"",(E108-$E$14)/100*$C$5) -> -257140 | G108: =IF(ISERROR(B108-2),"",(INT(A108)-INT($A$14))/360*$C$6*$C$5-(INT(A108)-INT($A$14))/360*$C$7*$C$5*$E$14/100) -> -1441.96 | H108: =IF(COUNTIF($W$2:W1093,A108)=1,VLOOKUP(A108,S:T,2), IF(COUNTIF($W$2:W1093,A108)=0,$D$9,"")) -> 252.459 | I108: =IF(COUNTIF($X$2:X1093,INT(A108))=1,VLOOKUP(INT(A108),X:Y,2), IF(ISERROR(H108-2),"",I107*(1-$D$8*(H108-H107)*0.0001))) -> 270.1644 | J108: =IF(ISERROR(H108-2),"",I108) -> 270.1644 | K108: =IF(ISERROR(H108-2),"",(J108/$J$14-1)*$D$5) -> 423606.18 | L108: =IF($A108="","",IF(COUNTIFS(Dividends!$G:$G,">"&INT($A107),Dividends!$G:$G,"<="&INT($A108))=0,"",$H$2*SUMIFS(Dividends!$H:$H,Dividends!$G:$G,">"&INT($A107),Dividends!$G:$G,"<="&INT($A108)))) | M108: =IF(ISERROR(B108-2),"",C108+D108-F108-G108-K108+SUM($L$14:L108)) -> -236277.6 | Q108: 46198.625 | R108: 99.749 | U108: =IF(COUNTIF(Q:Q,O108)*COUNTIF(S:S,O108),O108,"") | V108: =IF(U108>$A$14,U108,"") | X108: 46196 | Y108: 270.7033 | Z108: 45930 | AA108: 244.4126 | AB108: 45930 | AC108: 262.266 | AD108: =IF(COUNTIF(AB:AB,Z108),Z108,"") -> 45930
A109: =IF(AND(ISBLANK(W98), A108 = $W$1),NOW(),IF(ISBLANK(W98),"",W98)) -> 46191.625 | B109: =IF(COUNTIF($W$2:W1094,A109)=1,VLOOKUP(A109,O:P,2), IF(COUNTIF($W$2:W1094,A109)=0,$B$9,"")) -> 91.01 | C109: =IF(ISERROR(B109-2),"",(B109/$B$14-1)*$B$5) -> -873693.19 | D109: =IF(ISERROR(B109-2),"",-1*(INT(A109)-INT($A$14))/360*$B$7*$B$5) -> -313583.33 | E109: =IF(COUNTIF($W$2:W1094,A109)=1,VLOOKUP(A109,Q:R,2), IF(COUNTIF($W$2:W1094,A109)=0,$C$9,"")) -> 99.583 | F109: =IF(ISERROR(B109-2),"",(E109-$E$14)/100*$C$5) -> -261820 | G109: =IF(ISERROR(B109-2),"",(INT(A109)-INT($A$14))/360*$C$6*$C$5-(INT(A109)-INT($A$14))/360*$C$7*$C$5*$E$14/100) -> -1452.1867 | H109: =IF(COUNTIF($W$2:W1094,A109)=1,VLOOKUP(A109,S:T,2), IF(COUNTIF($W$2:W1094,A109)=0,$D$9,"")) -> 249.421 | I109: =IF(COUNTIF($X$2:X1094,INT(A109))=1,VLOOKUP(INT(A109),X:Y,2), IF(ISERROR(H109-2),"",I108*(1-$D$8*(H109-H108)*0.0001))) -> 270.5043 | J109: =IF(ISERROR(H109-2),"",I109) -> 270.5043 | K109: =IF(ISERROR(H109-2),"",(J109/$J$14-1)*$D$5) -> 447666.02 | L109: =IF($A109="","",IF(COUNTIFS(Dividends!$G:$G,">"&INT($A108),Dividends!$G:$G,"<="&INT($A109))=0,"",$H$2*SUMIFS(Dividends!$H:$H,Dividends!$G:$G,">"&INT($A108),Dividends!$G:$G,"<="&INT($A109)))) -> 372711.76 | M109: =IF(ISERROR(B109-2),"",C109+D109-F109-G109-K109+SUM($L$14:L109)) -> -253183.06 | U109: =IF(COUNTIF(Q:Q,O109)*COUNTIF(S:S,O109),O109,"") | V109: =IF(U109>$A$14,U109,"") | X109: 46197 | Y109: 270.8029 | Z109: 45931 | AA109: 244.6811 | AB109: 45931 | AC109: 260.63 | AD109: =IF(COUNTIF(AB:AB,Z109),Z109,"") -> 45931
A110: =IF(AND(ISBLANK(W99), A109 = $W$1),NOW(),IF(ISBLANK(W99),"",W99)) -> 46192.625 | B110: =IF(COUNTIF($W$2:W1095,A110)=1,VLOOKUP(A110,O:P,2), IF(COUNTIF($W$2:W1095,A110)=0,$B$9,"")) -> 91.05 | C110: =IF(ISERROR(B110-2),"",(B110/$B$14-1)*$B$5) -> -860891.83 | D110: =IF(ISERROR(B110-2),"",-1*(INT(A110)-INT($A$14))/360*$B$7*$B$5) -> -315791.67 | E110: =IF(COUNTIF($W$2:W1095,A110)=1,VLOOKUP(A110,Q:R,2), IF(COUNTIF($W$2:W1095,A110)=0,$C$9,"")) -> 99.489 | F110: =IF(ISERROR(B110-2),"",(E110-$E$14)/100*$C$5) -> -286260 | G110: =IF(ISERROR(B110-2),"",(INT(A110)-INT($A$14))/360*$C$6*$C$5-(INT(A110)-INT($A$14))/360*$C$7*$C$5*$E$14/100) -> -1462.4133 | H110: =IF(COUNTIF($W$2:W1095,A110)=1,VLOOKUP(A110,S:T,2), IF(COUNTIF($W$2:W1095,A110)=0,$D$9,"")) -> 249.206 | I110: =IF(COUNTIF($X$2:X1095,INT(A110))=1,VLOOKUP(INT(A110),X:Y,2), IF(ISERROR(H110-2),"",I109*(1-$D$8*(H110-H109)*0.0001))) -> 270.4404 | J110: =IF(ISERROR(H110-2),"",I110) -> 270.4404 | K110: =IF(ISERROR(H110-2),"",(J110/$J$14-1)*$D$5) -> 443142.86 | L110: =IF($A110="","",IF(COUNTIFS(Dividends!$G:$G,">"&INT($A109),Dividends!$G:$G,"<="&INT($A110))=0,"",$H$2*SUMIFS(Dividends!$H:$H,Dividends!$G:$G,">"&INT($A109),Dividends!$G:$G,"<="&INT($A110)))) | M110: =IF(ISERROR(B110-2),"",C110+D110-F110-G110-K110+SUM($L$14:L110)) -> -213616.63 | U110: =IF(COUNTIF(Q:Q,O110)*COUNTIF(S:S,O110),O110,"") | V110: =IF(U110>$A$14,U110,"") | X110: 46198 | Y110: 270.9793 | Z110: 45932 | AA110: 245.0173 | AB110: 45932 | AC110: 257.889 | AD110: =IF(COUNTIF(AB:AB,Z110),Z110,"") -> 45932
A111: =IF(AND(ISBLANK(W100), A110 = $W$1),NOW(),IF(ISBLANK(W100),"",W100)) -> 46195.625 | B111: =IF(COUNTIF($W$2:W1096,A111)=1,VLOOKUP(A111,O:P,2), IF(COUNTIF($W$2:W1096,A111)=0,$B$9,"")) -> 91.17 | C111: =IF(ISERROR(B111-2),"",(B111/$B$14-1)*$B$5) -> -822487.73 | D111: =IF(ISERROR(B111-2),"",-1*(INT(A111)-INT($A$14))/360*$B$7*$B$5) -> -322416.67 | E111: =IF(COUNTIF($W$2:W1096,A111)=1,VLOOKUP(A111,Q:R,2), IF(COUNTIF($W$2:W1096,A111)=0,$C$9,"")) -> 99.592 | F111: =IF(ISERROR(B111-2),"",(E111-$E$14)/100*$C$5) -> -259480 | G111: =IF(ISERROR(B111-2),"",(INT(A111)-INT($A$14))/360*$C$6*$C$5-(INT(A111)-INT($A$14))/360*$C$7*$C$5*$E$14/100) -> -1493.0933 | H111: =IF(COUNTIF($W$2:W1096,A111)=1,VLOOKUP(A111,S:T,2), IF(COUNTIF($W$2:W1096,A111)=0,$D$9,"")) -> 246.902 | I111: =IF(COUNTIF($X$2:X1096,INT(A111))=1,VLOOKUP(INT(A111),X:Y,2), IF(ISERROR(H111-2),"",I110*(1-$D$8*(H111-H110)*0.0001))) -> 270.8584 | J111: =IF(ISERROR(H111-2),"",I111) -> 270.8584 | K111: =IF(ISERROR(H111-2),"",(J111/$J$14-1)*$D$5) -> 472731.02 | L111: =IF($A111="","",IF(COUNTIFS(Dividends!$G:$G,">"&INT($A110),Dividends!$G:$G,"<="&INT($A111))=0,"",$H$2*SUMIFS(Dividends!$H:$H,Dividends!$G:$G,">"&INT($A110),Dividends!$G:$G,"<="&INT($A111)))) | M111: =IF(ISERROR(B111-2),"",C111+D111-F111-G111-K111+SUM($L$14:L111)) -> -238175.02 | U111: =IF(COUNTIF(Q:Q,O111)*COUNTIF(S:S,O111),O111,"") | V111: =IF(U111>$A$14,U111,"") | Z111: 45933 | AA111: 244.9651 | AB111: 45933 | AC111: 258.346 | AD111: =IF(COUNTIF(AB:AB,Z111),Z111,"") -> 45933
A112: =IF(AND(ISBLANK(W101), A111 = $W$1),NOW(),IF(ISBLANK(W101),"",W101)) -> 46196.625 | B112: =IF(COUNTIF($W$2:W1097,A112)=1,VLOOKUP(A112,O:P,2), IF(COUNTIF($W$2:W1097,A112)=0,$B$9,"")) -> 91.08 | C112: =IF(ISERROR(B112-2),"",(B112/$B$14-1)*$B$5) -> -851290.8 | D112: =IF(ISERROR(B112-2),"",-1*(INT(A112)-INT($A$14))/360*$B$7*$B$5) -> -324625 | E112: =IF(COUNTIF($W$2:W1097,A112)=1,VLOOKUP(A112,Q:R,2), IF(COUNTIF($W$2:W1097,A112)=0,$C$9,"")) -> 99.66 | F112: =IF(ISERROR(B112-2),"",(E112-$E$14)/100*$C$5) -> -241800 | G112: =IF(ISERROR(B112-2),"",(INT(A112)-INT($A$14))/360*$C$6*$C$5-(INT(A112)-INT($A$14))/360*$C$7*$C$5*$E$14/100) -> -1503.32 | H112: =IF(COUNTIF($W$2:W1097,A112)=1,VLOOKUP(A112,S:T,2), IF(COUNTIF($W$2:W1097,A112)=0,$D$9,"")) -> 248.29 | I112: =IF(COUNTIF($X$2:X1097,INT(A112))=1,VLOOKUP(INT(A112),X:Y,2), IF(ISERROR(H112-2),"",I111*(1-$D$8*(H112-H111)*0.0001))) -> 270.7033 | J112: =IF(ISERROR(H112-2),"",I112) -> 270.7033 | K112: =IF(ISERROR(H112-2),"",(J112/$J$14-1)*$D$5) -> 461752.25 | L112: =IF($A112="","",IF(COUNTIFS(Dividends!$G:$G,">"&INT($A111),Dividends!$G:$G,"<="&INT($A112))=0,"",$H$2*SUMIFS(Dividends!$H:$H,Dividends!$G:$G,">"&INT($A111),Dividends!$G:$G,"<="&INT($A112)))) | M112: =IF(ISERROR(B112-2),"",C112+D112-F112-G112-K112+SUM($L$14:L112)) -> -275877.43 | U112: =IF(COUNTIF(Q:Q,O112)*COUNTIF(S:S,O112),O112,"") | V112: =IF(U112>$A$14,U112,"") | Z112: 45936 | AA112: 244.7215 | AB112: 45936 | AC112: 261.209 | AD112: =IF(COUNTIF(AB:AB,Z112),Z112,"") -> 45936
A113: =IF(AND(ISBLANK(W102), A112 = $W$1),NOW(),IF(ISBLANK(W102),"",W102)) -> 46197.625 | B113: =IF(COUNTIF($W$2:W1098,A113)=1,VLOOKUP(A113,O:P,2), IF(COUNTIF($W$2:W1098,A113)=0,$B$9,"")) -> 91.03 | C113: =IF(ISERROR(B113-2),"",(B113/$B$14-1)*$B$5) -> -867292.51 | D113: =IF(ISERROR(B113-2),"",-1*(INT(A113)-INT($A$14))/360*$B$7*$B$5) -> -326833.33 | E113: =IF(COUNTIF($W$2:W1098,A113)=1,VLOOKUP(A113,Q:R,2), IF(COUNTIF($W$2:W1098,A113)=0,$C$9,"")) -> 99.725 | F113: =IF(ISERROR(B113-2),"",(E113-$E$14)/100*$C$5) -> -224900 | G113: =IF(ISERROR(B113-2),"",(INT(A113)-INT($A$14))/360*$C$6*$C$5-(INT(A113)-INT($A$14))/360*$C$7*$C$5*$E$14/100) -> -1513.5467 | H113: =IF(COUNTIF($W$2:W1098,A113)=1,VLOOKUP(A113,S:T,2), IF(COUNTIF($W$2:W1098,A113)=0,$D$9,"")) -> 247.875 | I113: =IF(COUNTIF($X$2:X1098,INT(A113))=1,VLOOKUP(INT(A113),X:Y,2), IF(ISERROR(H113-2),"",I112*(1-$D$8*(H113-H112)*0.0001))) -> 270.8029 | J113: =IF(ISERROR(H113-2),"",I113) -> 270.8029 | K113: =IF(ISERROR(H113-2),"",(J113/$J$14-1)*$D$5) -> 468802.45 | L113: =IF($A113="","",IF(COUNTIFS(Dividends!$G:$G,">"&INT($A112),Dividends!$G:$G,"<="&INT($A113))=0,"",$H$2*SUMIFS(Dividends!$H:$H,Dividends!$G:$G,">"&INT($A112),Dividends!$G:$G,"<="&INT($A113)))) | M113: =IF(ISERROR(B113-2),"",C113+D113-F113-G113-K113+SUM($L$14:L113)) -> -318027.44 | U113: =IF(COUNTIF(Q:Q,O113)*COUNTIF(S:S,O113),O113,"") | V113: =IF(U113>$A$14,U113,"") | Z113: 45937 | AA113: 244.3331 | AB113: 45937 | AC113: 265.352 | AD113: =IF(COUNTIF(AB:AB,Z113),Z113,"") -> 45937
A114: =IF(AND(ISBLANK(W103), A113 = $W$1),NOW(),IF(ISBLANK(W103),"",W103)) -> 46198.625 | B114: =IF(COUNTIF($W$2:W1099,A114)=1,VLOOKUP(A114,O:P,2), IF(COUNTIF($W$2:W1099,A114)=0,$B$9,"")) -> 91.17 | C114: =IF(ISERROR(B114-2),"",(B114/$B$14-1)*$B$5) -> -822487.73 | D114: =IF(ISERROR(B114-2),"",-1*(INT(A114)-INT($A$14))/360*$B$7*$B$5) -> -329041.67 | E114: =IF(COUNTIF($W$2:W1099,A114)=1,VLOOKUP(A114,Q:R,2), IF(COUNTIF($W$2:W1099,A114)=0,$C$9,"")) -> 99.749 | F114: =IF(ISERROR(B114-2),"",(E114-$E$14)/100*$C$5) -> -218660 | G114: =IF(ISERROR(B114-2),"",(INT(A114)-INT($A$14))/360*$C$6*$C$5-(INT(A114)-INT($A$14))/360*$C$7*$C$5*$E$14/100) -> -1523.7733 | H114: =IF(COUNTIF($W$2:W1099,A114)=1,VLOOKUP(A114,S:T,2), IF(COUNTIF($W$2:W1099,A114)=0,$D$9,"")) -> 246.717 | I114: =IF(COUNTIF($X$2:X1099,INT(A114))=1,VLOOKUP(INT(A114),X:Y,2), IF(ISERROR(H114-2),"",I113*(1-$D$8*(H114-H113)*0.0001))) -> 270.9793 | J114: =IF(ISERROR(H114-2),"",I114) -> 270.9793 | K114: =IF(ISERROR(H114-2),"",(J114/$J$14-1)*$D$5) -> 481288.93 | L114: =IF($A114="","",IF(COUNTIFS(Dividends!$G:$G,">"&INT($A113),Dividends!$G:$G,"<="&INT($A114))=0,"",$H$2*SUMIFS(Dividends!$H:$H,Dividends!$G:$G,">"&INT($A113),Dividends!$G:$G,"<="&INT($A114)))) | M114: =IF(ISERROR(B114-2),"",C114+D114-F114-G114-K114+SUM($L$14:L114)) -> -294147.25 | U114: =IF(COUNTIF(Q:Q,O114)*COUNTIF(S:S,O114),O114,"") | V114: =IF(U114>$A$14,U114,"") | Z114: 45938 | AA114: 244.2356 | AB114: 45938 | AC114: 265.353 | AD114: =IF(COUNTIF(AB:AB,Z114),Z114,"") -> 45938
A115: =IF(AND(ISBLANK(W104), A114 = $W$1),NOW(),IF(ISBLANK(W104),"",W104)) -> 46198.782 | B115: =IF(COUNTIF($W$2:W1100,A115)=1,VLOOKUP(A115,O:P,2), IF(COUNTIF($W$2:W1100,A115)=0,$B$9,"")) -> 91.16 | C115: =IF(ISERROR(B115-2),"",(B115/$B$14-1)*$B$5) -> -825688.07 | D115: =IF(ISERROR(B115-2),"",-1*(INT(A115)-INT($A$14))/360*$B$7*$B$5) -> -329041.67 | E115: =IF(COUNTIF($W$2:W1100,A115)=1,VLOOKUP(A115,Q:R,2), IF(COUNTIF($W$2:W1100,A115)=0,$C$9,"")) -> 99.747 | F115: =IF(ISERROR(B115-2),"",(E115-$E$14)/100*$C$5) -> -219180 | G115: =IF(ISERROR(B115-2),"",(INT(A115)-INT($A$14))/360*$C$6*$C$5-(INT(A115)-INT($A$14))/360*$C$7*$C$5*$E$14/100) -> -1523.7733 | H115: =IF(COUNTIF($W$2:W1100,A115)=1,VLOOKUP(A115,S:T,2), IF(COUNTIF($W$2:W1100,A115)=0,$D$9,"")) -> 247.3067 | I115: =IF(COUNTIF($X$2:X1100,INT(A115))=1,VLOOKUP(INT(A115),X:Y,2), IF(ISERROR(H115-2),"",I114*(1-$D$8*(H115-H114)*0.0001))) -> 270.9793 | J115: =IF(ISERROR(H115-2),"",I115) -> 270.9793 | K115: =IF(ISERROR(H115-2),"",(J115/$J$14-1)*$D$5) -> 481288.93 | L115: =IF($A115="","",IF(COUNTIFS(Dividends!$G:$G,">"&INT($A114),Dividends!$G:$G,"<="&INT($A115))=0,"",$H$2*SUMIFS(Dividends!$H:$H,Dividends!$G:$G,">"&INT($A114),Dividends!$G:$G,"<="&INT($A115)))) | M115: =IF(ISERROR(B115-2),"",C115+D115-F115-G115-K115+SUM($L$14:L115)) -> -296827.59 | U115: =IF(COUNTIF(Q:Q,O115)*COUNTIF(S:S,O115),O115,"") | V115: =IF(U115>$A$14,U115,"") | Z115: 45939 | AA115: 243.4687 | AB115: 45939 | AC115: 271.958 | AD115: =IF(COUNTIF(AB:AB,Z115),Z115,"") -> 45939
A116: =IF(AND(ISBLANK(W105), A115 = $W$1),NOW(),IF(ISBLANK(W105),"",W105)) | B116: =IF(COUNTIF($W$2:W1101,A116)=1,VLOOKUP(A116,O:P,2), IF(COUNTIF($W$2:W1101,A116)=0,$B$9,"")) | C116: =IF(ISERROR(B116-2),"",(B116/$B$14-1)*$B$5) | D116: =IF(ISERROR(B116-2),"",-1*(INT(A116)-INT($A$14))/360*$B$7*$B$5) | E116: =IF(COUNTIF($W$2:W1101,A116)=1,VLOOKUP(A116,Q:R,2), IF(COUNTIF($W$2:W1101,A116)=0,$C$9,"")) | F116: =IF(ISERROR(B116-2),"",(E116-$E$14)/100*$C$5) | G116: =IF(ISERROR(B116-2),"",(INT(A116)-INT($A$14))/360*$C$6*$C$5-(INT(A116)-INT($A$14))/360*$C$7*$C$5*$E$14/100) | H116: =IF(COUNTIF($W$2:W1101,A116)=1,VLOOKUP(A116,S:T,2), IF(COUNTIF($W$2:W1101,A116)=0,$D$9,"")) | I116: =IF(COUNTIF($X$2:X1101,INT(A116))=1,VLOOKUP(INT(A116),X:Y,2), IF(ISERROR(H116-2),"",I115*(1-$D$8*(H116-H115)*0.0001))) | J116: =IF(ISERROR(H116-2),"",I116) | K116: =IF(ISERROR(H116-2),"",(J116/$J$14-1)*$D$5) | L116: =IF($A116="","",IF(COUNTIFS(Dividends!$G:$G,">"&INT($A115),Dividends!$G:$G,"<="&INT($A116))=0,"",$H$2*SUMIFS(Dividends!$H:$H,Dividends!$G:$G,">"&INT($A115),Dividends!$G:$G,"<="&INT($A116)))) | M116: =IF(ISERROR(B116-2),"",C116+D116-F116-G116-K116+SUM($L$14:L116)) | U116: =IF(COUNTIF(Q:Q,O116)*COUNTIF(S:S,O116),O116,"") | V116: =IF(U116>$A$14,U116,"") | Z116: 45940 | AA116: 242.1329 | AB116: 45940 | AC116: 283.275 | AD116: =IF(COUNTIF(AB:AB,Z116),Z116,"") -> 45940
A117: =IF(AND(ISBLANK(W106), A116 = $W$1),NOW(),IF(ISBLANK(W106),"",W106)) | B117: =IF(COUNTIF($W$2:W1102,A117)=1,VLOOKUP(A117,O:P,2), IF(COUNTIF($W$2:W1102,A117)=0,$B$9,"")) | C117: =IF(ISERROR(B117-2),"",(B117/$B$14-1)*$B$5) | D117: =IF(ISERROR(B117-2),"",-1*(INT(A117)-INT($A$14))/360*$B$7*$B$5) | E117: =IF(COUNTIF($W$2:W1102,A117)=1,VLOOKUP(A117,Q:R,2), IF(COUNTIF($W$2:W1102,A117)=0,$C$9,"")) | F117: =IF(ISERROR(B117-2),"",(E117-$E$14)/100*$C$5) | G117: =IF(ISERROR(B117-2),"",(INT(A117)-INT($A$14))/360*$C$6*$C$5-(INT(A117)-INT($A$14))/360*$C$7*$C$5*$E$14/100) | H117: =IF(COUNTIF($W$2:W1102,A117)=1,VLOOKUP(A117,S:T,2), IF(COUNTIF($W$2:W1102,A117)=0,$D$9,"")) | I117: =IF(COUNTIF($X$2:X1102,INT(A117))=1,VLOOKUP(INT(A117),X:Y,2), IF(ISERROR(H117-2),"",I116*(1-$D$8*(H117-H116)*0.0001))) | J117: =IF(ISERROR(H117-2),"",I117) | K117: =IF(ISERROR(H117-2),"",(J117/$J$14-1)*$D$5) | L117: =IF($A117="","",IF(COUNTIFS(Dividends!$G:$G,">"&INT($A116),Dividends!$G:$G,"<="&INT($A117))=0,"",$H$2*SUMIFS(Dividends!$H:$H,Dividends!$G:$G,">"&INT($A116),Dividends!$G:$G,"<="&INT($A117)))) | M117: =IF(ISERROR(B117-2),"",C117+D117-F117-G117-K117+SUM($L$14:L117)) | U117: =IF(COUNTIF(Q:Q,O117)*COUNTIF(S:S,O117),O117,"") | V117: =IF(U117>$A$14,U117,"") | Z117: 45943 | AA117: 242.5072 | AB117: 45943 | AC117: 280.701 | AD117: =IF(COUNTIF(AB:AB,Z117),Z117,"") -> 45943
A118: =IF(AND(ISBLANK(W107), A117 = $W$1),NOW(),IF(ISBLANK(W107),"",W107)) | B118: =IF(COUNTIF($W$2:W1103,A118)=1,VLOOKUP(A118,O:P,2), IF(COUNTIF($W$2:W1103,A118)=0,$B$9,"")) | C118: =IF(ISERROR(B118-2),"",(B118/$B$14-1)*$B$5) | D118: =IF(ISERROR(B118-2),"",-1*(INT(A118)-INT($A$14))/360*$B$7*$B$5) | E118: =IF(COUNTIF($W$2:W1103,A118)=1,VLOOKUP(A118,Q:R,2), IF(COUNTIF($W$2:W1103,A118)=0,$C$9,"")) | F118: =IF(ISERROR(B118-2),"",(E118-$E$14)/100*$C$5) | G118: =IF(ISERROR(B118-2),"",(INT(A118)-INT($A$14))/360*$C$6*$C$5-(INT(A118)-INT($A$14))/360*$C$7*$C$5*$E$14/100) | H118: =IF(COUNTIF($W$2:W1103,A118)=1,VLOOKUP(A118,S:T,2), IF(COUNTIF($W$2:W1103,A118)=0,$D$9,"")) | I118: =IF(COUNTIF($X$2:X1103,INT(A118))=1,VLOOKUP(INT(A118),X:Y,2), IF(ISERROR(H118-2),"",I117*(1-$D$8*(H118-H117)*0.0001))) | J118: =IF(ISERROR(H118-2),"",I118) | K118: =IF(ISERROR(H118-2),"",(J118/$J$14-1)*$D$5) | L118: =IF($A118="","",IF(COUNTIFS(Dividends!$G:$G,">"&INT($A117),Dividends!$G:$G,"<="&INT($A118))=0,"",$H$2*SUMIFS(Dividends!$H:$H,Dividends!$G:$G,">"&INT($A117),Dividends!$G:$G,"<="&INT($A118)))) | M118: =IF(ISERROR(B118-2),"",C118+D118-F118-G118-K118+SUM($L$14:L118)) | U118: =IF(COUNTIF(Q:Q,O118)*COUNTIF(S:S,O118),O118,"") | V118: =IF(U118>$A$14,U118,"") | Z118: 45944 | AA118: 242.9716 | AB118: 45944 | AC118: 275.898 | AD118: =IF(COUNTIF(AB:AB,Z118),Z118,"") -> 45944
A119: =IF(AND(ISBLANK(W108), A118 = $W$1),NOW(),IF(ISBLANK(W108),"",W108)) | B119: =IF(COUNTIF($W$2:W1104,A119)=1,VLOOKUP(A119,O:P,2), IF(COUNTIF($W$2:W1104,A119)=0,$B$9,"")) | C119: =IF(ISERROR(B119-2),"",(B119/$B$14-1)*$B$5) | D119: =IF(ISERROR(B119-2),"",-1*(INT(A119)-INT($A$14))/360*$B$7*$B$5) | E119: =IF(COUNTIF($W$2:W1104,A119)=1,VLOOKUP(A119,Q:R,2), IF(COUNTIF($W$2:W1104,A119)=0,$C$9,"")) | F119: =IF(ISERROR(B119-2),"",(E119-$E$14)/100*$C$5) | G119: =IF(ISERROR(B119-2),"",(INT(A119)-INT($A$14))/360*$C$6*$C$5-(INT(A119)-INT($A$14))/360*$C$7*$C$5*$E$14/100) | H119: =IF(COUNTIF($W$2:W1104,A119)=1,VLOOKUP(A119,S:T,2), IF(COUNTIF($W$2:W1104,A119)=0,$D$9,"")) | I119: =IF(COUNTIF($X$2:X1104,INT(A119))=1,VLOOKUP(INT(A119),X:Y,2), IF(ISERROR(H119-2),"",I118*(1-$D$8*(H119-H118)*0.0001))) | J119: =IF(ISERROR(H119-2),"",I119) | K119: =IF(ISERROR(H119-2),"",(J119/$J$14-1)*$D$5) | L119: =IF($A119="","",IF(COUNTIFS(Dividends!$G:$G,">"&INT($A118),Dividends!$G:$G,"<="&INT($A119))=0,"",$H$2*SUMIFS(Dividends!$H:$H,Dividends!$G:$G,">"&INT($A118),Dividends!$G:$G,"<="&INT($A119)))) | M119: =IF(ISERROR(B119-2),"",C119+D119-F119-G119-K119+SUM($L$14:L119)) | U119: =IF(COUNTIF(Q:Q,O119)*COUNTIF(S:S,O119),O119,"") | V119: =IF(U119>$A$14,U119,"") | Z119: 45945 | AA119: 244.0896 | AB119: 45945 | AC119: 269.797 | AD119: =IF(COUNTIF(AB:AB,Z119),Z119,"") -> 45945
A120: =IF(AND(ISBLANK(W109), A119 = $W$1),NOW(),IF(ISBLANK(W109),"",W109)) | B120: =IF(COUNTIF($W$2:W1105,A120)=1,VLOOKUP(A120,O:P,2), IF(COUNTIF($W$2:W1105,A120)=0,$B$9,"")) | C120: =IF(ISERROR(B120-2),"",(B120/$B$14-1)*$B$5) | D120: =IF(ISERROR(B120-2),"",-1*(INT(A120)-INT($A$14))/360*$B$7*$B$5) | E120: =IF(COUNTIF($W$2:W1105,A120)=1,VLOOKUP(A120,Q:R,2), IF(COUNTIF($W$2:W1105,A120)=0,$C$9,"")) | F120: =IF(ISERROR(B120-2),"",(E120-$E$14)/100*$C$5) | G120: =IF(ISERROR(B120-2),"",(INT(A120)-INT($A$14))/360*$C$6*$C$5-(INT(A120)-INT($A$14))/360*$C$7*$C$5*$E$14/100) | H120: =IF(COUNTIF($W$2:W1105,A120)=1,VLOOKUP(A120,S:T,2), IF(COUNTIF($W$2:W1105,A120)=0,$D$9,"")) | I120: =IF(COUNTIF($X$2:X1105,INT(A120))=1,VLOOKUP(INT(A120),X:Y,2), IF(ISERROR(H120-2),"",I119*(1-$D$8*(H120-H119)*0.0001))) | J120: =IF(ISERROR(H120-2),"",I120) | K120: =IF(ISERROR(H120-2),"",(J120/$J$14-1)*$D$5) | L120: =IF($A120="","",IF(COUNTIFS(Dividends!$G:$G,">"&INT($A119),Dividends!$G:$G,"<="&INT($A120))=0,"",$H$2*SUMIFS(Dividends!$H:$H,Dividends!$G:$G,">"&INT($A119),Dividends!$G:$G,"<="&INT($A120)))) | M120: =IF(ISERROR(B120-2),"",C120+D120-F120-G120-K120+SUM($L$14:L120)) | U120: =IF(COUNTIF(Q:Q,O120)*COUNTIF(S:S,O120),O120,"") | V120: =IF(U120>$A$14,U120,"") | Z120: 45946 | AA120: 243.5917 | AB120: 45946 | AC120: 273.655 | AD120: =IF(COUNTIF(AB:AB,Z120),Z120,"") -> 45946
A121: =IF(AND(ISBLANK(W110), A120 = $W$1),NOW(),IF(ISBLANK(W110),"",W110)) | B121: =IF(COUNTIF($W$2:W1106,A121)=1,VLOOKUP(A121,O:P,2), IF(COUNTIF($W$2:W1106,A121)=0,$B$9,"")) | C121: =IF(ISERROR(B121-2),"",(B121/$B$14-1)*$B$5) | D121: =IF(ISERROR(B121-2),"",-1*(INT(A121)-INT($A$14))/360*$B$7*$B$5) | E121: =IF(COUNTIF($W$2:W1106,A121)=1,VLOOKUP(A121,Q:R,2), IF(COUNTIF($W$2:W1106,A121)=0,$C$9,"")) | F121: =IF(ISERROR(B121-2),"",(E121-$E$14)/100*$C$5) | G121: =IF(ISERROR(B121-2),"",(INT(A121)-INT($A$14))/360*$C$6*$C$5-(INT(A121)-INT($A$14))/360*$C$7*$C$5*$E$14/100) | H121: =IF(COUNTIF($W$2:W1106,A121)=1,VLOOKUP(A121,S:T,2), IF(COUNTIF($W$2:W1106,A121)=0,$D$9,"")) | I121: =IF(COUNTIF($X$2:X1106,INT(A121))=1,VLOOKUP(INT(A121),X:Y,2), IF(ISERROR(H121-2),"",I120*(1-$D$8*(H121-H120)*0.0001))) | J121: =IF(ISERROR(H121-2),"",I121) | K121: =IF(ISERROR(H121-2),"",(J121/$J$14-1)*$D$5) | L121: =IF($A121="","",IF(COUNTIFS(Dividends!$G:$G,">"&INT($A120),Dividends!$G:$G,"<="&INT($A121))=0,"",$H$2*SUMIFS(Dividends!$H:$H,Dividends!$G:$G,">"&INT($A120),Dividends!$G:$G,"<="&INT($A121)))) | M121: =IF(ISERROR(B121-2),"",C121+D121-F121-G121-K121+SUM($L$14:L121)) | U121: =IF(COUNTIF(Q:Q,O121)*COUNTIF(S:S,O121),O121,"") | V121: =IF(U121>$A$14,U121,"") | Z121: 45947 | AA121: 243.0658 | AB121: 45947 | AC121: 277.446 | AD121: =IF(COUNTIF(AB:AB,Z121),Z121,"") -> 45947
A122: =IF(AND(ISBLANK(W111), A121 = $W$1),NOW(),IF(ISBLANK(W111),"",W111)) | B122: =IF(COUNTIF($W$2:W1107,A122)=1,VLOOKUP(A122,O:P,2), IF(COUNTIF($W$2:W1107,A122)=0,$B$9,"")) | C122: =IF(ISERROR(B122-2),"",(B122/$B$14-1)*$B$5) | D122: =IF(ISERROR(B122-2),"",-1*(INT(A122)-INT($A$14))/360*$B$7*$B$5) | E122: =IF(COUNTIF($W$2:W1107,A122)=1,VLOOKUP(A122,Q:R,2), IF(COUNTIF($W$2:W1107,A122)=0,$C$9,"")) | F122: =IF(ISERROR(B122-2),"",(E122-$E$14)/100*$C$5) | G122: =IF(ISERROR(B122-2),"",(INT(A122)-INT($A$14))/360*$C$6*$C$5-(INT(A122)-INT($A$14))/360*$C$7*$C$5*$E$14/100) | H122: =IF(COUNTIF($W$2:W1107,A122)=1,VLOOKUP(A122,S:T,2), IF(COUNTIF($W$2:W1107,A122)=0,$D$9,"")) | I122: =IF(COUNTIF($X$2:X1107,INT(A122))=1,VLOOKUP(INT(A122),X:Y,2), IF(ISERROR(H122-2),"",I121*(1-$D$8*(H122-H121)*0.0001))) | J122: =IF(ISERROR(H122-2),"",I122) | K122: =IF(ISERROR(H122-2),"",(J122/$J$14-1)*$D$5) | L122: =IF($A122="","",IF(COUNTIFS(Dividends!$G:$G,">"&INT($A121),Dividends!$G:$G,"<="&INT($A122))=0,"",$H$2*SUMIFS(Dividends!$H:$H,Dividends!$G:$G,">"&INT($A121),Dividends!$G:$G,"<="&INT($A122)))) | M122: =IF(ISERROR(B122-2),"",C122+D122-F122-G122-K122+SUM($L$14:L122)) | U122: =IF(COUNTIF(Q:Q,O122)*COUNTIF(S:S,O122),O122,"") | V122: =IF(U122>$A$14,U122,"") | Z122: 45950 | AA122: 244.0598 | AB122: 45950 | AC122: 269.544 | AD122: =IF(COUNTIF(AB:AB,Z122),Z122,"") -> 45950
... A204: =IF(AND(ISBLANK(W193), A203 = $W$1),NOW(),IF(ISBLANK(W193),"",W193)) | B204: =IF(COUNTIF($W$2:W1189,A204)=1,VLOOKUP(A204,O:P,2), IF(COUNTIF($W$2:W1189,A204)=0,$B$9,"")) | C204: =IF(ISERROR(B204-2),"",(B204/$B$14-1)*$B$5) | D204: =IF(ISERROR(B204-2),"",-1*(INT(A204)-INT($A$14))/360*$B$7*$B$5) | E204: =IF(COUNTIF($W$2:W1189,A204)=1,VLOOKUP(A204,Q:R,2), IF(COUNTIF($W$2:W1189,A204)=0,$C$9,"")) | F204: =IF(ISERROR(B204-2),"",(E204-$E$14)/100*$C$5) | G204: =IF(ISERROR(B204-2),"",(INT(A204)-INT($A$14))/360*$C$6*$C$5-(INT(A204)-INT($A$14))/360*$C$7*$C$5*$E$14/100) | H204: =IF(COUNTIF($W$2:W1189,A204)=1,VLOOKUP(A204,S:T,2), IF(COUNTIF($W$2:W1189,A204)=0,$D$9,"")) | I204: =IF(COUNTIF($X$2:X1189,INT(A204))=1,VLOOKUP(INT(A204),X:Y,2), IF(ISERROR(H204-2),"",I203*(1-$D$8*(H204-H203)*0.0001))) | J204: =IF(ISERROR(H204-2),"",I204) | K204: =IF(ISERROR(H204-2),"",(J204/$J$14-1)*$D$5) | L204: =IF($A204="","",IF(COUNTIFS(Dividends!$G:$G,">"&INT($A203),Dividends!$G:$G,"<="&INT($A204))=0,"",$H$2*SUMIFS(Dividends!$H:$H,Dividends!$G:$G,">"&INT($A203),Dividends!$G:$G,"<="&INT($A204)))) | M204: =IF(ISERROR(B204-2),"",C204+D204-F204-G204-K204+SUM($L$14:L204)) | U204: =IF(COUNTIF(Q:Q,O204)*COUNTIF(S:S,O204),O204,"") | V204: =IF(U204>$A$14,U204,"") | Z204: 46069 | AA204: 249.0668 | AB204: 46069 | AC204: 249.323 | AD204: =IF(COUNTIF(AB:AB,Z204),Z204,"") -> 46069
U205: =IF(COUNTIF(Q:Q,O205)*COUNTIF(S:S,O205),O205,"") | V205: =IF(U205>$A$14,U205,"") | Z205: 46070 | AA205: 248.9178 | AB205: 46070 | AC205: 250.653 | AD205: =IF(COUNTIF(AB:AB,Z205),Z205,"") -> 46070
U206: =IF(COUNTIF(Q:Q,O206)*COUNTIF(S:S,O206),O206,"") | V206: =IF(U206>$A$14,U206,"") | Z206: 46071 | AA206: 249.5435 | AB206: 46071 | AC206: 245.281 | AD206: =IF(COUNTIF(AB:AB,Z206),Z206,"") -> 46071
U207: =IF(COUNTIF(Q:Q,O207)*COUNTIF(S:S,O207),O207,"") | V207: =IF(U207>$A$14,U207,"") | Z207: 46072 | AA207: 249.0562 | AB207: 46072 | AC207: 249.801 | AD207: =IF(COUNTIF(AB:AB,Z207),Z207,"") -> 46072
U208: =IF(COUNTIF(Q:Q,O208)*COUNTIF(S:S,O208),O208,"") | V208: =IF(U208>$A$14,U208,"") | Z208: 46073 | AA208: 249.3559 | AB208: 46073 | AC208: 247.394 | AD208: =IF(COUNTIF(AB:AB,Z208),Z208,"") -> 46073
U209: =IF(COUNTIF(Q:Q,O209)*COUNTIF(S:S,O209),O209,"") | V209: =IF(U209>$A$14,U209,"") | Z209: 46076 | AA209: 249.1714 | AB209: 46076 | AC209: 249.6 | AD209: =IF(COUNTIF(AB:AB,Z209),Z209,"") -> 46076
U210: =IF(COUNTIF(Q:Q,O210)*COUNTIF(S:S,O210),O210,"") | V210: =IF(U210>$A$14,U210,"") | Z210: 46077 | AA210: 248.9029 | AB210: 46077 | AC210: 251.951 | AD210: =IF(COUNTIF(AB:AB,Z210),Z210,"") -> 46077
U211: =IF(COUNTIF(Q:Q,O211)*COUNTIF(S:S,O211),O211,"") | V211: =IF(U211>$A$14,U211,"") | Z211: 46078 | AA211: 249.0966 | AB211: 46078 | AC211: 250.364 | AD211: =IF(COUNTIF(AB:AB,Z211),Z211,"") -> 46078
U212: =IF(COUNTIF(Q:Q,O212)*COUNTIF(S:S,O212),O212,"") | V212: =IF(U212>$A$14,U212,"") | Z212: 46079 | AA212: 248.7547 | AB212: 46079 | AC212: 255.234 | AD212: =IF(COUNTIF(AB:AB,Z212),Z212,"") -> 46079
U213: =IF(COUNTIF(Q:Q,O213)*COUNTIF(S:S,O213),O213,"") | V213: =IF(U213>$A$14,U213,"") | Z213: 46080 | AA213: 248.0929 | AB213: 46080 | AC213: 260.477 | AD213: =IF(COUNTIF(AB:AB,Z213),Z213,"") -> 46080
U214: =IF(COUNTIF(Q:Q,O214)*COUNTIF(S:S,O214),O214,"") | V214: =IF(U214>$A$14,U214,"") | Z214: 46083 | AA214: 247.5763 | AB214: 46083 | AC214: 263.697 | AD214: =IF(COUNTIF(AB:AB,Z214),Z214,"") -> 46083
U215: =IF(COUNTIF(Q:Q,O215)*COUNTIF(S:S,O215),O215,"") | V215: =IF(U215>$A$14,U215,"") | Z215: 46084 | AA215: 246.2878 | AB215: 46084 | AC215: 274.058 | AD215: =IF(COUNTIF(AB:AB,Z215),Z215,"") -> 46084
U216: =IF(COUNTIF(Q:Q,O216)*COUNTIF(S:S,O216),O216,"") | V216: =IF(U216>$A$14,U216,"") | Z216: 46085 | AA216: 247.5319 | AB216: 46085 | AC216: 264.478 | AD216: =IF(COUNTIF(AB:AB,Z216),Z216,"") -> 46085
... U293: =IF(COUNTIF(Q:Q,O293)*COUNTIF(S:S,O293),O293,"") | V293: =IF(U293>$A$14,U293,"") | Z293: 46198 | AA293: 255.5413 | AB293: 46198 | AC293: 247.307 | AD293: =IF(COUNTIF(AB:AB,Z293),Z293,"") -> 46198
U294: =IF(COUNTIF(Q:Q,O294)*COUNTIF(S:S,O294),O294,"") | V294: =IF(U294>$A$14,U294,"") | AD294: =IF(COUNTIF(AB:AB,Z294),Z294,"")
U295: =IF(COUNTIF(Q:Q,O295)*COUNTIF(S:S,O295),O295,"") | V295: =IF(U295>$A$14,U295,"") | AD295: =IF(COUNTIF(AB:AB,Z295),Z295,"")
U296: =IF(COUNTIF(Q:Q,O296)*COUNTIF(S:S,O296),O296,"") | V296: =IF(U296>$A$14,U296,"") | AD296: =IF(COUNTIF(AB:AB,Z296),Z296,"")
U297: =IF(COUNTIF(Q:Q,O297)*COUNTIF(S:S,O297),O297,"") | V297: =IF(U297>$A$14,U297,"") | AD297: =IF(COUNTIF(AB:AB,Z297),Z297,"")
U298: =IF(COUNTIF(Q:Q,O298)*COUNTIF(S:S,O298),O298,"") | V298: =IF(U298>$A$14,U298,"") | AD298: =IF(COUNTIF(AB:AB,Z298),Z298,"")
U299: =IF(COUNTIF(Q:Q,O299)*COUNTIF(S:S,O299),O299,"") | V299: =IF(U299>$A$14,U299,"") | AD299: =IF(COUNTIF(AB:AB,Z299),Z299,"")
U300: =IF(COUNTIF(Q:Q,O300)*COUNTIF(S:S,O300),O300,"") | V300: =IF(U300>$A$14,U300,"") | AD300: =IF(COUNTIF(AB:AB,Z300),Z300,"")
U301: =IF(COUNTIF(Q:Q,O301)*COUNTIF(S:S,O301),O301,"") | V301: =IF(U301>$A$14,U301,"") | AD301: =IF(COUNTIF(AB:AB,Z301),Z301,"")
U302: =IF(COUNTIF(Q:Q,O302)*COUNTIF(S:S,O302),O302,"") | V302: =IF(U302>$A$14,U302,"") | AD302: =IF(COUNTIF(AB:AB,Z302),Z302,"")
U303: =IF(COUNTIF(Q:Q,O303)*COUNTIF(S:S,O303),O303,"") | V303: =IF(U303>$A$14,U303,"") | AD303: =IF(COUNTIF(AB:AB,Z303),Z303,"")
U304: =IF(COUNTIF(Q:Q,O304)*COUNTIF(S:S,O304),O304,"") | V304: =IF(U304>$A$14,U304,"") | AD304: =IF(COUNTIF(AB:AB,Z304),Z304,"")
U305: =IF(COUNTIF(Q:Q,O305)*COUNTIF(S:S,O305),O305,"") | V305: =IF(U305>$A$14,U305,"") | AD305: =IF(COUNTIF(AB:AB,Z305),Z305,"")
... U421: =IF(COUNTIF(Q:Q,O421)*COUNTIF(S:S,O421),O421,"") | V421: =IF(U421>$A$14,U421,"") | AD421: =IF(COUNTIF(AB:AB,Z421),Z421,"")
U422: =IF(COUNTIF(Q:Q,O422)*COUNTIF(S:S,O422),O422,"") | V422: =IF(U422>$A$14,U422,"")
U423: =IF(COUNTIF(Q:Q,O423)*COUNTIF(S:S,O423),O423,"") | V423: =IF(U423>$A$14,U423,"")
U424: =IF(COUNTIF(Q:Q,O424)*COUNTIF(S:S,O424),O424,"") | V424: =IF(U424>$A$14,U424,"")
U425: =IF(COUNTIF(Q:Q,O425)*COUNTIF(S:S,O425),O425,"") | V425: =IF(U425>$A$14,U425,"")
U426: =IF(COUNTIF(Q:Q,O426)*COUNTIF(S:S,O426),O426,"") | V426: =IF(U426>$A$14,U426,"")
U427: =IF(COUNTIF(Q:Q,O427)*COUNTIF(S:S,O427),O427,"") | V427: =IF(U427>$A$14,U427,"")
U428: =IF(COUNTIF(Q:Q,O428)*COUNTIF(S:S,O428),O428,"") | V428: =IF(U428>$A$14,U428,"")
U429: =IF(COUNTIF(Q:Q,O429)*COUNTIF(S:S,O429),O429,"") | V429: =IF(U429>$A$14,U429,"")
U430: =IF(COUNTIF(Q:Q,O430)*COUNTIF(S:S,O430),O430,"") | V430: =IF(U430>$A$14,U430,"")
U431: =IF(COUNTIF(Q:Q,O431)*COUNTIF(S:S,O431),O431,"") | V431: =IF(U431>$A$14,U431,"")
U432: =IF(COUNTIF(Q:Q,O432)*COUNTIF(S:S,O432),O432,"") | V432: =IF(U432>$A$14,U432,"")
U433: =IF(COUNTIF(Q:Q,O433)*COUNTIF(S:S,O433),O433,"") | V433: =IF(U433>$A$14,U433,"")
... U569: =IF(COUNTIF(Q:Q,O569)*COUNTIF(S:S,O569),O569,"") | V569: =IF(U569>$A$14,U569,"")

Sheet 13a (2)
D1: ERIXITXO INDEX | W1: {=LOOKUP(2,1/(W:W<>""),W:W)} -> 46190.625 | AE1: Last ER Date = | AF1: {=LOOKUP(2,1/(AD:AD<>""),AD:AD)} -> 46198
B2: Long Risk | C2: Short Risk | D2: Short Risk | G2: Value of 1pt | H2: Single Contract Notional at Start | I2: # of contracts | O2: Long Risk | Q2: Short Risk | S2: Short Risk | W2: {=_xlfn._xlws.SORT(_xlfn.UNIQUE(_xlfn._xlws.FILTER(V:V, ISNUMBER(V:V))))} -> 46114.625 | AE2: Last CDX = | AF2: =VLOOKUP(AF1,AB:AC,2) -> 247.307 | AI2: Long Risk
A3: Name= | B3: EUR HY Fut | C3: OBL 2.4% 10/28 | D3: Xover S44 | F3: Eur HY Fut= | G3: 200 | H3: =200*B14 -> 61240 | I3: =INT(B5/H3) -> 489 | O3: {=_xll.BDH(B4, "LAST_PRICE", "01/26/2026 15:00:00", "01/26/2035 16:00:00", "BarSize=60", "BarType=T", "RecurDaily=True", "TZ=London")} -> 46094.625 | P3: 306.42 | Q3: {=_xll.BDH(C4, "LAST_PRICE", "01/26/2026 15:00:00", "01/01/2035 16:00:00", "BarSize=60", "BarType=T", "RecurDaily=True", "TZ=London")} -> 46048.625 | R3: 100.566 | S3: {=_xll.BDH(D4, "LAST_PRICE", "01/26/2026 15:00:00", "01/01/2035 16:00:00", "BarSize=60", "BarType=T", "RecurDaily=True", "TZ=London")} -> 46048.625 | T3: 242.329 | U3: =IF(COUNTIF(Q:Q,O3)*COUNTIF(S:S,O3),O3,"") -> 46094.625 | V3: =IF(U3>$A$14,U3,"") | W3: 46119.625 | Z3: {=_xll.BDH(D1, "LAST_PRICE", "05/01/2025","")} -> 45778 | AA3: 231.3922 | AB3: {=_xll.BDH(D4, "LAST_PRICE", "05/01/2025", "")} -> 45778 | AC3: 343.699 | AD3: =IF(COUNTIF(AB:AB,Z3),Z3,"") -> 45778 | AE3: Last ER = | AF3: =VLOOKUP(AF1,Z:AA,2) -> 255.5413 | AI3: {=_xll.BDH("AHWU6 Index", "LAST_PRICE", "01/26/2026 15:00:00", "01/26/2035 16:00:00", "BarSize=60", "BarType=T", "RecurDaily=True", "TZ=London")} -> 46185.625 | AJ3: 314.76
A4: BBG Ticker= | B4: AHWM6 Index | C4: ZK885444@BGN Corp | D4: ITRX XOVER CDSI GEN 5Y CORP | O4: 46097.625 | P4: 306.38 | Q4: 46049.625 | R4: 100.59 | S4: 46049.625 | T4: 241.372 | U4: =IF(COUNTIF(Q:Q,O4)*COUNTIF(S:S,O4),O4,"") -> 46097.625 | V4: =IF(U4>$A$14,U4,"") | W4: 46120.625 | X4: {=_xll.BDH("ERIXILXO Index", "PX_LAST", "01/22/2026", "")} -> 46044 | Y4: 264.1611 | Z4: 45779 | AA4: 232.4699 | AB4: 45779 | AC4: 333.964 | AD4: =IF(COUNTIF(AB:AB,Z4),Z4,"") -> 45779 | AE4: Carry Days = | AF4: =INT(NOW())-INT(AF1) -> 0 | AI4: 46189.625 | AJ4: 315.8
A5: Not'l= | B5: =30*10^6 -> 30000000 | C5: =26*10^6 -> 26000000 | D5: =18.7*10^6 -> 18700000 | O5: 46098.625 | P5: 307.76 | Q5: 46050.625 | R5: 100.65 | S5: 46050.625 | T5: 244.391 | U5: =IF(COUNTIF(Q:Q,O5)*COUNTIF(S:S,O5),O5,"") -> 46098.625 | V5: =IF(U5>$A$14,U5,"") | W5: 46122.625 | X5: 46045 | Y5: 263.9462 | Z5: 45783 | AA5: 232.7954 | AB5: 45783 | AC5: 331.257 | AD5: =IF(COUNTIF(AB:AB,Z5),Z5,"") -> 45783 | AI5: 46190.625 | AJ5: 315.42
A6: Carry= | B6: 0 | C6: 0.024 | D6: 0.05 | O6: 46099.625 | P6: 307.34 | Q6: 46051.625 | R6: 100.706 | S6: 46051.625 | T6: 249.25 | U6: =IF(COUNTIF(Q:Q,O6)*COUNTIF(S:S,O6),O6,"") -> 46099.625 | V6: =IF(U6>$A$14,U6,"") | W6: 46126.625 | X6: 46048 | Y6: 264.0295 | Z6: 45784 | AA6: 232.8287 | AB6: 45784 | AC6: 330.319 | AD6: =IF(COUNTIF(AB:AB,Z6),Z6,"") -> 45784 | AI6: 46191.625 | AJ6: 315.68
A7: Financing Rate= | B7: 0 | C7: {=_xll.BDP("EURR002W INDEX","PX_LAST")/100} -> 0.024 | D7: 0 | O7: 46100.625 | P7: 306.06 | Q7: 46052.625 | R7: 100.675 | S7: 46052.625 | T7: 246.12 | U7: =IF(COUNTIF(Q:Q,O7)*COUNTIF(S:S,O7),O7,"") -> 46100.625 | V7: =IF(U7>$A$14,U7,"") | W7: 46127.625 | X7: 46049 | Y7: 264.1769 | Z7: 45785 | AA7: 233.9237 | AB7: 45785 | AC7: 319.942 | AD7: =IF(COUNTIF(AB:AB,Z7),Z7,"") -> 45785 | AI7: 46192.625 | AJ7: 315.88
A8: Initial Duration= | B8: - | C8: - | D8: 4.859 | O8: 46101.625 | P8: 304.02 | Q8: 46055.625 | R8: 100.607 | S8: 46055.625 | T8: 243.642 | U8: =IF(COUNTIF(Q:Q,O8)*COUNTIF(S:S,O8),O8,"") -> 46101.625 | V8: =IF(U8>$A$14,U8,"") | W8: 46128.625 | X8: 46050 | Y8: 263.7748 | Z8: 45786 | AA8: 233.9268 | AB8: 45786 | AC8: 320.065 | AD8: =IF(COUNTIF(AB:AB,Z8),Z8,"") -> 45786 | AI8: 46196.625 | AJ8: 315.56
A9: Live PX= | B9: {=_xll.BDP(B4,"PX_LAST")} -> 313.66 | C9: {=_xll.BDP(C4,"PX_LAST")} -> 99.747 | D9: {=_xll.BDP(D4,"PX_LAST")} -> 247.3067 | O9: 46104.625 | P9: 305 | Q9: 46056.625 | R9: 100.576 | S9: 46056.625 | T9: 243.64 | U9: =IF(COUNTIF(Q:Q,O9)*COUNTIF(S:S,O9),O9,"") -> 46104.625 | V9: =IF(U9>$A$14,U9,"") | W9: 46129.625 | X9: 46051 | Y9: 263.4651 | Z9: 45789 | AA9: 235.5827 | AB9: 45789 | AC9: 306.82 | AD9: =IF(COUNTIF(AB:AB,Z9),Z9,"") -> 45789 | AI9: 46197.625 | AJ9: 315.52
A10: Live ER = | O10: 46105.625 | P10: 304.52 | Q10: 46057.625 | R10: 100.637 | S10: 46057.625 | T10: 244.557 | U10: =IF(COUNTIF(Q:Q,O10)*COUNTIF(S:S,O10),O10,"") -> 46105.625 | V10: =IF(U10>$A$14,U10,"") | W10: 46132.625 | X10: 46052 | Y10: 263.6153 | Z10: 45790 | AA10: 236.7813 | AB10: 45790 | AC10: 295.552 | AD10: =IF(COUNTIF(AB:AB,Z10),Z10,"") -> 45790
O11: 46106.625 | P11: 306.12 | Q11: 46058.625 | R11: 100.67 | S11: 46058.625 | T11: 249.851 | U11: =IF(COUNTIF(Q:Q,O11)*COUNTIF(S:S,O11),O11,"") -> 46106.625 | V11: =IF(U11>$A$14,U11,"") | W11: 46133.625 | X11: 46055 | Y11: 264.1297 | Z11: 45791 | AA11: 236.4158 | AB11: 45791 | AC11: 299.078 | AD11: =IF(COUNTIF(AB:AB,Z11),Z11,"") -> 45791
A12: Date | B12: Long Risk | E12: Short Risk | H12: Short Risk | L12: IHYG Dvd | M12: Net P/L | O12: 46107.625 | P12: 304.82 | Q12: 46059.625 | R12: 100.67 | S12: 46059.625 | T12: 244.11 | U12: =IF(COUNTIF(Q:Q,O12)*COUNTIF(S:S,O12),O12,"") -> 46107.625 | V12: =IF(U12>$A$14,U12,"") | W12: 46134.625 | X12: 46056 | Y12: 264 | Z12: 45792 | AA12: 236.2761 | AB12: 45792 | AC12: 300.107 | AD12: =IF(COUNTIF(AB:AB,Z12),Z12,"") -> 45792
B13: Price | C13: Price P/L | D13: Carry P/L | E13: Price | F13: Price P/L | G13: Carry P/L | H13: Sprd | I13: Index | J13: Adj. Index | K13: P/L | O13: 46108.625 | P13: 303.5 | Q13: 46062.625 | R13: 100.702 | S13: 46062.625 | T13: 241.44 | U13: =IF(COUNTIF(Q:Q,O13)*COUNTIF(S:S,O13),O13,"") -> 46108.625 | V13: =IF(U13>$A$14,U13,"") | W13: 46136.625 | X13: 46057 | Y13: 263.8195 | Z13: 45793 | AA13: 236.2916 | AB13: 45793 | AC13: 301.295 | AD13: =IF(COUNTIF(AB:AB,Z13),Z13,"") -> 45793
A14: 46113.625 | B14: 306.2 | E14: =IF(COUNTIF($W$2:W999,A14)=1,VLOOKUP(A14,Q:R,2), IF(COUNTIF($W$2:W999,A14)=0,$C$9,"")) -> 99.747 | H14: =IF(COUNTIF($W$2:W999,A14)=1,VLOOKUP(A14,S:T,2), IF(COUNTIF($W$2:W999,A14)=0,$D$9,"")) -> 247.3067 | I14: 264.18 | J14: =IF(ISERROR(H14-2),"",I14) -> 264.18 | M14: 0 | O14: 46111.625 | P14: 302.92 | Q14: 46063.625 | R14: 100.736 | S14: 46063.625 | T14: 241.986 | U14: =IF(COUNTIF(Q:Q,O14)*COUNTIF(S:S,O14),O14,"") -> 46111.625 | V14: =IF(U14>$A$14,U14,"") | W14: 46139.625 | X14: 46058 | Y14: 263.5473 | Z14: 45796 | AA14: 236.3481 | AB14: 45796 | AC14: 299.938 | AD14: =IF(COUNTIF(AB:AB,Z14),Z14,"") -> 45796
A15: =IF(AND(ISBLANK(W4), A14 = $W$1),NOW(),IF(ISBLANK(W4),"",W4)) -> 46120.625 | B15: =IF(COUNTIF($W$2:W1000,A15)=1,VLOOKUP(A15,O:P,2), IF(COUNTIF($W$2:W1000,A15)=0,$B$9,"")) -> 309.58 | C15: =IF(ISERROR(B15-2),"",(B15-$B$14)*$G$3*$I$3) -> 330564 | E15: =IF(COUNTIF($W$2:W1000,A15)=1,VLOOKUP(A15,Q:R,2), IF(COUNTIF($W$2:W1000,A15)=0,$C$9,"")) -> 99.777 | F15: =IF(ISERROR(B15-2),"",(E15-$E$14)/100*$C$5) -> 7800 | G15: =IF(ISERROR(B15-2),"",(INT(A15)-INT($A$14))/360*$C$6*$C$5-(INT(A15)-INT($A$14))/360*$C$7*$C$5*$E$14/100) -> 30.697333 | H15: =IF(COUNTIF($W$2:W1000,A15)=1,VLOOKUP(A15,S:T,2), IF(COUNTIF($W$2:W1000,A15)=0,$D$9,"")) -> 301.619 | I15: =IF(COUNTIF($X$2:X1000,INT(A15))=1,VLOOKUP(INT(A15),X:Y,2), IF(ISERROR(H15-2),"",I14*(1-$D$8*(H15-H14)*0.0001))) -> 262.3835 | J15: =IF(ISERROR(H15-2),"",I15) -> 262.3835 | K15: =IF(ISERROR(H15-2),"",(J15/$J$14-1)*$D$5) -> -127165.38 | M15: =IF(ISERROR(B15-2),"",C15+D15-F15-G15-K15+SUM($L$14:L15)) -> 449898.68 | O15: 46112.625 | P15: 304.16 | Q15: 46064.625 | R15: 100.73 | S15: 46064.625 | T15: 242.796 | U15: =IF(COUNTIF(Q:Q,O15)*COUNTIF(S:S,O15),O15,"") -> 46112.625 | V15: =IF(U15>$A$14,U15,"") | W15: 46140.625 | X15: 46059 | Y15: 264.1749 | Z15: 45797 | AA15: 236.8784 | AB15: 45797 | AC15: 295.737 | AD15: =IF(COUNTIF(AB:AB,Z15),Z15,"") -> 45797
A16: =IF(AND(ISBLANK(W5), A15 = $W$1),NOW(),IF(ISBLANK(W5),"",W5)) -> 46122.625 | B16: =IF(COUNTIF($W$2:W1001,A16)=1,VLOOKUP(A16,O:P,2), IF(COUNTIF($W$2:W1001,A16)=0,$B$9,"")) -> 309.46 | C16: =IF(ISERROR(B16-2),"",(B16-$B$14)*$G$3*$I$3) -> 318828 | E16: =IF(COUNTIF($W$2:W1001,A16)=1,VLOOKUP(A16,Q:R,2), IF(COUNTIF($W$2:W1001,A16)=0,$C$9,"")) -> 99.55 | F16: =IF(ISERROR(B16-2),"",(E16-$E$14)/100*$C$5) -> -51220 | G16: =IF(ISERROR(B16-2),"",(INT(A16)-INT($A$14))/360*$C$6*$C$5-(INT(A16)-INT($A$14))/360*$C$7*$C$5*$E$14/100) -> 39.468 | H16: =IF(COUNTIF($W$2:W1001,A16)=1,VLOOKUP(A16,S:T,2), IF(COUNTIF($W$2:W1001,A16)=0,$D$9,"")) -> 291.343 | I16: =IF(COUNTIF($X$2:X1001,INT(A16))=1,VLOOKUP(INT(A16),X:Y,2), IF(ISERROR(H16-2),"",I15*(1-$D$8*(H16-H15)*0.0001))) -> 263.2931 | J16: =IF(ISERROR(H16-2),"",I16) -> 263.2931 | K16: =IF(ISERROR(H16-2),"",(J16/$J$14-1)*$D$5) -> -62779.279 | M16: =IF(ISERROR(B16-2),"",C16+D16-F16-G16-K16+SUM($L$14:L16)) -> 432787.81 | O16: 46113.625 | P16: 306.24 | Q16: 46065.625 | R16: 100.751 | S16: 46065.625 | T16: 244.618 | U16: =IF(COUNTIF(Q:Q,O16)*COUNTIF(S:S,O16),O16,"") -> 46113.625 | V16: =IF(U16>$A$14,U16,"") | W16: 46141.625 | X16: 46062 | Y16: 264.5603 | Z16: 45798 | AA16: 236.6263 | AB16: 45798 | AC16: 298.613 | AD16: =IF(COUNTIF(AB:AB,Z16),Z16,"") -> 45798
A17: =IF(AND(ISBLANK(W6), A16 = $W$1),NOW(),IF(ISBLANK(W6),"",W6)) -> 46126.625 | B17: =IF(COUNTIF($W$2:W1002,A17)=1,VLOOKUP(A17,O:P,2), IF(COUNTIF($W$2:W1002,A17)=0,$B$9,"")) -> 309.9 | C17: =IF(ISERROR(B17-2),"",(B17-$B$14)*$G$3*$I$3) -> 361860 | E17: =IF(COUNTIF($W$2:W1002,A17)=1,VLOOKUP(A17,Q:R,2), IF(COUNTIF($W$2:W1002,A17)=0,$C$9,"")) -> 99.619 | F17: =IF(ISERROR(B17-2),"",(E17-$E$14)/100*$C$5) -> -33280 | G17: =IF(ISERROR(B17-2),"",(INT(A17)-INT($A$14))/360*$C$6*$C$5-(INT(A17)-INT($A$14))/360*$C$7*$C$5*$E$14/100) -> 57.009333 | H17: =IF(COUNTIF($W$2:W1002,A17)=1,VLOOKUP(A17,S:T,2), IF(COUNTIF($W$2:W1002,A17)=0,$D$9,"")) -> 282.697 | I17: =IF(COUNTIF($X$2:X1002,INT(A17))=1,VLOOKUP(INT(A17),X:Y,2), IF(ISERROR(H17-2),"",I16*(1-$D$8*(H17-H16)*0.0001))) -> 264.6927 | J17: =IF(ISERROR(H17-2),"",I17) -> 264.6927 | K17: =IF(ISERROR(H17-2),"",(J17/$J$14-1)*$D$5) -> 36291.506 | M17: =IF(ISERROR(B17-2),"",C17+D17-F17-G17-K17+SUM($L$14:L17)) -> 358791.48 | O17: 46114.625 | P17: 306.5 | Q17: 46066.625 | R17: 100.819 | S17: 46066.625 | T17: 247.573 | U17: =IF(COUNTIF(Q:Q,O17)*COUNTIF(S:S,O17),O17,"") -> 46114.625 | V17: =IF(U17>$A$14,U17,"") -> 46114.625 | W17: 46142.625 | X17: 46063 | Y17: 264.468 | Z17: 45799 | AA17: 236.1527 | AB17: 45799 | AC17: 302.621 | AD17: =IF(COUNTIF(AB:AB,Z17),Z17,"") -> 45799
A18: =IF(AND(ISBLANK(W7), A17 = $W$1),NOW(),IF(ISBLANK(W7),"",W7)) -> 46127.625 | B18: =IF(COUNTIF($W$2:W1003,A18)=1,VLOOKUP(A18,O:P,2), IF(COUNTIF($W$2:W1003,A18)=0,$B$9,"")) -> 310.42 | C18: =IF(ISERROR(B18-2),"",(B18-$B$14)*$G$3*$I$3) -> 412716 | E18: =IF(COUNTIF($W$2:W1003,A18)=1,VLOOKUP(A18,Q:R,2), IF(COUNTIF($W$2:W1003,A18)=0,$C$9,"")) -> 99.654 | F18: =IF(ISERROR(B18-2),"",(E18-$E$14)/100*$C$5) -> -24180 | G18: =IF(ISERROR(B18-2),"",(INT(A18)-INT($A$14))/360*$C$6*$C$5-(INT(A18)-INT($A$14))/360*$C$7*$C$5*$E$14/100) -> 61.394667 | H18: =IF(COUNTIF($W$2:W1003,A18)=1,VLOOKUP(A18,S:T,2), IF(COUNTIF($W$2:W1003,A18)=0,$D$9,"")) -> 282.519 | I18: =IF(COUNTIF($X$2:X1003,INT(A18))=1,VLOOKUP(INT(A18),X:Y,2), IF(ISERROR(H18-2),"",I17*(1-$D$8*(H18-H17)*0.0001))) -> 264.629 | J18: =IF(ISERROR(H18-2),"",I18) -> 264.629 | K18: =IF(ISERROR(H18-2),"",(J18/$J$14-1)*$D$5) -> 31782.497 | M18: =IF(ISERROR(B18-2),"",C18+D18-F18-G18-K18+SUM($L$14:L18)) -> 405052.11 | O18: 46119.625 | P18: 305.86 | Q18: 46069.625 | R18: 100.827 | S18: 46069.625 | T18: 248.949 | U18: =IF(COUNTIF(Q:Q,O18)*COUNTIF(S:S,O18),O18,"") -> 46119.625 | V18: =IF(U18>$A$14,U18,"") -> 46119.625 | W18: 46147.625 | X18: 46064 | Y18: 264.3549 | Z18: 45800 | AA18: 234.8886 | AB18: 45800 | AC18: 315.955 | AD18: =IF(COUNTIF(AB:AB,Z18),Z18,"") -> 45800
A19: =IF(AND(ISBLANK(W8), A18 = $W$1),NOW(),IF(ISBLANK(W8),"",W8)) -> 46128.625 | B19: =IF(COUNTIF($W$2:W1004,A19)=1,VLOOKUP(A19,O:P,2), IF(COUNTIF($W$2:W1004,A19)=0,$B$9,"")) -> 310.64 | C19: =IF(ISERROR(B19-2),"",(B19-$B$14)*$G$3*$I$3) -> 434232 | E19: =IF(COUNTIF($W$2:W1004,A19)=1,VLOOKUP(A19,Q:R,2), IF(COUNTIF($W$2:W1004,A19)=0,$C$9,"")) -> 99.677 | F19: =IF(ISERROR(B19-2),"",(E19-$E$14)/100*$C$5) -> -18200 | G19: =IF(ISERROR(B19-2),"",(INT(A19)-INT($A$14))/360*$C$6*$C$5-(INT(A19)-INT($A$14))/360*$C$7*$C$5*$E$14/100) -> 65.78 | H19: =IF(COUNTIF($W$2:W1004,A19)=1,VLOOKUP(A19,S:T,2), IF(COUNTIF($W$2:W1004,A19)=0,$D$9,"")) -> 286.733 | I19: =IF(COUNTIF($X$2:X1004,INT(A19))=1,VLOOKUP(INT(A19),X:Y,2), IF(ISERROR(H19-2),"",I18*(1-$D$8*(H19-H18)*0.0001))) -> 264.2442 | J19: =IF(ISERROR(H19-2),"",I19) -> 264.2442 | K19: =IF(ISERROR(H19-2),"",(J19/$J$14-1)*$D$5) -> 4544.4015 | M19: =IF(ISERROR(B19-2),"",C19+D19-F19-G19-K19+SUM($L$14:L19)) -> 447821.82 | O19: 46120.625 | P19: 309.58 | Q19: 46070.625 | R19: 100.844 | S19: 46070.625 | T19: 252.082 | U19: =IF(COUNTIF(Q:Q,O19)*COUNTIF(S:S,O19),O19,"") -> 46120.625 | V19: =IF(U19>$A$14,U19,"") -> 46120.625 | W19: 46148.625 | X19: 46065 | Y19: 264.0449 | Z19: 45804 | AA19: 236.6034 | AB19: 45804 | AC19: 300.109 | AD19: =IF(COUNTIF(AB:AB,Z19),Z19,"") -> 45804
A20: =IF(AND(ISBLANK(W9), A19 = $W$1),NOW(),IF(ISBLANK(W9),"",W9)) -> 46129.625 | B20: =IF(COUNTIF($W$2:W1005,A20)=1,VLOOKUP(A20,O:P,2), IF(COUNTIF($W$2:W1005,A20)=0,$B$9,"")) -> 312.38 | C20: =IF(ISERROR(B20-2),"",(B20-$B$14)*$G$3*$I$3) -> 604404 | E20: =IF(COUNTIF($W$2:W1005,A20)=1,VLOOKUP(A20,Q:R,2), IF(COUNTIF($W$2:W1005,A20)=0,$C$9,"")) -> 99.954 | F20: =IF(ISERROR(B20-2),"",(E20-$E$14)/100*$C$5) -> 53820 | G20: =IF(ISERROR(B20-2),"",(INT(A20)-INT($A$14))/360*$C$6*$C$5-(INT(A20)-INT($A$14))/360*$C$7*$C$5*$E$14/100) -> 70.165333 | H20: =IF(COUNTIF($W$2:W1005,A20)=1,VLOOKUP(A20,S:T,2), IF(COUNTIF($W$2:W1005,A20)=0,$D$9,"")) -> 275.168 | I20: =IF(COUNTIF($X$2:X1005,INT(A20))=1,VLOOKUP(INT(A20),X:Y,2), IF(ISERROR(H20-2),"",I19*(1-$D$8*(H20-H19)*0.0001))) -> 265.6018 | J20: =IF(ISERROR(H20-2),"",I20) -> 265.6018 | K20: =IF(ISERROR(H20-2),"",(J20/$J$14-1)*$D$5) -> 100642.21 | M20: =IF(ISERROR(B20-2),"",C20+D20-F20-G20-K20+SUM($L$14:L20)) -> 449871.62 | O20: 46122.625 | P20: 309.46 | Q20: 46071.625 | R20: 100.795 | S20: 46071.625 | T20: 245.436 | U20: =IF(COUNTIF(Q:Q,O20)*COUNTIF(S:S,O20),O20,"") -> 46122.625 | V20: =IF(U20>$A$14,U20,"") -> 46122.625 | W20: 46149.625 | X20: 46066 | Y20: 263.8886 | Z20: 45805 | AA20: 236.6898 | AB20: 45805 | AC20: 300.604 | AD20: =IF(COUNTIF(AB:AB,Z20),Z20,"") -> 45805
A21: =IF(AND(ISBLANK(W10), A20 = $W$1),NOW(),IF(ISBLANK(W10),"",W10)) -> 46132.625 | B21: =IF(COUNTIF($W$2:W1006,A21)=1,VLOOKUP(A21,O:P,2), IF(COUNTIF($W$2:W1006,A21)=0,$B$9,"")) -> 311.66 | C21: =IF(ISERROR(B21-2),"",(B21-$B$14)*$G$3*$I$3) -> 533988 | E21: =IF(COUNTIF($W$2:W1006,A21)=1,VLOOKUP(A21,Q:R,2), IF(COUNTIF($W$2:W1006,A21)=0,$C$9,"")) -> 99.831 | F21: =IF(ISERROR(B21-2),"",(E21-$E$14)/100*$C$5) -> 21840 | G21: =IF(ISERROR(B21-2),"",(INT(A21)-INT($A$14))/360*$C$6*$C$5-(INT(A21)-INT($A$14))/360*$C$7*$C$5*$E$14/100) -> 83.321333 | H21: =IF(COUNTIF($W$2:W1006,A21)=1,VLOOKUP(A21,S:T,2), IF(COUNTIF($W$2:W1006,A21)=0,$D$9,"")) -> 280.364 | I21: =IF(COUNTIF($X$2:X1006,INT(A21))=1,VLOOKUP(INT(A21),X:Y,2), IF(ISERROR(H21-2),"",I20*(1-$D$8*(H21-H20)*0.0001))) -> 265.2414 | J21: =IF(ISERROR(H21-2),"",I21) -> 265.2414 | K21: =IF(ISERROR(H21-2),"",(J21/$J$14-1)*$D$5) -> 75131.274 | M21: =IF(ISERROR(B21-2),"",C21+D21-F21-G21-K21+SUM($L$14:L21)) -> 436933.4 | O21: 46126.625 | P21: 309.9 | Q21: 46072.625 | R21: 100.789 | S21: 46072.625 | T21: 249.529 | U21: =IF(COUNTIF(Q:Q,O21)*COUNTIF(S:S,O21),O21,"") -> 46126.625 | V21: =IF(U21>$A$14,U21,"") -> 46126.625 | W21: 46150.625 | X21: 46069 | Y21: 263.7609 | Z21: 45806 | AA21: 236.8452 | AB21: 45806 | AC21: 300.02 | AD21: =IF(COUNTIF(AB:AB,Z21),Z21,"") -> 45806
A22: =IF(AND(ISBLANK(W11), A21 = $W$1),NOW(),IF(ISBLANK(W11),"",W11)) -> 46133.625 | B22: =IF(COUNTIF($W$2:W1007,A22)=1,VLOOKUP(A22,O:P,2), IF(COUNTIF($W$2:W1007,A22)=0,$B$9,"")) -> 311.4 | C22: =IF(ISERROR(B22-2),"",(B22-$B$14)*$G$3*$I$3) -> 508560 | E22: =IF(COUNTIF($W$2:W1007,A22)=1,VLOOKUP(A22,Q:R,2), IF(COUNTIF($W$2:W1007,A22)=0,$C$9,"")) -> 99.708 | F22: =IF(ISERROR(B22-2),"",(E22-$E$14)/100*$C$5) -> -10140 | G22: =IF(ISERROR(B22-2),"",(INT(A22)-INT($A$14))/360*$C$6*$C$5-(INT(A22)-INT($A$14))/360*$C$7*$C$5*$E$14/100) -> 87.706667 | H22: =IF(COUNTIF($W$2:W1007,A22)=1,VLOOKUP(A22,S:T,2), IF(COUNTIF($W$2:W1007,A22)=0,$D$9,"")) -> 285.448 | I22: =IF(COUNTIF($X$2:X1007,INT(A22))=1,VLOOKUP(INT(A22),X:Y,2), IF(ISERROR(H22-2),"",I21*(1-$D$8*(H22-H21)*0.0001))) -> 264.6036 | J22: =IF(ISERROR(H22-2),"",I22) -> 264.6036 | K22: =IF(ISERROR(H22-2),"",(J22/$J$14-1)*$D$5) -> 29984.556 | M22: =IF(ISERROR(B22-2),"",C22+D22-F22-G22-K22+SUM($L$14:L22)) -> 488627.74 | O22: 46127.625 | P22: 310.42 | Q22: 46073.625 | R22: 100.775 | S22: 46073.625 | T22: 246.545 | U22: =IF(COUNTIF(Q:Q,O22)*COUNTIF(S:S,O22),O22,"") -> 46127.625 | V22: =IF(U22>$A$14,U22,"") -> 46127.625 | W22: 46154.625 | X22: 46070 | Y22: 263.6029 | Z22: 45807 | AA22: 236.7066 | AB22: 45807 | AC22: 300.049 | AD22: =IF(COUNTIF(AB:AB,Z22),Z22,"") -> 45807
A23: =IF(AND(ISBLANK(W12), A22 = $W$1),NOW(),IF(ISBLANK(W12),"",W12)) -> 46134.625 | B23: =IF(COUNTIF($W$2:W1008,A23)=1,VLOOKUP(A23,O:P,2), IF(COUNTIF($W$2:W1008,A23)=0,$B$9,"")) -> 310.62 | C23: =IF(ISERROR(B23-2),"",(B23-$B$14)*$G$3*$I$3) -> 432276 | E23: =IF(COUNTIF($W$2:W1008,A23)=1,VLOOKUP(A23,Q:R,2), IF(COUNTIF($W$2:W1008,A23)=0,$C$9,"")) -> 99.655 | F23: =IF(ISERROR(B23-2),"",(E23-$E$14)/100*$C$5) -> -23920 | G23: =IF(ISERROR(B23-2),"",(INT(A23)-INT($A$14))/360*$C$6*$C$5-(INT(A23)-INT($A$14))/360*$C$7*$C$5*$E$14/100) -> 92.092 | H23: =IF(COUNTIF($W$2:W1008,A23)=1,VLOOKUP(A23,S:T,2), IF(COUNTIF($W$2:W1008,A23)=0,$D$9,"")) -> 285.535 | I23: =IF(COUNTIF($X$2:X1008,INT(A23))=1,VLOOKUP(INT(A23),X:Y,2), IF(ISERROR(H23-2),"",I22*(1-$D$8*(H23-H22)*0.0001))) -> 264.5534 | J23: =IF(ISERROR(H23-2),"",I23) -> 264.5534 | K23: =IF(ISERROR(H23-2),"",(J23/$J$14-1)*$D$5) -> 26431.145 | M23: =IF(ISERROR(B23-2),"",C23+D23-F23-G23-K23+SUM($L$14:L23)) -> 429672.76 | O23: 46128.625 | P23: 310.64 | Q23: 46076.625 | R23: 100.827 | S23: 46076.625 | T23: 249.638 | U23: =IF(COUNTIF(Q:Q,O23)*COUNTIF(S:S,O23),O23,"") -> 46128.625 | V23: =IF(U23>$A$14,U23,"") -> 46128.625 | W23: 46155.625 | X23: 46071 | Y23: 264.2651 | Z23: 45810 | AA23: 236.8003 | AB23: 45810 | AC23: 299.909 | AD23: =IF(COUNTIF(AB:AB,Z23),Z23,"") -> 45810
A24: =IF(AND(ISBLANK(W13), A23 = $W$1),NOW(),IF(ISBLANK(W13),"",W13)) -> 46136.625 | B24: =IF(COUNTIF($W$2:W1009,A24)=1,VLOOKUP(A24,O:P,2), IF(COUNTIF($W$2:W1009,A24)=0,$B$9,"")) -> 310.48 | C24: =IF(ISERROR(B24-2),"",(B24-$B$14)*$G$3*$I$3) -> 418584 | E24: =IF(COUNTIF($W$2:W1009,A24)=1,VLOOKUP(A24,Q:R,2), IF(COUNTIF($W$2:W1009,A24)=0,$C$9,"")) -> 99.637 | F24: =IF(ISERROR(B24-2),"",(E24-$E$14)/100*$C$5) -> -28600 | G24: =IF(ISERROR(B24-2),"",(INT(A24)-INT($A$14))/360*$C$6*$C$5-(INT(A24)-INT($A$14))/360*$C$7*$C$5*$E$14/100) -> 100.86267 | H24: =IF(COUNTIF($W$2:W1009,A24)=1,VLOOKUP(A24,S:T,2), IF(COUNTIF($W$2:W1009,A24)=0,$D$9,"")) -> 288.863 | I24: =IF(COUNTIF($X$2:X1009,INT(A24))=1,VLOOKUP(INT(A24),X:Y,2), IF(ISERROR(H24-2),"",I23*(1-$D$8*(H24-H23)*0.0001))) -> 264.2679 | J24: =IF(ISERROR(H24-2),"",I24) -> 264.2679 | K24: =IF(ISERROR(H24-2),"",(J24/$J$14-1)*$D$5) -> 6222.0077 | M24: =IF(ISERROR(B24-2),"",C24+D24-F24-G24-K24+SUM($L$14:L24)) -> 440861.13 | O24: 46129.625 | P24: 312.38 | Q24: 46077.625 | R24: 100.815 | S24: 46077.625 | T24: 252.336 | U24: =IF(COUNTIF(Q:Q,O24)*COUNTIF(S:S,O24),O24,"") -> 46129.625 | V24: =IF(U24>$A$14,U24,"") -> 46129.625 | W24: 46157.625 | X24: 46072 | Y24: 263.7488 | Z24: 45811 | AA24: 237.2446 | AB24: 45811 | AC24: 295.498 | AD24: =IF(COUNTIF(AB:AB,Z24),Z24,"") -> 45811
A25: =IF(AND(ISBLANK(W14), A24 = $W$1),NOW(),IF(ISBLANK(W14),"",W14)) -> 46139.625 | B25: =IF(COUNTIF($W$2:W1010,A25)=1,VLOOKUP(A25,O:P,2), IF(COUNTIF($W$2:W1010,A25)=0,$B$9,"")) -> 310.7 | C25: =IF(ISERROR(B25-2),"",(B25-$B$14)*$G$3*$I$3) -> 440100 | E25: =IF(COUNTIF($W$2:W1010,A25)=1,VLOOKUP(A25,Q:R,2), IF(COUNTIF($W$2:W1010,A25)=0,$C$9,"")) -> 99.608 | F25: =IF(ISERROR(B25-2),"",(E25-$E$14)/100*$C$5) -> -36140 | G25: =IF(ISERROR(B25-2),"",(INT(A25)-INT($A$14))/360*$C$6*$C$5-(INT(A25)-INT($A$14))/360*$C$7*$C$5*$E$14/100) -> 114.01867 | H25: =IF(COUNTIF($W$2:W1010,A25)=1,VLOOKUP(A25,S:T,2), IF(COUNTIF($W$2:W1010,A25)=0,$D$9,"")) -> 289.209 | I25: =IF(COUNTIF($X$2:X1010,INT(A25))=1,VLOOKUP(INT(A25),X:Y,2), IF(ISERROR(H25-2),"",I24*(1-$D$8*(H25-H24)*0.0001))) -> 264.1675 | J25: =IF(ISERROR(H25-2),"",I25) -> 264.1675 | K25: =IF(ISERROR(H25-2),"",(J25/$J$14-1)*$D$5) -> -884.81338 | M25: =IF(ISERROR(B25-2),"",C25+D25-F25-G25-K25+SUM($L$14:L25)) -> 477010.79 | O25: 46132.625 | P25: 311.66 | Q25: 46078.625 | R25: 100.824 | S25: 46078.625 | T25: 251.272 | U25: =IF(COUNTIF(Q:Q,O25)*COUNTIF(S:S,O25),O25,"") -> 46132.625 | V25: =IF(U25>$A$14,U25,"") -> 46132.625 | W25: 46161.625 | X25: 46073 | Y25: 264.066 | Z25: 45812 | AA25: 237.5259 | AB25: 45812 | AC25: 294.682 | AD25: =IF(COUNTIF(AB:AB,Z25),Z25,"") -> 45812
A26: =IF(AND(ISBLANK(W15), A25 = $W$1),NOW(),IF(ISBLANK(W15),"",W15)) -> 46140.625 | B26: =IF(COUNTIF($W$2:W1011,A26)=1,VLOOKUP(A26,O:P,2), IF(COUNTIF($W$2:W1011,A26)=0,$B$9,"")) -> 309.88 | C26: =IF(ISERROR(B26-2),"",(B26-$B$14)*$G$3*$I$3) -> 359904 | E26: =IF(COUNTIF($W$2:W1011,A26)=1,VLOOKUP(A26,Q:R,2), IF(COUNTIF($W$2:W1011,A26)=0,$C$9,"")) -> 99.456 | F26: =IF(ISERROR(B26-2),"",(E26-$E$14)/100*$C$5) -> -75660 | G26: =IF(ISERROR(B26-2),"",(INT(A26)-INT($A$14))/360*$C$6*$C$5-(INT(A26)-INT($A$14))/360*$C$7*$C$5*$E$14/100) -> 118.404 | H26: =IF(COUNTIF($W$2:W1011,A26)=1,VLOOKUP(A26,S:T,2), IF(COUNTIF($W$2:W1011,A26)=0,$D$9,"")) -> 291.657 | I26: =IF(COUNTIF($X$2:X1011,INT(A26))=1,VLOOKUP(INT(A26),X:Y,2), IF(ISERROR(H26-2),"",I25*(1-$D$8*(H26-H25)*0.0001))) -> 263.8714 | J26: =IF(ISERROR(H26-2),"",I26) -> 263.8714 | K26: =IF(ISERROR(H26-2),"",(J26/$J$14-1)*$D$5) -> -21844.273 | M26: =IF(ISERROR(B26-2),"",C26+D26-F26-G26-K26+SUM($L$14:L26)) -> 457289.87 | O26: 46133.625 | P26: 311.4 | Q26: 46079.625 | R26: 100.834 | S26: 46079.625 | T26: 252.992 | U26: =IF(COUNTIF(Q:Q,O26)*COUNTIF(S:S,O26),O26,"") -> 46133.625 | V26: =IF(U26>$A$14,U26,"") -> 46133.625 | W26: 46162.625 | X26: 46076 | Y26: 263.8705 | Z26: 45813 | AA26: 237.5851 | AB26: 45813 | AC26: 292.914 | AD26: =IF(COUNTIF(AB:AB,Z26),Z26,"") -> 45813
... A38: =IF(AND(ISBLANK(W27), A37 = $W$1),NOW(),IF(ISBLANK(W27),"",W27)) -> 46163.625 | B38: =IF(COUNTIF($W$2:W1023,A38)=1,VLOOKUP(A38,O:P,2), IF(COUNTIF($W$2:W1023,A38)=0,$B$9,"")) -> 311.18 | C38: =IF(ISERROR(B38-2),"",(B38-$B$14)*$G$3*$I$3) -> 487044 | E38: =IF(COUNTIF($W$2:W1023,A38)=1,VLOOKUP(A38,Q:R,2), IF(COUNTIF($W$2:W1023,A38)=0,$C$9,"")) -> 99.37 | F38: =IF(ISERROR(B38-2),"",(E38-$E$14)/100*$C$5) -> -98020 | G38: =IF(ISERROR(B38-2),"",(INT(A38)-INT($A$14))/360*$C$6*$C$5-(INT(A38)-INT($A$14))/360*$C$7*$C$5*$E$14/100) -> 219.26667 | H38: =IF(COUNTIF($W$2:W1023,A38)=1,VLOOKUP(A38,S:T,2), IF(COUNTIF($W$2:W1023,A38)=0,$D$9,"")) -> 279.541 | I38: =IF(COUNTIF($X$2:X1023,INT(A38))=1,VLOOKUP(INT(A38),X:Y,2), IF(ISERROR(H38-2),"",I37*(1-$D$8*(H38-H37)*0.0001))) -> 265.8161 | J38: =IF(ISERROR(H38-2),"",I38) -> 265.8161 | K38: =IF(ISERROR(H38-2),"",(J38/$J$14-1)*$D$5) -> 115811.45 | M38: =IF(ISERROR(B38-2),"",C38+D38-F38-G38-K38+SUM($L$14:L38)) -> 469033.28 | O38: 46154.625 | P38: 311.7 | Q38: 46097.625 | R38: 99.959 | S38: 46097.625 | T38: 300.694 | U38: =IF(COUNTIF(Q:Q,O38)*COUNTIF(S:S,O38),O38,"") -> 46154.625 | V38: =IF(U38>$A$14,U38,"") -> 46154.625 | W38: 46190.625 | X38: 46092 | Y38: 259.5912 | Z38: 45831 | AA38: 236.5609 | AB38: 45831 | AC38: 307.142 | AD38: =IF(COUNTIF(AB:AB,Z38),Z38,"") -> 45831
A39: =IF(AND(ISBLANK(W28), A38 = $W$1),NOW(),IF(ISBLANK(W28),"",W28)) -> 46168.625 | B39: =IF(COUNTIF($W$2:W1024,A39)=1,VLOOKUP(A39,O:P,2), IF(COUNTIF($W$2:W1024,A39)=0,$B$9,"")) -> 312.5 | C39: =IF(ISERROR(B39-2),"",(B39-$B$14)*$G$3*$I$3) -> 616140 | E39: =IF(COUNTIF($W$2:W1024,A39)=1,VLOOKUP(A39,Q:R,2), IF(COUNTIF($W$2:W1024,A39)=0,$C$9,"")) -> 99.56 | F39: =IF(ISERROR(B39-2),"",(E39-$E$14)/100*$C$5) -> -48620 | G39: =IF(ISERROR(B39-2),"",(INT(A39)-INT($A$14))/360*$C$6*$C$5-(INT(A39)-INT($A$14))/360*$C$7*$C$5*$E$14/100) -> 241.19333 | H39: =IF(COUNTIF($W$2:W1024,A39)=1,VLOOKUP(A39,S:T,2), IF(COUNTIF($W$2:W1024,A39)=0,$D$9,"")) -> 268.835 | I39: =IF(COUNTIF($X$2:X1024,INT(A39))=1,VLOOKUP(INT(A39),X:Y,2), IF(ISERROR(H39-2),"",I38*(1-$D$8*(H39-H38)*0.0001))) -> 267.4075 | J39: =IF(ISERROR(H39-2),"",I39) -> 267.4075 | K39: =IF(ISERROR(H39-2),"",(J39/$J$14-1)*$D$5) -> 228458.82 | M39: =IF(ISERROR(B39-2),"",C39+D39-F39-G39-K39+SUM($L$14:L39)) -> 436059.99 | O39: 46155.625 | P39: 311.88 | Q39: 46098.625 | R39: 99.993 | S39: 46098.625 | T39: 294.984 | U39: =IF(COUNTIF(Q:Q,O39)*COUNTIF(S:S,O39),O39,"") -> 46155.625 | V39: =IF(U39>$A$14,U39,"") -> 46155.625 | X39: 46093 | Y39: 258.5113 | Z39: 45832 | AA39: 238.1567 | AB39: 45832 | AC39: 291.751 | AD39: =IF(COUNTIF(AB:AB,Z39),Z39,"") -> 45832
A40: =IF(AND(ISBLANK(W29), A39 = $W$1),NOW(),IF(ISBLANK(W29),"",W29)) -> 46169.625 | B40: =IF(COUNTIF($W$2:W1025,A40)=1,VLOOKUP(A40,O:P,2), IF(COUNTIF($W$2:W1025,A40)=0,$B$9,"")) -> 312.84 | C40: =IF(ISERROR(B40-2),"",(B40-$B$14)*$G$3*$I$3) -> 649392 | E40: =IF(COUNTIF($W$2:W1025,A40)=1,VLOOKUP(A40,Q:R,2), IF(COUNTIF($W$2:W1025,A40)=0,$C$9,"")) -> 99.589 | F40: =IF(ISERROR(B40-2),"",(E40-$E$14)/100*$C$5) -> -41080 | G40: =IF(ISERROR(B40-2),"",(INT(A40)-INT($A$14))/360*$C$6*$C$5-(INT(A40)-INT($A$14))/360*$C$7*$C$5*$E$14/100) -> 245.57867 | H40: =IF(COUNTIF($W$2:W1025,A40)=1,VLOOKUP(A40,S:T,2), IF(COUNTIF($W$2:W1025,A40)=0,$D$9,"")) -> 266.559 | I40: =IF(COUNTIF($X$2:X1025,INT(A40))=1,VLOOKUP(INT(A40),X:Y,2), IF(ISERROR(H40-2),"",I39*(1-$D$8*(H40-H39)*0.0001))) -> 267.6639 | J40: =IF(ISERROR(H40-2),"",I40) -> 267.6639 | K40: =IF(ISERROR(H40-2),"",(J40/$J$14-1)*$D$5) -> 246608.11 | M40: =IF(ISERROR(B40-2),"",C40+D40-F40-G40-K40+SUM($L$14:L40)) -> 443618.31 | O40: 46157.625 | P40: 311.48 | Q40: 46099.625 | R40: 99.842 | S40: 46099.625 | T40: 298.827 | U40: =IF(COUNTIF(Q:Q,O40)*COUNTIF(S:S,O40),O40,"") -> 46157.625 | V40: =IF(U40>$A$14,U40,"") -> 46157.625 | X40: 46094 | Y40: 257.4574 | Z40: 45833 | AA40: 238.0162 | AB40: 45833 | AC40: 292.76 | AD40: =IF(COUNTIF(AB:AB,Z40),Z40,"") -> 45833
A41: =IF(AND(ISBLANK(W30), A40 = $W$1),NOW(),IF(ISBLANK(W30),"",W30)) -> 46170.625 | B41: =IF(COUNTIF($W$2:W1026,A41)=1,VLOOKUP(A41,O:P,2), IF(COUNTIF($W$2:W1026,A41)=0,$B$9,"")) -> 312.7 | C41: =IF(ISERROR(B41-2),"",(B41-$B$14)*$G$3*$I$3) -> 635700 | E41: =IF(COUNTIF($W$2:W1026,A41)=1,VLOOKUP(A41,Q:R,2), IF(COUNTIF($W$2:W1026,A41)=0,$C$9,"")) -> 99.654 | F41: =IF(ISERROR(B41-2),"",(E41-$E$14)/100*$C$5) -> -24180 | G41: =IF(ISERROR(B41-2),"",(INT(A41)-INT($A$14))/360*$C$6*$C$5-(INT(A41)-INT($A$14))/360*$C$7*$C$5*$E$14/100) -> 249.964 | H41: =IF(COUNTIF($W$2:W1026,A41)=1,VLOOKUP(A41,S:T,2), IF(COUNTIF($W$2:W1026,A41)=0,$D$9,"")) -> 264.232 | I41: =IF(COUNTIF($X$2:X1026,INT(A41))=1,VLOOKUP(INT(A41),X:Y,2), IF(ISERROR(H41-2),"",I40*(1-$D$8*(H41-H40)*0.0001))) -> 268.2162 | J41: =IF(ISERROR(H41-2),"",I41) -> 268.2162 | K41: =IF(ISERROR(H41-2),"",(J41/$J$14-1)*$D$5) -> 285702.7 | M41: =IF(ISERROR(B41-2),"",C41+D41-F41-G41-K41+SUM($L$14:L41)) -> 373927.33 | O41: 46161.625 | P41: 311.22 | Q41: 46100.625 | R41: 99.639 | S41: 46100.625 | T41: 309.039 | U41: =IF(COUNTIF(Q:Q,O41)*COUNTIF(S:S,O41),O41,"") -> 46161.625 | V41: =IF(U41>$A$14,U41,"") -> 46161.625 | X41: 46097 | Y41: 257.8231 | Z41: 45834 | AA41: 238.3166 | AB41: 45834 | AC41: 290.531 | AD41: =IF(COUNTIF(AB:AB,Z41),Z41,"") -> 45834
A42: =IF(AND(ISBLANK(W31), A41 = $W$1),NOW(),IF(ISBLANK(W31),"",W31)) -> 46171.625 | B42: =IF(COUNTIF($W$2:W1027,A42)=1,VLOOKUP(A42,O:P,2), IF(COUNTIF($W$2:W1027,A42)=0,$B$9,"")) -> 313.78 | C42: =IF(ISERROR(B42-2),"",(B42-$B$14)*$G$3*$I$3) -> 741324 | E42: =IF(COUNTIF($W$2:W1027,A42)=1,VLOOKUP(A42,Q:R,2), IF(COUNTIF($W$2:W1027,A42)=0,$C$9,"")) -> 99.679 | F42: =IF(ISERROR(B42-2),"",(E42-$E$14)/100*$C$5) -> -17680 | G42: =IF(ISERROR(B42-2),"",(INT(A42)-INT($A$14))/360*$C$6*$C$5-(INT(A42)-INT($A$14))/360*$C$7*$C$5*$E$14/100) -> 254.34933 | H42: =IF(COUNTIF($W$2:W1027,A42)=1,VLOOKUP(A42,S:T,2), IF(COUNTIF($W$2:W1027,A42)=0,$D$9,"")) -> 258.706 | I42: =IF(COUNTIF($X$2:X1027,INT(A42))=1,VLOOKUP(INT(A42),X:Y,2), IF(ISERROR(H42-2),"",I41*(1-$D$8*(H42-H41)*0.0001))) -> 268.7623 | J42: =IF(ISERROR(H42-2),"",I42) -> 268.7623 | K42: =IF(ISERROR(H42-2),"",(J42/$J$14-1)*$D$5) -> 324358.43 | M42: =IF(ISERROR(B42-2),"",C42+D42-F42-G42-K42+SUM($L$14:L42)) -> 434391.22 | O42: 46162.625 | P42: 311.52 | Q42: 46101.625 | R42: 99.41 | S42: 46101.625 | T42: 350.866 | U42: =IF(COUNTIF(Q:Q,O42)*COUNTIF(S:S,O42),O42,"") -> 46162.625 | V42: =IF(U42>$A$14,U42,"") -> 46162.625 | X42: 46098 | Y42: 258.8311 | Z42: 45835 | AA42: 239.0563 | AB42: 45835 | AC42: 284.215 | AD42: =IF(COUNTIF(AB:AB,Z42),Z42,"") -> 45835
A43: =IF(AND(ISBLANK(W32), A42 = $W$1),NOW(),IF(ISBLANK(W32),"",W32)) -> 46174.625 | B43: =IF(COUNTIF($W$2:W1028,A43)=1,VLOOKUP(A43,O:P,2), IF(COUNTIF($W$2:W1028,A43)=0,$B$9,"")) -> 312.84 | C43: =IF(ISERROR(B43-2),"",(B43-$B$14)*$G$3*$I$3) -> 649392 | E43: =IF(COUNTIF($W$2:W1028,A43)=1,VLOOKUP(A43,Q:R,2), IF(COUNTIF($W$2:W1028,A43)=0,$C$9,"")) -> 99.451 | F43: =IF(ISERROR(B43-2),"",(E43-$E$14)/100*$C$5) -> -76960 | G43: =IF(ISERROR(B43-2),"",(INT(A43)-INT($A$14))/360*$C$6*$C$5-(INT(A43)-INT($A$14))/360*$C$7*$C$5*$E$14/100) -> 267.50533 | H43: =IF(COUNTIF($W$2:W1028,A43)=1,VLOOKUP(A43,S:T,2), IF(COUNTIF($W$2:W1028,A43)=0,$D$9,"")) -> 265.436 | I43: =IF(COUNTIF($X$2:X1028,INT(A43))=1,VLOOKUP(INT(A43),X:Y,2), IF(ISERROR(H43-2),"",I42*(1-$D$8*(H43-H42)*0.0001))) -> 268.3984 | J43: =IF(ISERROR(H43-2),"",I43) -> 268.3984 | K43: =IF(ISERROR(H43-2),"",(J43/$J$14-1)*$D$5) -> 298599.74 | M43: =IF(ISERROR(B43-2),"",C43+D43-F43-G43-K43+SUM($L$14:L43)) -> 427484.75 | O43: 46163.625 | P43: 311.18 | Q43: 46104.625 | R43: 99.53 | S43: 46104.625 | T43: 341.823 | U43: =IF(COUNTIF(Q:Q,O43)*COUNTIF(S:S,O43),O43,"") -> 46163.625 | V43: =IF(U43>$A$14,U43,"") -> 46163.625 | X43: 46099 | Y43: 258.3931 | Z43: 45838 | AA43: 239.3235 | AB43: 45838 | AC43: 282.54 | AD43: =IF(COUNTIF(AB:AB,Z43),Z43,"") -> 45838
A44: =IF(AND(ISBLANK(W33), A43 = $W$1),NOW(),IF(ISBLANK(W33),"",W33)) -> 46176.625 | B44: =IF(COUNTIF($W$2:W1029,A44)=1,VLOOKUP(A44,O:P,2), IF(COUNTIF($W$2:W1029,A44)=0,$B$9,"")) -> 313.08 | C44: =IF(ISERROR(B44-2),"",(B44-$B$14)*$G$3*$I$3) -> 672864 | E44: =IF(COUNTIF($W$2:W1029,A44)=1,VLOOKUP(A44,Q:R,2), IF(COUNTIF($W$2:W1029,A44)=0,$C$9,"")) -> 99.422 | F44: =IF(ISERROR(B44-2),"",(E44-$E$14)/100*$C$5) -> -84500 | G44: =IF(ISERROR(B44-2),"",(INT(A44)-INT($A$14))/360*$C$6*$C$5-(INT(A44)-INT($A$14))/360*$C$7*$C$5*$E$14/100) -> 276.276 | H44: =IF(COUNTIF($W$2:W1029,A44)=1,VLOOKUP(A44,S:T,2), IF(COUNTIF($W$2:W1029,A44)=0,$D$9,"")) -> 261.796 | I44: =IF(COUNTIF($X$2:X1029,INT(A44))=1,VLOOKUP(INT(A44),X:Y,2), IF(ISERROR(H44-2),"",I43*(1-$D$8*(H44-H43)*0.0001))) -> 268.4079 | J44: =IF(ISERROR(H44-2),"",I44) -> 268.4079 | K44: =IF(ISERROR(H44-2),"",(J44/$J$14-1)*$D$5) -> 299272.2 | M44: =IF(ISERROR(B44-2),"",C44+D44-F44-G44-K44+SUM($L$14:L44)) -> 457815.52 | O44: 46167.625 | P44: 313.02 | Q44: 46105.625 | R44: 99.401 | S44: 46105.625 | T44: 342.434 | U44: =IF(COUNTIF(Q:Q,O44)*COUNTIF(S:S,O44),O44,"") | V44: =IF(U44>$A$14,U44,"") | X44: 46100 | Y44: 257.0634 | Z44: 45839 | AA44: 239.2882 | AB44: 45839 | AC44: 282.96 | AD44: =IF(COUNTIF(AB:AB,Z44),Z44,"") -> 45839
A45: =IF(AND(ISBLANK(W34), A44 = $W$1),NOW(),IF(ISBLANK(W34),"",W34)) -> 46177.625 | B45: =IF(COUNTIF($W$2:W1030,A45)=1,VLOOKUP(A45,O:P,2), IF(COUNTIF($W$2:W1030,A45)=0,$B$9,"")) -> 313.04 | C45: =IF(ISERROR(B45-2),"",(B45-$B$14)*$G$3*$I$3) -> 668952 | E45: =IF(COUNTIF($W$2:W1030,A45)=1,VLOOKUP(A45,Q:R,2), IF(COUNTIF($W$2:W1030,A45)=0,$C$9,"")) -> 99.431 | F45: =IF(ISERROR(B45-2),"",(E45-$E$14)/100*$C$5) -> -82160 | G45: =IF(ISERROR(B45-2),"",(INT(A45)-INT($A$14))/360*$C$6*$C$5-(INT(A45)-INT($A$14))/360*$C$7*$C$5*$E$14/100) -> 280.66133 | H45: =IF(COUNTIF($W$2:W1030,A45)=1,VLOOKUP(A45,S:T,2), IF(COUNTIF($W$2:W1030,A45)=0,$D$9,"")) -> 261.392 | I45: =IF(COUNTIF($X$2:X1030,INT(A45))=1,VLOOKUP(INT(A45),X:Y,2), IF(ISERROR(H45-2),"",I44*(1-$D$8*(H45-H44)*0.0001))) -> 268.6451 | J45: =IF(ISERROR(H45-2),"",I45) -> 268.6451 | K45: =IF(ISERROR(H45-2),"",(J45/$J$14-1)*$D$5) -> 316062.42 | M45: =IF(ISERROR(B45-2),"",C45+D45-F45-G45-K45+SUM($L$14:L45)) -> 434768.92 | O45: 46168.625 | P45: 312.5 | Q45: 46106.625 | R45: 99.501 | S45: 46106.625 | T45: 334.504 | U45: =IF(COUNTIF(Q:Q,O45)*COUNTIF(S:S,O45),O45,"") -> 46168.625 | V45: =IF(U45>$A$14,U45,"") -> 46168.625 | X45: 46101 | Y45: 255.8712 | Z45: 45840 | AA45: 239.2792 | AB45: 45840 | AC45: 283.459 | AD45: =IF(COUNTIF(AB:AB,Z45),Z45,"") -> 45840
A46: =IF(AND(ISBLANK(W35), A45 = $W$1),NOW(),IF(ISBLANK(W35),"",W35)) -> 46182.625 | B46: =IF(COUNTIF($W$2:W1031,A46)=1,VLOOKUP(A46,O:P,2), IF(COUNTIF($W$2:W1031,A46)=0,$B$9,"")) -> 313.3 | C46: =IF(ISERROR(B46-2),"",(B46-$B$14)*$G$3*$I$3) -> 694380 | E46: =IF(COUNTIF($W$2:W1031,A46)=1,VLOOKUP(A46,Q:R,2), IF(COUNTIF($W$2:W1031,A46)=0,$C$9,"")) -> 99.396 | F46: =IF(ISERROR(B46-2),"",(E46-$E$14)/100*$C$5) -> -91260 | G46: =IF(ISERROR(B46-2),"",(INT(A46)-INT($A$14))/360*$C$6*$C$5-(INT(A46)-INT($A$14))/360*$C$7*$C$5*$E$14/100) -> 302.588 | H46: =IF(COUNTIF($W$2:W1031,A46)=1,VLOOKUP(A46,S:T,2), IF(COUNTIF($W$2:W1031,A46)=0,$D$9,"")) -> 261.05 | I46: =IF(COUNTIF($X$2:X1031,INT(A46))=1,VLOOKUP(INT(A46),X:Y,2), IF(ISERROR(H46-2),"",I45*(1-$D$8*(H46-H45)*0.0001))) -> 268.3329 | J46: =IF(ISERROR(H46-2),"",I46) -> 268.3329 | K46: =IF(ISERROR(H46-2),"",(J46/$J$14-1)*$D$5) -> 293963.32 | M46: =IF(ISERROR(B46-2),"",C46+D46-F46-G46-K46+SUM($L$14:L46)) -> 491374.09 | O46: 46169.625 | P46: 312.84 | Q46: 46107.625 | R46: 99.313 | S46: 46107.625 | T46: 344.472 | U46: =IF(COUNTIF(Q:Q,O46)*COUNTIF(S:S,O46),O46,"") -> 46169.625 | V46: =IF(U46>$A$14,U46,"") -> 46169.625 | X46: 46104 | Y46: 256.7421 | Z46: 45841 | AA46: 239.8803 | AB46: 45841 | AC46: 278.322 | AD46: =IF(COUNTIF(AB:AB,Z46),Z46,"") -> 45841
A47: =IF(AND(ISBLANK(W36), A46 = $W$1),NOW(),IF(ISBLANK(W36),"",W36)) -> 46188.625 | B47: =IF(COUNTIF($W$2:W1032,A47)=1,VLOOKUP(A47,O:P,2), IF(COUNTIF($W$2:W1032,A47)=0,$B$9,"")) -> 314.28 | C47: =IF(ISERROR(B47-2),"",(B47-$B$14)*$G$3*$I$3) -> 790224 | E47: =IF(COUNTIF($W$2:W1032,A47)=1,VLOOKUP(A47,Q:R,2), IF(COUNTIF($W$2:W1032,A47)=0,$C$9,"")) -> 99.631 | F47: =IF(ISERROR(B47-2),"",(E47-$E$14)/100*$C$5) -> -30160 | G47: =IF(ISERROR(B47-2),"",(INT(A47)-INT($A$14))/360*$C$6*$C$5-(INT(A47)-INT($A$14))/360*$C$7*$C$5*$E$14/100) -> 328.9 | H47: =IF(COUNTIF($W$2:W1032,A47)=1,VLOOKUP(A47,S:T,2), IF(COUNTIF($W$2:W1032,A47)=0,$D$9,"")) -> 248.518 | I47: =IF(COUNTIF($X$2:X1032,INT(A47))=1,VLOOKUP(INT(A47),X:Y,2), IF(ISERROR(H47-2),"",I46*(1-$D$8*(H47-H46)*0.0001))) -> 270.4706 | J47: =IF(ISERROR(H47-2),"",I47) -> 270.4706 | K47: =IF(ISERROR(H47-2),"",(J47/$J$14-1)*$D$5) -> 445280.57 | M47: =IF(ISERROR(B47-2),"",C47+D47-F47-G47-K47+SUM($L$14:L47)) -> 374774.53 | O47: 46170.625 | P47: 312.7 | Q47: 46108.625 | R47: 99.304 | S47: 46108.625 | T47: 361.33 | U47: =IF(COUNTIF(Q:Q,O47)*COUNTIF(S:S,O47),O47,"") -> 46170.625 | V47: =IF(U47>$A$14,U47,"") -> 46170.625 | X47: 46105 | Y47: 256.9957 | Z47: 45842 | AA47: 239.0291 | AB47: 45842 | AC47: 286.325 | AD47: =IF(COUNTIF(AB:AB,Z47),Z47,"") -> 45842
A48: =IF(AND(ISBLANK(W37), A47 = $W$1),NOW(),IF(ISBLANK(W37),"",W37)) -> 46189.625 | B48: =IF(COUNTIF($W$2:W1033,A48)=1,VLOOKUP(A48,O:P,2), IF(COUNTIF($W$2:W1033,A48)=0,$B$9,"")) -> 314.16 | C48: =IF(ISERROR(B48-2),"",(B48-$B$14)*$G$3*$I$3) -> 778488 | E48: =IF(COUNTIF($W$2:W1033,A48)=1,VLOOKUP(A48,Q:R,2), IF(COUNTIF($W$2:W1033,A48)=0,$C$9,"")) -> 99.625 | F48: =IF(ISERROR(B48-2),"",(E48-$E$14)/100*$C$5) -> -31720 | G48: =IF(ISERROR(B48-2),"",(INT(A48)-INT($A$14))/360*$C$6*$C$5-(INT(A48)-INT($A$14))/360*$C$7*$C$5*$E$14/100) -> 333.28533 | H48: =IF(COUNTIF($W$2:W1033,A48)=1,VLOOKUP(A48,S:T,2), IF(COUNTIF($W$2:W1033,A48)=0,$D$9,"")) -> 249.794 | I48: =IF(COUNTIF($X$2:X1033,INT(A48))=1,VLOOKUP(INT(A48),X:Y,2), IF(ISERROR(H48-2),"",I47*(1-$D$8*(H48-H47)*0.0001))) -> 270.3356 | J48: =IF(ISERROR(H48-2),"",I48) -> 270.3356 | K48: =IF(ISERROR(H48-2),"",(J48/$J$14-1)*$D$5) -> 435724.58 | M48: =IF(ISERROR(B48-2),"",C48+D48-F48-G48-K48+SUM($L$14:L48)) -> 374150.13 | O48: 46171.625 | P48: 313.78 | Q48: 46111.625 | R48: 99.467 | S48: 46111.625 | T48: 364.034 | U48: =IF(COUNTIF(Q:Q,O48)*COUNTIF(S:S,O48),O48,"") -> 46171.625 | V48: =IF(U48>$A$14,U48,"") -> 46171.625 | X48: 46106 | Y48: 258.2086 | Z48: 45845 | AA48: 239.6181 | AB48: 45845 | AC48: 282.004 | AD48: =IF(COUNTIF(AB:AB,Z48),Z48,"") -> 45845
A49: =IF(AND(ISBLANK(W38), A48 = $W$1),NOW(),IF(ISBLANK(W38),"",W38)) -> 46190.625 | B49: =IF(COUNTIF($W$2:W1034,A49)=1,VLOOKUP(A49,O:P,2), IF(COUNTIF($W$2:W1034,A49)=0,$B$9,"")) -> 313.66 | C49: =IF(ISERROR(B49-2),"",(B49-$B$14)*$G$3*$I$3) -> 729588 | E49: =IF(COUNTIF($W$2:W1034,A49)=1,VLOOKUP(A49,Q:R,2), IF(COUNTIF($W$2:W1034,A49)=0,$C$9,"")) -> 99.601 | F49: =IF(ISERROR(B49-2),"",(E49-$E$14)/100*$C$5) -> -37960 | G49: =IF(ISERROR(B49-2),"",(INT(A49)-INT($A$14))/360*$C$6*$C$5-(INT(A49)-INT($A$14))/360*$C$7*$C$5*$E$14/100) -> 337.67067 | H49: =IF(COUNTIF($W$2:W1034,A49)=1,VLOOKUP(A49,S:T,2), IF(COUNTIF($W$2:W1034,A49)=0,$D$9,"")) -> 252.459 | I49: =IF(COUNTIF($X$2:X1034,INT(A49))=1,VLOOKUP(INT(A49),X:Y,2), IF(ISERROR(H49-2),"",I48*(1-$D$8*(H49-H48)*0.0001))) -> 270.1644 | J49: =IF(ISERROR(H49-2),"",I49) -> 270.1644 | K49: =IF(ISERROR(H49-2),"",(J49/$J$14-1)*$D$5) -> 423606.18 | M49: =IF(ISERROR(B49-2),"",C49+D49-F49-G49-K49+SUM($L$14:L49)) -> 343604.15 | O49: 46174.625 | P49: 312.84 | Q49: 46112.625 | R49: 99.444 | S49: 46112.625 | T49: 355.63 | U49: =IF(COUNTIF(Q:Q,O49)*COUNTIF(S:S,O49),O49,"") -> 46174.625 | V49: =IF(U49>$A$14,U49,"") -> 46174.625 | X49: 46107 | Y49: 255.9935 | Z49: 45846 | AA49: 239.4989 | AB49: 45846 | AC49: 282.164 | AD49: =IF(COUNTIF(AB:AB,Z49),Z49,"") -> 45846
A50: =IF(AND(ISBLANK(W39), A49 = $W$1),NOW(),IF(ISBLANK(W39),"",W39)) -> 46198.782 | B50: =IF(COUNTIF($W$2:W1035,A50)=1,VLOOKUP(A50,O:P,2), IF(COUNTIF($W$2:W1035,A50)=0,$B$9,"")) -> 313.66 | C50: =IF(ISERROR(B50-2),"",(B50-$B$14)*$G$3*$I$3) -> 729588 | E50: =IF(COUNTIF($W$2:W1035,A50)=1,VLOOKUP(A50,Q:R,2), IF(COUNTIF($W$2:W1035,A50)=0,$C$9,"")) -> 99.747 | F50: =IF(ISERROR(B50-2),"",(E50-$E$14)/100*$C$5) -> 0 | G50: =IF(ISERROR(B50-2),"",(INT(A50)-INT($A$14))/360*$C$6*$C$5-(INT(A50)-INT($A$14))/360*$C$7*$C$5*$E$14/100) -> 372.75333 | H50: =IF(COUNTIF($W$2:W1035,A50)=1,VLOOKUP(A50,S:T,2), IF(COUNTIF($W$2:W1035,A50)=0,$D$9,"")) -> 247.3067 | I50: =IF(COUNTIF($X$2:X1035,INT(A50))=1,VLOOKUP(INT(A50),X:Y,2), IF(ISERROR(H50-2),"",I49*(1-$D$8*(H50-H49)*0.0001))) -> 270.9793 | J50: =IF(ISERROR(H50-2),"",I50) -> 270.9793 | K50: =IF(ISERROR(H50-2),"",(J50/$J$14-1)*$D$5) -> 481288.93 | M50: =IF(ISERROR(B50-2),"",C50+D50-F50-G50-K50+SUM($L$14:L50)) -> 247926.31 | O50: 46176.625 | P50: 313.08 | Q50: 46113.625 | R50: 99.511 | S50: 46113.625 | T50: 329.106 | U50: =IF(COUNTIF(Q:Q,O50)*COUNTIF(S:S,O50),O50,"") -> 46176.625 | V50: =IF(U50>$A$14,U50,"") -> 46176.625 | X50: 46108 | Y50: 254.5716 | Z50: 45847 | AA50: 239.9195 | AB50: 45847 | AC50: 278.887 | AD50: =IF(COUNTIF(AB:AB,Z50),Z50,"") -> 45847
... A55: =IF(AND(ISBLANK(W44), A54 = $W$1),NOW(),IF(ISBLANK(W44),"",W44)) | B55: =IF(COUNTIF($W$2:W1040,A55)=1,VLOOKUP(A55,O:P,2), IF(COUNTIF($W$2:W1040,A55)=0,$B$9,"")) | C55: =IF(ISERROR(B55-2),"",(B55-$B$14)*$G$3*$I$3) | E55: =IF(COUNTIF($W$2:W1040,A55)=1,VLOOKUP(A55,Q:R,2), IF(COUNTIF($W$2:W1040,A55)=0,$C$9,"")) | F55: =IF(ISERROR(B55-2),"",(E55-$E$14)/100*$C$5) | G55: =IF(ISERROR(B55-2),"",(INT(A55)-INT($A$14))/360*$C$6*$C$5-(INT(A55)-INT($A$14))/360*$C$7*$C$5*$E$14/100) | H55: =IF(COUNTIF($W$2:W1040,A55)=1,VLOOKUP(A55,S:T,2), IF(COUNTIF($W$2:W1040,A55)=0,$D$9,"")) | I55: =IF(COUNTIF($X$2:X1040,INT(A55))=1,VLOOKUP(INT(A55),X:Y,2), IF(ISERROR(H55-2),"",I54*(1-$D$8*(H55-H54)*0.0001))) | J55: =IF(ISERROR(H55-2),"",I55) | K55: =IF(ISERROR(H55-2),"",(J55/$J$14-1)*$D$5) | M55: =IF(ISERROR(B55-2),"",C55+D55-F55-G55-K55+SUM($L$14:L55)) | O55: 46190.625 | P55: 313.66 | Q55: 46122.625 | R55: 99.55 | S55: 46122.625 | T55: 291.343 | U55: =IF(COUNTIF(Q:Q,O55)*COUNTIF(S:S,O55),O55,"") -> 46190.625 | V55: =IF(U55>$A$14,U55,"") -> 46190.625 | X55: 46119 | Y55: 258.062 | Z55: 45854 | AA55: 239.2413 | AB55: 45854 | AC55: 285.261 | AD55: =IF(COUNTIF(AB:AB,Z55),Z55,"") -> 45854
A56: =IF(AND(ISBLANK(W45), A55 = $W$1),NOW(),IF(ISBLANK(W45),"",W45)) | B56: =IF(COUNTIF($W$2:W1041,A56)=1,VLOOKUP(A56,O:P,2), IF(COUNTIF($W$2:W1041,A56)=0,$B$9,"")) | C56: =IF(ISERROR(B56-2),"",(B56-$B$14)*$G$3*$I$3) | E56: =IF(COUNTIF($W$2:W1041,A56)=1,VLOOKUP(A56,Q:R,2), IF(COUNTIF($W$2:W1041,A56)=0,$C$9,"")) | F56: =IF(ISERROR(B56-2),"",(E56-$E$14)/100*$C$5) | G56: =IF(ISERROR(B56-2),"",(INT(A56)-INT($A$14))/360*$C$6*$C$5-(INT(A56)-INT($A$14))/360*$C$7*$C$5*$E$14/100) | H56: =IF(COUNTIF($W$2:W1041,A56)=1,VLOOKUP(A56,S:T,2), IF(COUNTIF($W$2:W1041,A56)=0,$D$9,"")) | I56: =IF(COUNTIF($X$2:X1041,INT(A56))=1,VLOOKUP(INT(A56),X:Y,2), IF(ISERROR(H56-2),"",I55*(1-$D$8*(H56-H55)*0.0001))) | J56: =IF(ISERROR(H56-2),"",I56) | K56: =IF(ISERROR(H56-2),"",(J56/$J$14-1)*$D$5) | M56: =IF(ISERROR(B56-2),"",C56+D56-F56-G56-K56+SUM($L$14:L56)) | Q56: 46125.625 | R56: 99.418 | S56: 46125.625 | T56: 294.253 | U56: =IF(COUNTIF(Q:Q,O56)*COUNTIF(S:S,O56),O56,"") | V56: =IF(U56>$A$14,U56,"") | X56: 46120 | Y56: 262.3835 | Z56: 45855 | AA56: 240.1303 | AB56: 45855 | AC56: 278.768 | AD56: =IF(COUNTIF(AB:AB,Z56),Z56,"") -> 45855
A57: =IF(AND(ISBLANK(W46), A56 = $W$1),NOW(),IF(ISBLANK(W46),"",W46)) | B57: =IF(COUNTIF($W$2:W1042,A57)=1,VLOOKUP(A57,O:P,2), IF(COUNTIF($W$2:W1042,A57)=0,$B$9,"")) | C57: =IF(ISERROR(B57-2),"",(B57-$B$14)*$G$3*$I$3) | E57: =IF(COUNTIF($W$2:W1042,A57)=1,VLOOKUP(A57,Q:R,2), IF(COUNTIF($W$2:W1042,A57)=0,$C$9,"")) | F57: =IF(ISERROR(B57-2),"",(E57-$E$14)/100*$C$5) | G57: =IF(ISERROR(B57-2),"",(INT(A57)-INT($A$14))/360*$C$6*$C$5-(INT(A57)-INT($A$14))/360*$C$7*$C$5*$E$14/100) | H57: =IF(COUNTIF($W$2:W1042,A57)=1,VLOOKUP(A57,S:T,2), IF(COUNTIF($W$2:W1042,A57)=0,$D$9,"")) | I57: =IF(COUNTIF($X$2:X1042,INT(A57))=1,VLOOKUP(INT(A57),X:Y,2), IF(ISERROR(H57-2),"",I56*(1-$D$8*(H57-H56)*0.0001))) | J57: =IF(ISERROR(H57-2),"",I57) | K57: =IF(ISERROR(H57-2),"",(J57/$J$14-1)*$D$5) | M57: =IF(ISERROR(B57-2),"",C57+D57-F57-G57-K57+SUM($L$14:L57)) | Q57: 46126.625 | R57: 99.619 | S57: 46126.625 | T57: 282.697 | U57: =IF(COUNTIF(Q:Q,O57)*COUNTIF(S:S,O57),O57,"") | V57: =IF(U57>$A$14,U57,"") | X57: 46121 | Y57: 263.2626 | Z57: 45856 | AA57: 240.3284 | AB57: 45856 | AC57: 277.186 | AD57: =IF(COUNTIF(AB:AB,Z57),Z57,"") -> 45856
A58: =IF(AND(ISBLANK(W47), A57 = $W$1),NOW(),IF(ISBLANK(W47),"",W47)) | B58: =IF(COUNTIF($W$2:W1043,A58)=1,VLOOKUP(A58,O:P,2), IF(COUNTIF($W$2:W1043,A58)=0,$B$9,"")) | C58: =IF(ISERROR(B58-2),"",(B58-$B$14)*$G$3*$I$3) | E58: =IF(COUNTIF($W$2:W1043,A58)=1,VLOOKUP(A58,Q:R,2), IF(COUNTIF($W$2:W1043,A58)=0,$C$9,"")) | F58: =IF(ISERROR(B58-2),"",(E58-$E$14)/100*$C$5) | G58: =IF(ISERROR(B58-2),"",(INT(A58)-INT($A$14))/360*$C$6*$C$5-(INT(A58)-INT($A$14))/360*$C$7*$C$5*$E$14/100) | H58: =IF(COUNTIF($W$2:W1043,A58)=1,VLOOKUP(A58,S:T,2), IF(COUNTIF($W$2:W1043,A58)=0,$D$9,"")) | I58: =IF(COUNTIF($X$2:X1043,INT(A58))=1,VLOOKUP(INT(A58),X:Y,2), IF(ISERROR(H58-2),"",I57*(1-$D$8*(H58-H57)*0.0001))) | J58: =IF(ISERROR(H58-2),"",I58) | K58: =IF(ISERROR(H58-2),"",(J58/$J$14-1)*$D$5) | M58: =IF(ISERROR(B58-2),"",C58+D58-F58-G58-K58+SUM($L$14:L58)) | Q58: 46127.625 | R58: 99.654 | S58: 46127.625 | T58: 282.519 | U58: =IF(COUNTIF(Q:Q,O58)*COUNTIF(S:S,O58),O58,"") | V58: =IF(U58>$A$14,U58,"") | X58: 46122 | Y58: 263.2931 | Z58: 45859 | AA58: 240.3394 | AB58: 45859 | AC58: 277.458 | AD58: =IF(COUNTIF(AB:AB,Z58),Z58,"") -> 45859
A59: =IF(AND(ISBLANK(W48), A58 = $W$1),NOW(),IF(ISBLANK(W48),"",W48)) | B59: =IF(COUNTIF($W$2:W1044,A59)=1,VLOOKUP(A59,O:P,2), IF(COUNTIF($W$2:W1044,A59)=0,$B$9,"")) | C59: =IF(ISERROR(B59-2),"",(B59-$B$14)*$G$3*$I$3) | E59: =IF(COUNTIF($W$2:W1044,A59)=1,VLOOKUP(A59,Q:R,2), IF(COUNTIF($W$2:W1044,A59)=0,$C$9,"")) | F59: =IF(ISERROR(B59-2),"",(E59-$E$14)/100*$C$5) | G59: =IF(ISERROR(B59-2),"",(INT(A59)-INT($A$14))/360*$C$6*$C$5-(INT(A59)-INT($A$14))/360*$C$7*$C$5*$E$14/100) | H59: =IF(COUNTIF($W$2:W1044,A59)=1,VLOOKUP(A59,S:T,2), IF(COUNTIF($W$2:W1044,A59)=0,$D$9,"")) | I59: =IF(COUNTIF($X$2:X1044,INT(A59))=1,VLOOKUP(INT(A59),X:Y,2), IF(ISERROR(H59-2),"",I58*(1-$D$8*(H59-H58)*0.0001))) | J59: =IF(ISERROR(H59-2),"",I59) | K59: =IF(ISERROR(H59-2),"",(J59/$J$14-1)*$D$5) | M59: =IF(ISERROR(B59-2),"",C59+D59-F59-G59-K59+SUM($L$14:L59)) | Q59: 46128.625 | R59: 99.677 | S59: 46128.625 | T59: 286.733 | U59: =IF(COUNTIF(Q:Q,O59)*COUNTIF(S:S,O59),O59,"") | V59: =IF(U59>$A$14,U59,"") | X59: 46125 | Y59: 263.0391 | Z59: 45860 | AA59: 240.1245 | AB59: 45860 | AC59: 279.557 | AD59: =IF(COUNTIF(AB:AB,Z59),Z59,"") -> 45860
A60: =IF(AND(ISBLANK(W49), A59 = $W$1),NOW(),IF(ISBLANK(W49),"",W49)) | B60: =IF(COUNTIF($W$2:W1045,A60)=1,VLOOKUP(A60,O:P,2), IF(COUNTIF($W$2:W1045,A60)=0,$B$9,"")) | C60: =IF(ISERROR(B60-2),"",(B60-$B$14)*$G$3*$I$3) | E60: =IF(COUNTIF($W$2:W1045,A60)=1,VLOOKUP(A60,Q:R,2), IF(COUNTIF($W$2:W1045,A60)=0,$C$9,"")) | F60: =IF(ISERROR(B60-2),"",(E60-$E$14)/100*$C$5) | G60: =IF(ISERROR(B60-2),"",(INT(A60)-INT($A$14))/360*$C$6*$C$5-(INT(A60)-INT($A$14))/360*$C$7*$C$5*$E$14/100) | H60: =IF(COUNTIF($W$2:W1045,A60)=1,VLOOKUP(A60,S:T,2), IF(COUNTIF($W$2:W1045,A60)=0,$D$9,"")) | I60: =IF(COUNTIF($X$2:X1045,INT(A60))=1,VLOOKUP(INT(A60),X:Y,2), IF(ISERROR(H60-2),"",I59*(1-$D$8*(H60-H59)*0.0001))) | J60: =IF(ISERROR(H60-2),"",I60) | K60: =IF(ISERROR(H60-2),"",(J60/$J$14-1)*$D$5) | M60: =IF(ISERROR(B60-2),"",C60+D60-F60-G60-K60+SUM($L$14:L60)) | Q60: 46129.625 | R60: 99.954 | S60: 46129.625 | T60: 275.168 | U60: =IF(COUNTIF(Q:Q,O60)*COUNTIF(S:S,O60),O60,"") | V60: =IF(U60>$A$14,U60,"") | X60: 46126 | Y60: 264.6927 | Z60: 45861 | AA60: 240.6497 | AB60: 45861 | AC60: 273.141 | AD60: =IF(COUNTIF(AB:AB,Z60),Z60,"") -> 45861
A61: =IF(AND(ISBLANK(W50), A60 = $W$1),NOW(),IF(ISBLANK(W50),"",W50)) | B61: =IF(COUNTIF($W$2:W1046,A61)=1,VLOOKUP(A61,O:P,2), IF(COUNTIF($W$2:W1046,A61)=0,$B$9,"")) | C61: =IF(ISERROR(B61-2),"",(B61-$B$14)*$G$3*$I$3) | E61: =IF(COUNTIF($W$2:W1046,A61)=1,VLOOKUP(A61,Q:R,2), IF(COUNTIF($W$2:W1046,A61)=0,$C$9,"")) | F61: =IF(ISERROR(B61-2),"",(E61-$E$14)/100*$C$5) | G61: =IF(ISERROR(B61-2),"",(INT(A61)-INT($A$14))/360*$C$6*$C$5-(INT(A61)-INT($A$14))/360*$C$7*$C$5*$E$14/100) | H61: =IF(COUNTIF($W$2:W1046,A61)=1,VLOOKUP(A61,S:T,2), IF(COUNTIF($W$2:W1046,A61)=0,$D$9,"")) | I61: =IF(COUNTIF($X$2:X1046,INT(A61))=1,VLOOKUP(INT(A61),X:Y,2), IF(ISERROR(H61-2),"",I60*(1-$D$8*(H61-H60)*0.0001))) | J61: =IF(ISERROR(H61-2),"",I61) | K61: =IF(ISERROR(H61-2),"",(J61/$J$14-1)*$D$5) | M61: =IF(ISERROR(B61-2),"",C61+D61-F61-G61-K61+SUM($L$14:L61)) | Q61: 46132.625 | R61: 99.831 | S61: 46132.625 | T61: 280.364 | U61: =IF(COUNTIF(Q:Q,O61)*COUNTIF(S:S,O61),O61,"") | V61: =IF(U61>$A$14,U61,"") | X61: 46127 | Y61: 264.629 | Z61: 45862 | AA61: 241.2562 | AB61: 45862 | AC61: 270.698 | AD61: =IF(COUNTIF(AB:AB,Z61),Z61,"") -> 45862
A62: =IF(AND(ISBLANK(W51), A61 = $W$1),NOW(),IF(ISBLANK(W51),"",W51)) | B62: =IF(COUNTIF($W$2:W1047,A62)=1,VLOOKUP(A62,O:P,2), IF(COUNTIF($W$2:W1047,A62)=0,$B$9,"")) | C62: =IF(ISERROR(B62-2),"",(B62-$B$14)*$G$3*$I$3) | E62: =IF(COUNTIF($W$2:W1047,A62)=1,VLOOKUP(A62,Q:R,2), IF(COUNTIF($W$2:W1047,A62)=0,$C$9,"")) | F62: =IF(ISERROR(B62-2),"",(E62-$E$14)/100*$C$5) | G62: =IF(ISERROR(B62-2),"",(INT(A62)-INT($A$14))/360*$C$6*$C$5-(INT(A62)-INT($A$14))/360*$C$7*$C$5*$E$14/100) | H62: =IF(COUNTIF($W$2:W1047,A62)=1,VLOOKUP(A62,S:T,2), IF(COUNTIF($W$2:W1047,A62)=0,$D$9,"")) | I62: =IF(COUNTIF($X$2:X1047,INT(A62))=1,VLOOKUP(INT(A62),X:Y,2), IF(ISERROR(H62-2),"",I61*(1-$D$8*(H62-H61)*0.0001))) | J62: =IF(ISERROR(H62-2),"",I62) | K62: =IF(ISERROR(H62-2),"",(J62/$J$14-1)*$D$5) | M62: =IF(ISERROR(B62-2),"",C62+D62-F62-G62-K62+SUM($L$14:L62)) | Q62: 46133.625 | R62: 99.708 | S62: 46133.625 | T62: 285.448 | U62: =IF(COUNTIF(Q:Q,O62)*COUNTIF(S:S,O62),O62,"") | V62: =IF(U62>$A$14,U62,"") | X62: 46128 | Y62: 264.2442 | Z62: 45863 | AA62: 241.3281 | AB62: 45863 | AC62: 269.244 | AD62: =IF(COUNTIF(AB:AB,Z62),Z62,"") -> 45863
A63: =IF(AND(ISBLANK(W52), A62 = $W$1),NOW(),IF(ISBLANK(W52),"",W52)) | B63: =IF(COUNTIF($W$2:W1048,A63)=1,VLOOKUP(A63,O:P,2), IF(COUNTIF($W$2:W1048,A63)=0,$B$9,"")) | C63: =IF(ISERROR(B63-2),"",(B63-$B$14)*$G$3*$I$3) | E63: =IF(COUNTIF($W$2:W1048,A63)=1,VLOOKUP(A63,Q:R,2), IF(COUNTIF($W$2:W1048,A63)=0,$C$9,"")) | F63: =IF(ISERROR(B63-2),"",(E63-$E$14)/100*$C$5) | G63: =IF(ISERROR(B63-2),"",(INT(A63)-INT($A$14))/360*$C$6*$C$5-(INT(A63)-INT($A$14))/360*$C$7*$C$5*$E$14/100) | H63: =IF(COUNTIF($W$2:W1048,A63)=1,VLOOKUP(A63,S:T,2), IF(COUNTIF($W$2:W1048,A63)=0,$D$9,"")) | I63: =IF(COUNTIF($X$2:X1048,INT(A63))=1,VLOOKUP(INT(A63),X:Y,2), IF(ISERROR(H63-2),"",I62*(1-$D$8*(H63-H62)*0.0001))) | J63: =IF(ISERROR(H63-2),"",I63) | K63: =IF(ISERROR(H63-2),"",(J63/$J$14-1)*$D$5) | M63: =IF(ISERROR(B63-2),"",C63+D63-F63-G63-K63+SUM($L$14:L63)) | Q63: 46134.625 | R63: 99.655 | S63: 46134.625 | T63: 285.535 | U63: =IF(COUNTIF(Q:Q,O63)*COUNTIF(S:S,O63),O63,"") | V63: =IF(U63>$A$14,U63,"") | X63: 46129 | Y63: 265.6018 | Z63: 45866 | AA63: 241.5315 | AB63: 45866 | AC63: 267.811 | AD63: =IF(COUNTIF(AB:AB,Z63),Z63,"") -> 45866
A64: =IF(AND(ISBLANK(W53), A63 = $W$1),NOW(),IF(ISBLANK(W53),"",W53)) | B64: =IF(COUNTIF($W$2:W1049,A64)=1,VLOOKUP(A64,O:P,2), IF(COUNTIF($W$2:W1049,A64)=0,$B$9,"")) | C64: =IF(ISERROR(B64-2),"",(B64-$B$14)*$G$3*$I$3) | E64: =IF(COUNTIF($W$2:W1049,A64)=1,VLOOKUP(A64,Q:R,2), IF(COUNTIF($W$2:W1049,A64)=0,$C$9,"")) | F64: =IF(ISERROR(B64-2),"",(E64-$E$14)/100*$C$5) | G64: =IF(ISERROR(B64-2),"",(INT(A64)-INT($A$14))/360*$C$6*$C$5-(INT(A64)-INT($A$14))/360*$C$7*$C$5*$E$14/100) | H64: =IF(COUNTIF($W$2:W1049,A64)=1,VLOOKUP(A64,S:T,2), IF(COUNTIF($W$2:W1049,A64)=0,$D$9,"")) | I64: =IF(COUNTIF($X$2:X1049,INT(A64))=1,VLOOKUP(INT(A64),X:Y,2), IF(ISERROR(H64-2),"",I63*(1-$D$8*(H64-H63)*0.0001))) | J64: =IF(ISERROR(H64-2),"",I64) | K64: =IF(ISERROR(H64-2),"",(J64/$J$14-1)*$D$5) | M64: =IF(ISERROR(B64-2),"",C64+D64-F64-G64-K64+SUM($L$14:L64)) | Q64: 46135.625 | R64: 99.627 | S64: 46135.625 | T64: 284.408 | U64: =IF(COUNTIF(Q:Q,O64)*COUNTIF(S:S,O64),O64,"") | V64: =IF(U64>$A$14,U64,"") | X64: 46132 | Y64: 265.2414 | Z64: 45867 | AA64: 241.9485 | AB64: 45867 | AC64: 264.292 | AD64: =IF(COUNTIF(AB:AB,Z64),Z64,"") -> 45867
A65: =IF(AND(ISBLANK(W54), A64 = $W$1),NOW(),IF(ISBLANK(W54),"",W54)) | B65: =IF(COUNTIF($W$2:W1050,A65)=1,VLOOKUP(A65,O:P,2), IF(COUNTIF($W$2:W1050,A65)=0,$B$9,"")) | C65: =IF(ISERROR(B65-2),"",(B65-$B$14)*$G$3*$I$3) | E65: =IF(COUNTIF($W$2:W1050,A65)=1,VLOOKUP(A65,Q:R,2), IF(COUNTIF($W$2:W1050,A65)=0,$C$9,"")) | F65: =IF(ISERROR(B65-2),"",(E65-$E$14)/100*$C$5) | G65: =IF(ISERROR(B65-2),"",(INT(A65)-INT($A$14))/360*$C$6*$C$5-(INT(A65)-INT($A$14))/360*$C$7*$C$5*$E$14/100) | H65: =IF(COUNTIF($W$2:W1050,A65)=1,VLOOKUP(A65,S:T,2), IF(COUNTIF($W$2:W1050,A65)=0,$D$9,"")) | I65: =IF(COUNTIF($X$2:X1050,INT(A65))=1,VLOOKUP(INT(A65),X:Y,2), IF(ISERROR(H65-2),"",I64*(1-$D$8*(H65-H64)*0.0001))) | J65: =IF(ISERROR(H65-2),"",I65) | K65: =IF(ISERROR(H65-2),"",(J65/$J$14-1)*$D$5) | M65: =IF(ISERROR(B65-2),"",C65+D65-F65-G65-K65+SUM($L$14:L65)) | Q65: 46136.625 | R65: 99.637 | S65: 46136.625 | T65: 288.863 | U65: =IF(COUNTIF(Q:Q,O65)*COUNTIF(S:S,O65),O65,"") | V65: =IF(U65>$A$14,U65,"") | X65: 46133 | Y65: 264.6036 | Z65: 45868 | AA65: 241.7086 | AB65: 45868 | AC65: 266.432 | AD65: =IF(COUNTIF(AB:AB,Z65),Z65,"") -> 45868
A66: =IF(AND(ISBLANK(W55), A65 = $W$1),NOW(),IF(ISBLANK(W55),"",W55)) | B66: =IF(COUNTIF($W$2:W1051,A66)=1,VLOOKUP(A66,O:P,2), IF(COUNTIF($W$2:W1051,A66)=0,$B$9,"")) | C66: =IF(ISERROR(B66-2),"",(B66-$B$14)*$G$3*$I$3) | E66: =IF(COUNTIF($W$2:W1051,A66)=1,VLOOKUP(A66,Q:R,2), IF(COUNTIF($W$2:W1051,A66)=0,$C$9,"")) | F66: =IF(ISERROR(B66-2),"",(E66-$E$14)/100*$C$5) | G66: =IF(ISERROR(B66-2),"",(INT(A66)-INT($A$14))/360*$C$6*$C$5-(INT(A66)-INT($A$14))/360*$C$7*$C$5*$E$14/100) | H66: =IF(COUNTIF($W$2:W1051,A66)=1,VLOOKUP(A66,S:T,2), IF(COUNTIF($W$2:W1051,A66)=0,$D$9,"")) | I66: =IF(COUNTIF($X$2:X1051,INT(A66))=1,VLOOKUP(INT(A66),X:Y,2), IF(ISERROR(H66-2),"",I65*(1-$D$8*(H66-H65)*0.0001))) | J66: =IF(ISERROR(H66-2),"",I66) | K66: =IF(ISERROR(H66-2),"",(J66/$J$14-1)*$D$5) | M66: =IF(ISERROR(B66-2),"",C66+D66-F66-G66-K66+SUM($L$14:L66)) | Q66: 46139.625 | R66: 99.608 | S66: 46139.625 | T66: 289.209 | U66: =IF(COUNTIF(Q:Q,O66)*COUNTIF(S:S,O66),O66,"") | V66: =IF(U66>$A$14,U66,"") | X66: 46134 | Y66: 264.5534 | Z66: 45869 | AA66: 241.5101 | AB66: 45869 | AC66: 268.469 | AD66: =IF(COUNTIF(AB:AB,Z66),Z66,"") -> 45869
A67: =IF(AND(ISBLANK(W56), A66 = $W$1),NOW(),IF(ISBLANK(W56),"",W56)) | B67: =IF(COUNTIF($W$2:W1052,A67)=1,VLOOKUP(A67,O:P,2), IF(COUNTIF($W$2:W1052,A67)=0,$B$9,"")) | C67: =IF(ISERROR(B67-2),"",(B67-$B$14)*$G$3*$I$3) | E67: =IF(COUNTIF($W$2:W1052,A67)=1,VLOOKUP(A67,Q:R,2), IF(COUNTIF($W$2:W1052,A67)=0,$C$9,"")) | F67: =IF(ISERROR(B67-2),"",(E67-$E$14)/100*$C$5) | G67: =IF(ISERROR(B67-2),"",(INT(A67)-INT($A$14))/360*$C$6*$C$5-(INT(A67)-INT($A$14))/360*$C$7*$C$5*$E$14/100) | H67: =IF(COUNTIF($W$2:W1052,A67)=1,VLOOKUP(A67,S:T,2), IF(COUNTIF($W$2:W1052,A67)=0,$D$9,"")) | I67: =IF(COUNTIF($X$2:X1052,INT(A67))=1,VLOOKUP(INT(A67),X:Y,2), IF(ISERROR(H67-2),"",I66*(1-$D$8*(H67-H66)*0.0001))) | J67: =IF(ISERROR(H67-2),"",I67) | K67: =IF(ISERROR(H67-2),"",(J67/$J$14-1)*$D$5) | M67: =IF(ISERROR(B67-2),"",C67+D67-F67-G67-K67+SUM($L$14:L67)) | Q67: 46140.625 | R67: 99.456 | S67: 46140.625 | T67: 291.657 | U67: =IF(COUNTIF(Q:Q,O67)*COUNTIF(S:S,O67),O67,"") | V67: =IF(U67>$A$14,U67,"") | X67: 46135 | Y67: 264.3816 | Z67: 45870 | AA67: 240.1619 | AB67: 45870 | AC67: 279.928 | AD67: =IF(COUNTIF(AB:AB,Z67),Z67,"") -> 45870
... A107: =IF(AND(ISBLANK(W96), A106 = $W$1),NOW(),IF(ISBLANK(W96),"",W96)) | B107: =IF(COUNTIF($W$2:W1092,A107)=1,VLOOKUP(A107,O:P,2), IF(COUNTIF($W$2:W1092,A107)=0,$B$9,"")) | C107: =IF(ISERROR(B107-2),"",(B107-$B$14)*$G$3*$I$3) | E107: =IF(COUNTIF($W$2:W1092,A107)=1,VLOOKUP(A107,Q:R,2), IF(COUNTIF($W$2:W1092,A107)=0,$C$9,"")) | F107: =IF(ISERROR(B107-2),"",(E107-$E$14)/100*$C$5) | G107: =IF(ISERROR(B107-2),"",(INT(A107)-INT($A$14))/360*$C$6*$C$5-(INT(A107)-INT($A$14))/360*$C$7*$C$5*$E$14/100) | H107: =IF(COUNTIF($W$2:W1092,A107)=1,VLOOKUP(A107,S:T,2), IF(COUNTIF($W$2:W1092,A107)=0,$D$9,"")) | I107: =IF(COUNTIF($X$2:X1092,INT(A107))=1,VLOOKUP(INT(A107),X:Y,2), IF(ISERROR(H107-2),"",I106*(1-$D$8*(H107-H106)*0.0001))) | J107: =IF(ISERROR(H107-2),"",I107) | K107: =IF(ISERROR(H107-2),"",(J107/$J$14-1)*$D$5) | M107: =IF(ISERROR(B107-2),"",C107+D107-F107-G107-K107+SUM($L$14:L107)) | Q107: 46197.625 | R107: 99.725 | S107: 46198.625 | T107: 246.717 | U107: =IF(COUNTIF(Q:Q,O107)*COUNTIF(S:S,O107),O107,"") | V107: =IF(U107>$A$14,U107,"") | X107: 46195 | Y107: 270.8584 | Z107: 45929 | AA107: 244.4105 | AB107: 45929 | AC107: 262.722 | AD107: =IF(COUNTIF(AB:AB,Z107),Z107,"") -> 45929
A108: =IF(AND(ISBLANK(W97), A107 = $W$1),NOW(),IF(ISBLANK(W97),"",W97)) | B108: =IF(COUNTIF($W$2:W1093,A108)=1,VLOOKUP(A108,O:P,2), IF(COUNTIF($W$2:W1093,A108)=0,$B$9,"")) | C108: =IF(ISERROR(B108-2),"",(B108-$B$14)*$G$3*$I$3) | E108: =IF(COUNTIF($W$2:W1093,A108)=1,VLOOKUP(A108,Q:R,2), IF(COUNTIF($W$2:W1093,A108)=0,$C$9,"")) | F108: =IF(ISERROR(B108-2),"",(E108-$E$14)/100*$C$5) | G108: =IF(ISERROR(B108-2),"",(INT(A108)-INT($A$14))/360*$C$6*$C$5-(INT(A108)-INT($A$14))/360*$C$7*$C$5*$E$14/100) | H108: =IF(COUNTIF($W$2:W1093,A108)=1,VLOOKUP(A108,S:T,2), IF(COUNTIF($W$2:W1093,A108)=0,$D$9,"")) | I108: =IF(COUNTIF($X$2:X1093,INT(A108))=1,VLOOKUP(INT(A108),X:Y,2), IF(ISERROR(H108-2),"",I107*(1-$D$8*(H108-H107)*0.0001))) | J108: =IF(ISERROR(H108-2),"",I108) | K108: =IF(ISERROR(H108-2),"",(J108/$J$14-1)*$D$5) | M108: =IF(ISERROR(B108-2),"",C108+D108-F108-G108-K108+SUM($L$14:L108)) | Q108: 46198.625 | R108: 99.749 | U108: =IF(COUNTIF(Q:Q,O108)*COUNTIF(S:S,O108),O108,"") | V108: =IF(U108>$A$14,U108,"") | X108: 46196 | Y108: 270.7033 | Z108: 45930 | AA108: 244.4126 | AB108: 45930 | AC108: 262.266 | AD108: =IF(COUNTIF(AB:AB,Z108),Z108,"") -> 45930
A109: =IF(AND(ISBLANK(W98), A108 = $W$1),NOW(),IF(ISBLANK(W98),"",W98)) | B109: =IF(COUNTIF($W$2:W1094,A109)=1,VLOOKUP(A109,O:P,2), IF(COUNTIF($W$2:W1094,A109)=0,$B$9,"")) | C109: =IF(ISERROR(B109-2),"",(B109-$B$14)*$G$3*$I$3) | E109: =IF(COUNTIF($W$2:W1094,A109)=1,VLOOKUP(A109,Q:R,2), IF(COUNTIF($W$2:W1094,A109)=0,$C$9,"")) | F109: =IF(ISERROR(B109-2),"",(E109-$E$14)/100*$C$5) | G109: =IF(ISERROR(B109-2),"",(INT(A109)-INT($A$14))/360*$C$6*$C$5-(INT(A109)-INT($A$14))/360*$C$7*$C$5*$E$14/100) | H109: =IF(COUNTIF($W$2:W1094,A109)=1,VLOOKUP(A109,S:T,2), IF(COUNTIF($W$2:W1094,A109)=0,$D$9,"")) | I109: =IF(COUNTIF($X$2:X1094,INT(A109))=1,VLOOKUP(INT(A109),X:Y,2), IF(ISERROR(H109-2),"",I108*(1-$D$8*(H109-H108)*0.0001))) | J109: =IF(ISERROR(H109-2),"",I109) | K109: =IF(ISERROR(H109-2),"",(J109/$J$14-1)*$D$5) | M109: =IF(ISERROR(B109-2),"",C109+D109-F109-G109-K109+SUM($L$14:L109)) | U109: =IF(COUNTIF(Q:Q,O109)*COUNTIF(S:S,O109),O109,"") | V109: =IF(U109>$A$14,U109,"") | X109: 46197 | Y109: 270.8029 | Z109: 45931 | AA109: 244.6811 | AB109: 45931 | AC109: 260.63 | AD109: =IF(COUNTIF(AB:AB,Z109),Z109,"") -> 45931
A110: =IF(AND(ISBLANK(W99), A109 = $W$1),NOW(),IF(ISBLANK(W99),"",W99)) | B110: =IF(COUNTIF($W$2:W1095,A110)=1,VLOOKUP(A110,O:P,2), IF(COUNTIF($W$2:W1095,A110)=0,$B$9,"")) | C110: =IF(ISERROR(B110-2),"",(B110-$B$14)*$G$3*$I$3) | E110: =IF(COUNTIF($W$2:W1095,A110)=1,VLOOKUP(A110,Q:R,2), IF(COUNTIF($W$2:W1095,A110)=0,$C$9,"")) | F110: =IF(ISERROR(B110-2),"",(E110-$E$14)/100*$C$5) | G110: =IF(ISERROR(B110-2),"",(INT(A110)-INT($A$14))/360*$C$6*$C$5-(INT(A110)-INT($A$14))/360*$C$7*$C$5*$E$14/100) | H110: =IF(COUNTIF($W$2:W1095,A110)=1,VLOOKUP(A110,S:T,2), IF(COUNTIF($W$2:W1095,A110)=0,$D$9,"")) | I110: =IF(COUNTIF($X$2:X1095,INT(A110))=1,VLOOKUP(INT(A110),X:Y,2), IF(ISERROR(H110-2),"",I109*(1-$D$8*(H110-H109)*0.0001))) | J110: =IF(ISERROR(H110-2),"",I110) | K110: =IF(ISERROR(H110-2),"",(J110/$J$14-1)*$D$5) | M110: =IF(ISERROR(B110-2),"",C110+D110-F110-G110-K110+SUM($L$14:L110)) | U110: =IF(COUNTIF(Q:Q,O110)*COUNTIF(S:S,O110),O110,"") | V110: =IF(U110>$A$14,U110,"") | X110: 46198 | Y110: 270.9793 | Z110: 45932 | AA110: 245.0173 | AB110: 45932 | AC110: 257.889 | AD110: =IF(COUNTIF(AB:AB,Z110),Z110,"") -> 45932
A111: =IF(AND(ISBLANK(W100), A110 = $W$1),NOW(),IF(ISBLANK(W100),"",W100)) | B111: =IF(COUNTIF($W$2:W1096,A111)=1,VLOOKUP(A111,O:P,2), IF(COUNTIF($W$2:W1096,A111)=0,$B$9,"")) | C111: =IF(ISERROR(B111-2),"",(B111-$B$14)*$G$3*$I$3) | E111: =IF(COUNTIF($W$2:W1096,A111)=1,VLOOKUP(A111,Q:R,2), IF(COUNTIF($W$2:W1096,A111)=0,$C$9,"")) | F111: =IF(ISERROR(B111-2),"",(E111-$E$14)/100*$C$5) | G111: =IF(ISERROR(B111-2),"",(INT(A111)-INT($A$14))/360*$C$6*$C$5-(INT(A111)-INT($A$14))/360*$C$7*$C$5*$E$14/100) | H111: =IF(COUNTIF($W$2:W1096,A111)=1,VLOOKUP(A111,S:T,2), IF(COUNTIF($W$2:W1096,A111)=0,$D$9,"")) | I111: =IF(COUNTIF($X$2:X1096,INT(A111))=1,VLOOKUP(INT(A111),X:Y,2), IF(ISERROR(H111-2),"",I110*(1-$D$8*(H111-H110)*0.0001))) | J111: =IF(ISERROR(H111-2),"",I111) | K111: =IF(ISERROR(H111-2),"",(J111/$J$14-1)*$D$5) | M111: =IF(ISERROR(B111-2),"",C111+D111-F111-G111-K111+SUM($L$14:L111)) | U111: =IF(COUNTIF(Q:Q,O111)*COUNTIF(S:S,O111),O111,"") | V111: =IF(U111>$A$14,U111,"") | Z111: 45933 | AA111: 244.9651 | AB111: 45933 | AC111: 258.346 | AD111: =IF(COUNTIF(AB:AB,Z111),Z111,"") -> 45933
A112: =IF(AND(ISBLANK(W101), A111 = $W$1),NOW(),IF(ISBLANK(W101),"",W101)) | B112: =IF(COUNTIF($W$2:W1097,A112)=1,VLOOKUP(A112,O:P,2), IF(COUNTIF($W$2:W1097,A112)=0,$B$9,"")) | C112: =IF(ISERROR(B112-2),"",(B112-$B$14)*$G$3*$I$3) | E112: =IF(COUNTIF($W$2:W1097,A112)=1,VLOOKUP(A112,Q:R,2), IF(COUNTIF($W$2:W1097,A112)=0,$C$9,"")) | F112: =IF(ISERROR(B112-2),"",(E112-$E$14)/100*$C$5) | G112: =IF(ISERROR(B112-2),"",(INT(A112)-INT($A$14))/360*$C$6*$C$5-(INT(A112)-INT($A$14))/360*$C$7*$C$5*$E$14/100) | H112: =IF(COUNTIF($W$2:W1097,A112)=1,VLOOKUP(A112,S:T,2), IF(COUNTIF($W$2:W1097,A112)=0,$D$9,"")) | I112: =IF(COUNTIF($X$2:X1097,INT(A112))=1,VLOOKUP(INT(A112),X:Y,2), IF(ISERROR(H112-2),"",I111*(1-$D$8*(H112-H111)*0.0001))) | J112: =IF(ISERROR(H112-2),"",I112) | K112: =IF(ISERROR(H112-2),"",(J112/$J$14-1)*$D$5) | M112: =IF(ISERROR(B112-2),"",C112+D112-F112-G112-K112+SUM($L$14:L112)) | U112: =IF(COUNTIF(Q:Q,O112)*COUNTIF(S:S,O112),O112,"") | V112: =IF(U112>$A$14,U112,"") | Z112: 45936 | AA112: 244.7215 | AB112: 45936 | AC112: 261.209 | AD112: =IF(COUNTIF(AB:AB,Z112),Z112,"") -> 45936
A113: =IF(AND(ISBLANK(W102), A112 = $W$1),NOW(),IF(ISBLANK(W102),"",W102)) | B113: =IF(COUNTIF($W$2:W1098,A113)=1,VLOOKUP(A113,O:P,2), IF(COUNTIF($W$2:W1098,A113)=0,$B$9,"")) | C113: =IF(ISERROR(B113-2),"",(B113-$B$14)*$G$3*$I$3) | E113: =IF(COUNTIF($W$2:W1098,A113)=1,VLOOKUP(A113,Q:R,2), IF(COUNTIF($W$2:W1098,A113)=0,$C$9,"")) | F113: =IF(ISERROR(B113-2),"",(E113-$E$14)/100*$C$5) | G113: =IF(ISERROR(B113-2),"",(INT(A113)-INT($A$14))/360*$C$6*$C$5-(INT(A113)-INT($A$14))/360*$C$7*$C$5*$E$14/100) | H113: =IF(COUNTIF($W$2:W1098,A113)=1,VLOOKUP(A113,S:T,2), IF(COUNTIF($W$2:W1098,A113)=0,$D$9,"")) | I113: =IF(COUNTIF($X$2:X1098,INT(A113))=1,VLOOKUP(INT(A113),X:Y,2), IF(ISERROR(H113-2),"",I112*(1-$D$8*(H113-H112)*0.0001))) | J113: =IF(ISERROR(H113-2),"",I113) | K113: =IF(ISERROR(H113-2),"",(J113/$J$14-1)*$D$5) | M113: =IF(ISERROR(B113-2),"",C113+D113-F113-G113-K113+SUM($L$14:L113)) | U113: =IF(COUNTIF(Q:Q,O113)*COUNTIF(S:S,O113),O113,"") | V113: =IF(U113>$A$14,U113,"") | Z113: 45937 | AA113: 244.3331 | AB113: 45937 | AC113: 265.352 | AD113: =IF(COUNTIF(AB:AB,Z113),Z113,"") -> 45937
A114: =IF(AND(ISBLANK(W103), A113 = $W$1),NOW(),IF(ISBLANK(W103),"",W103)) | B114: =IF(COUNTIF($W$2:W1099,A114)=1,VLOOKUP(A114,O:P,2), IF(COUNTIF($W$2:W1099,A114)=0,$B$9,"")) | C114: =IF(ISERROR(B114-2),"",(B114-$B$14)*$G$3*$I$3) | E114: =IF(COUNTIF($W$2:W1099,A114)=1,VLOOKUP(A114,Q:R,2), IF(COUNTIF($W$2:W1099,A114)=0,$C$9,"")) | F114: =IF(ISERROR(B114-2),"",(E114-$E$14)/100*$C$5) | G114: =IF(ISERROR(B114-2),"",(INT(A114)-INT($A$14))/360*$C$6*$C$5-(INT(A114)-INT($A$14))/360*$C$7*$C$5*$E$14/100) | H114: =IF(COUNTIF($W$2:W1099,A114)=1,VLOOKUP(A114,S:T,2), IF(COUNTIF($W$2:W1099,A114)=0,$D$9,"")) | I114: =IF(COUNTIF($X$2:X1099,INT(A114))=1,VLOOKUP(INT(A114),X:Y,2), IF(ISERROR(H114-2),"",I113*(1-$D$8*(H114-H113)*0.0001))) | J114: =IF(ISERROR(H114-2),"",I114) | K114: =IF(ISERROR(H114-2),"",(J114/$J$14-1)*$D$5) | M114: =IF(ISERROR(B114-2),"",C114+D114-F114-G114-K114+SUM($L$14:L114)) | U114: =IF(COUNTIF(Q:Q,O114)*COUNTIF(S:S,O114),O114,"") | V114: =IF(U114>$A$14,U114,"") | Z114: 45938 | AA114: 244.2356 | AB114: 45938 | AC114: 265.353 | AD114: =IF(COUNTIF(AB:AB,Z114),Z114,"") -> 45938
A115: =IF(AND(ISBLANK(W104), A114 = $W$1),NOW(),IF(ISBLANK(W104),"",W104)) | B115: =IF(COUNTIF($W$2:W1100,A115)=1,VLOOKUP(A115,O:P,2), IF(COUNTIF($W$2:W1100,A115)=0,$B$9,"")) | C115: =IF(ISERROR(B115-2),"",(B115-$B$14)*$G$3*$I$3) | E115: =IF(COUNTIF($W$2:W1100,A115)=1,VLOOKUP(A115,Q:R,2), IF(COUNTIF($W$2:W1100,A115)=0,$C$9,"")) | F115: =IF(ISERROR(B115-2),"",(E115-$E$14)/100*$C$5) | G115: =IF(ISERROR(B115-2),"",(INT(A115)-INT($A$14))/360*$C$6*$C$5-(INT(A115)-INT($A$14))/360*$C$7*$C$5*$E$14/100) | H115: =IF(COUNTIF($W$2:W1100,A115)=1,VLOOKUP(A115,S:T,2), IF(COUNTIF($W$2:W1100,A115)=0,$D$9,"")) | I115: =IF(COUNTIF($X$2:X1100,INT(A115))=1,VLOOKUP(INT(A115),X:Y,2), IF(ISERROR(H115-2),"",I114*(1-$D$8*(H115-H114)*0.0001))) | J115: =IF(ISERROR(H115-2),"",I115) | K115: =IF(ISERROR(H115-2),"",(J115/$J$14-1)*$D$5) | M115: =IF(ISERROR(B115-2),"",C115+D115-F115-G115-K115+SUM($L$14:L115)) | U115: =IF(COUNTIF(Q:Q,O115)*COUNTIF(S:S,O115),O115,"") | V115: =IF(U115>$A$14,U115,"") | Z115: 45939 | AA115: 243.4687 | AB115: 45939 | AC115: 271.958 | AD115: =IF(COUNTIF(AB:AB,Z115),Z115,"") -> 45939
A116: =IF(AND(ISBLANK(W105), A115 = $W$1),NOW(),IF(ISBLANK(W105),"",W105)) | B116: =IF(COUNTIF($W$2:W1101,A116)=1,VLOOKUP(A116,O:P,2), IF(COUNTIF($W$2:W1101,A116)=0,$B$9,"")) | C116: =IF(ISERROR(B116-2),"",(B116-$B$14)*$G$3*$I$3) | E116: =IF(COUNTIF($W$2:W1101,A116)=1,VLOOKUP(A116,Q:R,2), IF(COUNTIF($W$2:W1101,A116)=0,$C$9,"")) | F116: =IF(ISERROR(B116-2),"",(E116-$E$14)/100*$C$5) | G116: =IF(ISERROR(B116-2),"",(INT(A116)-INT($A$14))/360*$C$6*$C$5-(INT(A116)-INT($A$14))/360*$C$7*$C$5*$E$14/100) | H116: =IF(COUNTIF($W$2:W1101,A116)=1,VLOOKUP(A116,S:T,2), IF(COUNTIF($W$2:W1101,A116)=0,$D$9,"")) | I116: =IF(COUNTIF($X$2:X1101,INT(A116))=1,VLOOKUP(INT(A116),X:Y,2), IF(ISERROR(H116-2),"",I115*(1-$D$8*(H116-H115)*0.0001))) | J116: =IF(ISERROR(H116-2),"",I116) | K116: =IF(ISERROR(H116-2),"",(J116/$J$14-1)*$D$5) | M116: =IF(ISERROR(B116-2),"",C116+D116-F116-G116-K116+SUM($L$14:L116)) | U116: =IF(COUNTIF(Q:Q,O116)*COUNTIF(S:S,O116),O116,"") | V116: =IF(U116>$A$14,U116,"") | Z116: 45940 | AA116: 242.1329 | AB116: 45940 | AC116: 283.275 | AD116: =IF(COUNTIF(AB:AB,Z116),Z116,"") -> 45940
A117: =IF(AND(ISBLANK(W106), A116 = $W$1),NOW(),IF(ISBLANK(W106),"",W106)) | B117: =IF(COUNTIF($W$2:W1102,A117)=1,VLOOKUP(A117,O:P,2), IF(COUNTIF($W$2:W1102,A117)=0,$B$9,"")) | C117: =IF(ISERROR(B117-2),"",(B117-$B$14)*$G$3*$I$3) | E117: =IF(COUNTIF($W$2:W1102,A117)=1,VLOOKUP(A117,Q:R,2), IF(COUNTIF($W$2:W1102,A117)=0,$C$9,"")) | F117: =IF(ISERROR(B117-2),"",(E117-$E$14)/100*$C$5) | G117: =IF(ISERROR(B117-2),"",(INT(A117)-INT($A$14))/360*$C$6*$C$5-(INT(A117)-INT($A$14))/360*$C$7*$C$5*$E$14/100) | H117: =IF(COUNTIF($W$2:W1102,A117)=1,VLOOKUP(A117,S:T,2), IF(COUNTIF($W$2:W1102,A117)=0,$D$9,"")) | I117: =IF(COUNTIF($X$2:X1102,INT(A117))=1,VLOOKUP(INT(A117),X:Y,2), IF(ISERROR(H117-2),"",I116*(1-$D$8*(H117-H116)*0.0001))) | J117: =IF(ISERROR(H117-2),"",I117) | K117: =IF(ISERROR(H117-2),"",(J117/$J$14-1)*$D$5) | M117: =IF(ISERROR(B117-2),"",C117+D117-F117-G117-K117+SUM($L$14:L117)) | U117: =IF(COUNTIF(Q:Q,O117)*COUNTIF(S:S,O117),O117,"") | V117: =IF(U117>$A$14,U117,"") | Z117: 45943 | AA117: 242.5072 | AB117: 45943 | AC117: 280.701 | AD117: =IF(COUNTIF(AB:AB,Z117),Z117,"") -> 45943
A118: =IF(AND(ISBLANK(W107), A117 = $W$1),NOW(),IF(ISBLANK(W107),"",W107)) | B118: =IF(COUNTIF($W$2:W1103,A118)=1,VLOOKUP(A118,O:P,2), IF(COUNTIF($W$2:W1103,A118)=0,$B$9,"")) | C118: =IF(ISERROR(B118-2),"",(B118-$B$14)*$G$3*$I$3) | E118: =IF(COUNTIF($W$2:W1103,A118)=1,VLOOKUP(A118,Q:R,2), IF(COUNTIF($W$2:W1103,A118)=0,$C$9,"")) | F118: =IF(ISERROR(B118-2),"",(E118-$E$14)/100*$C$5) | G118: =IF(ISERROR(B118-2),"",(INT(A118)-INT($A$14))/360*$C$6*$C$5-(INT(A118)-INT($A$14))/360*$C$7*$C$5*$E$14/100) | H118: =IF(COUNTIF($W$2:W1103,A118)=1,VLOOKUP(A118,S:T,2), IF(COUNTIF($W$2:W1103,A118)=0,$D$9,"")) | I118: =IF(COUNTIF($X$2:X1103,INT(A118))=1,VLOOKUP(INT(A118),X:Y,2), IF(ISERROR(H118-2),"",I117*(1-$D$8*(H118-H117)*0.0001))) | J118: =IF(ISERROR(H118-2),"",I118) | K118: =IF(ISERROR(H118-2),"",(J118/$J$14-1)*$D$5) | M118: =IF(ISERROR(B118-2),"",C118+D118-F118-G118-K118+SUM($L$14:L118)) | U118: =IF(COUNTIF(Q:Q,O118)*COUNTIF(S:S,O118),O118,"") | V118: =IF(U118>$A$14,U118,"") | Z118: 45944 | AA118: 242.9716 | AB118: 45944 | AC118: 275.898 | AD118: =IF(COUNTIF(AB:AB,Z118),Z118,"") -> 45944
A119: =IF(AND(ISBLANK(W108), A118 = $W$1),NOW(),IF(ISBLANK(W108),"",W108)) | B119: =IF(COUNTIF($W$2:W1104,A119)=1,VLOOKUP(A119,O:P,2), IF(COUNTIF($W$2:W1104,A119)=0,$B$9,"")) | C119: =IF(ISERROR(B119-2),"",(B119-$B$14)*$G$3*$I$3) | E119: =IF(COUNTIF($W$2:W1104,A119)=1,VLOOKUP(A119,Q:R,2), IF(COUNTIF($W$2:W1104,A119)=0,$C$9,"")) | F119: =IF(ISERROR(B119-2),"",(E119-$E$14)/100*$C$5) | G119: =IF(ISERROR(B119-2),"",(INT(A119)-INT($A$14))/360*$C$6*$C$5-(INT(A119)-INT($A$14))/360*$C$7*$C$5*$E$14/100) | H119: =IF(COUNTIF($W$2:W1104,A119)=1,VLOOKUP(A119,S:T,2), IF(COUNTIF($W$2:W1104,A119)=0,$D$9,"")) | I119: =IF(COUNTIF($X$2:X1104,INT(A119))=1,VLOOKUP(INT(A119),X:Y,2), IF(ISERROR(H119-2),"",I118*(1-$D$8*(H119-H118)*0.0001))) | J119: =IF(ISERROR(H119-2),"",I119) | K119: =IF(ISERROR(H119-2),"",(J119/$J$14-1)*$D$5) | M119: =IF(ISERROR(B119-2),"",C119+D119-F119-G119-K119+SUM($L$14:L119)) | U119: =IF(COUNTIF(Q:Q,O119)*COUNTIF(S:S,O119),O119,"") | V119: =IF(U119>$A$14,U119,"") | Z119: 45945 | AA119: 244.0896 | AB119: 45945 | AC119: 269.797 | AD119: =IF(COUNTIF(AB:AB,Z119),Z119,"") -> 45945
A120: =IF(AND(ISBLANK(W109), A119 = $W$1),NOW(),IF(ISBLANK(W109),"",W109)) | B120: =IF(COUNTIF($W$2:W1105,A120)=1,VLOOKUP(A120,O:P,2), IF(COUNTIF($W$2:W1105,A120)=0,$B$9,"")) | C120: =IF(ISERROR(B120-2),"",(B120-$B$14)*$G$3*$I$3) | E120: =IF(COUNTIF($W$2:W1105,A120)=1,VLOOKUP(A120,Q:R,2), IF(COUNTIF($W$2:W1105,A120)=0,$C$9,"")) | F120: =IF(ISERROR(B120-2),"",(E120-$E$14)/100*$C$5) | G120: =IF(ISERROR(B120-2),"",(INT(A120)-INT($A$14))/360*$C$6*$C$5-(INT(A120)-INT($A$14))/360*$C$7*$C$5*$E$14/100) | H120: =IF(COUNTIF($W$2:W1105,A120)=1,VLOOKUP(A120,S:T,2), IF(COUNTIF($W$2:W1105,A120)=0,$D$9,"")) | I120: =IF(COUNTIF($X$2:X1105,INT(A120))=1,VLOOKUP(INT(A120),X:Y,2), IF(ISERROR(H120-2),"",I119*(1-$D$8*(H120-H119)*0.0001))) | J120: =IF(ISERROR(H120-2),"",I120) | K120: =IF(ISERROR(H120-2),"",(J120/$J$14-1)*$D$5) | M120: =IF(ISERROR(B120-2),"",C120+D120-F120-G120-K120+SUM($L$14:L120)) | U120: =IF(COUNTIF(Q:Q,O120)*COUNTIF(S:S,O120),O120,"") | V120: =IF(U120>$A$14,U120,"") | Z120: 45946 | AA120: 243.5917 | AB120: 45946 | AC120: 273.655 | AD120: =IF(COUNTIF(AB:AB,Z120),Z120,"") -> 45946
